record_id,source_year,source_week,source_pdf,source_page,internal_week_raw,week_verification_status,state,district_raw,district_normalized,disease_raw,disease_normalized,cases,deaths,status_raw,outbreak_starting_date_raw,outbreak_starting_date,reporting_date_raw,reporting_date,week_start_date,week_end_date,extraction_method,extraction_confidence,ocr_raw_text,validation_status,notes
MAHA-2022-W02-001,2022,2,NCDC weekly outbreaks/2022/week2.pdf,3,02,MATCH,Maharashtra,Gadchiroli,Gadchiroli,Malaria,Malaria,7,2,Under Surveillance,10-01-22,2022-01-10,14-01-22,2022-01-14,2022-01-10,2022-01-16,TEXT,HIGH,,PHASE4B_ACQUIRED,Official IDSP unique ID: MH/GAD/2022/02/004
MAHA-2022-W06-001,2022,6,NCDC weekly outbreaks/2022/week6.pdf,3,06,MATCH,Maharashtra,Gadchiroli,Gadchiroli,Malaria,Malaria,1,1,Under Surveillance,09-02-22,2022-02-09,10-02-22,2022-02-10,2022-02-07,2022-02-13,TEXT,HIGH,,PHASE4B_ACQUIRED,Official IDSP unique ID: MH/FAT/2022/06/026
MAHA-2022-W09-001,2022,9,NCDC weekly outbreaks/2022/week9.pdf,5,09,MATCH,Maharashtra,Akola,Akola,Food Poisoning,Food_Poisoning,102,0,Under Control,01-03-22,2022-03-01,02-03-22,2022-03-02,2022-02-28,2022-03-06,TEXT,HIGH,,PHASE4B_ACQUIRED,Official IDSP unique ID: MH/AKL/2022/09/052
MAHA-2022-W11-001,2022,11,NCDC weekly outbreaks/2022/week11.pdf,4,11,MATCH,Maharashtra,Akola,Akola,Chickenpox,Chickenpox,5,0,Under Surveillance,15-03-22,2022-03-15,17-03-22,2022-03-17,2022-03-14,2022-03-20,TEXT,HIGH,,PHASE4B_ACQUIRED,Official IDSP unique ID: MH/AKL/2022/11/078
MAHA-2022-W11-002,2022,11,NCDC weekly outbreaks/2022/week11.pdf,4,11,MATCH,Maharashtra,Akola,Akola,Chikungunya,Chikungunya,9,0,Under Surveillance,12-03-22,2022-03-12,17-03-22,2022-03-17,2022-03-14,2022-03-20,TEXT,HIGH,,PHASE4B_ACQUIRED,Official IDSP unique ID: MH/AKL/2022/11/079
MAHA-2022-W12-001,2022,12,NCDC weekly outbreaks/2022/week12.pdf,5,12,MATCH,Maharashtra,Raigad,Raigad,Dengue,Dengue,11,0,Under Surveillance,21-03-22,2022-03-21,25-03-22,2022-03-25,2022-03-21,2022-03-27,TEXT,HIGH,,PHASE4B_ACQUIRED,Official IDSP unique ID: MH/RGD/2022/12/096
MAHA-2022-W13-001,2022,13,NCDC weekly outbreaks/2022/week13.pdf,6,13,MATCH,Maharashtra,Akola,Akola,Chikungunya,Chikungunya,3,0,Under Surveillance,29-03-22,2022-03-29,30-03-22,2022-03-30,2022-03-28,2022-04-03,TEXT,HIGH,,PHASE4B_ACQUIRED,Official IDSP unique ID: MH/AKL/2022/13/113
MAHA-2022-W16-001,2022,16,NCDC weekly outbreaks/2022/week16.pdf,5,16,MATCH,Maharashtra,Pune,Pune,Solapur Food Poisoning,Food_Poisoning,31,0,Under Control,17-04-22,2022-04-17,19-04-22,2022-04-19,2022-04-18,2022-04-24,TEXT,HIGH,,PHASE4B_ACQUIRED,Official IDSP unique ID: MH/SHO/2022/16/154
MAHA-2022-W19-001,2022,19,NCDC weekly outbreaks/2022/week19.pdf,10,19,MATCH,Maharashtra,Dhule,Dhule,Jalgaon Dengue,Dengue,9,1,Under Control,06-05-2022,2022-05-06,11-05-2022,2022-05-11,2022-05-09,2022-05-15,TEXT,HIGH,,PHASE4B_ACQUIRED,Official IDSP unique ID: MH/JGA/2022/19/248
MAHA-2022-W19-002,2022,19,NCDC weekly outbreaks/2022/week19.pdf,10,19,MATCH,Maharashtra,Nashik,Nashik,Chikungunya,Chikungunya,6,0,Under Control,09-05-2022,2022-05-09,10-05-2022,2022-05-10,2022-05-09,2022-05-15,TEXT,HIGH,,PHASE4B_ACQUIRED,Official IDSP unique ID: MH/NAS/2022/19/249
MAHA-2022-W19-003,2022,19,NCDC weekly outbreaks/2022/week19.pdf,16,19,MATCH,Maharashtra,Sindhudurg,Sindhudurg,Kudal) Malaria (PV),Malaria,5,0,Under Surveillance,04-05-22,2022-05-04,24-04-22,2022-04-24,2022-05-09,2022-05-15,TEXT,HIGH,,PHASE4B_ACQUIRED,Official IDSP unique ID: MH/SIN/2022/19/271
MAHA-2022-W20-001,2022,20,NCDC weekly outbreaks/2022/week20.pdf,8,20,MATCH,Maharashtra,Pune,Pune,Dengue,Dengue,21,0,Under Control,16-05-22,2022-05-16,17-05-22,2022-05-17,2022-05-16,2022-05-22,TEXT,HIGH,,PHASE4B_ACQUIRED,Official IDSP unique ID: MH/PNE/2022/20/290
MAHA-2022-W20-002,2022,20,NCDC weekly outbreaks/2022/week20.pdf,11,20,MATCH,Maharashtra,Pune,Pune,Dengue,Dengue,12,0,Completed,23-04-22,2022-04-23,12-05-22,2022-05-12,2022-05-16,2022-05-22,TEXT,HIGH,,PHASE4B_ACQUIRED,Official IDSP unique ID: MH/PNE/2022/20/302
MAHA-2022-W21-001,2022,21,NCDC weekly outbreaks/2022/week21.pdf,8,21,MATCH,Maharashtra,Chandrapur,Chandrapur,Malaria,Malaria,13,1,Under Control,25-05-22,2022-05-25,25-05-22,2022-05-25,2022-05-23,2022-05-29,TEXT,HIGH,,PHASE4B_ACQUIRED,Official IDSP unique ID: MH/CND/2022/21/320
MAHA-2022-W21-002,2022,21,NCDC weekly outbreaks/2022/week21.pdf,8,21,MATCH,Maharashtra,Latur,Latur,Food Poisoning,Food_Poisoning,42,0,Under Control,25-05-22,2022-05-25,25-05-22,2022-05-25,2022-05-23,2022-05-29,TEXT,HIGH,,PHASE4B_ACQUIRED,Official IDSP unique ID: MH/LTR/2022/21/321
MAHA-2022-W21-003,2022,21,NCDC weekly outbreaks/2022/week21.pdf,8,21,MATCH,Maharashtra,Latur,Latur,Food Poisoning,Food_Poisoning,376,0,Under Control,23-05-22,2022-05-23,23-05-22,2022-05-23,2022-05-23,2022-05-29,TEXT,HIGH,,PHASE4B_ACQUIRED,Official IDSP unique ID: MH/LTR/2022/21/322
MAHA-2022-W22-001,2022,22,NCDC weekly outbreaks/2022/week22.pdf,9,22,MATCH,Maharashtra,Gadchiroli,Gadchiroli,Malaria,Malaria,196,0,Under Control,29-05-2022,2022-05-29,31-05-2022,2022-05-31,2022-05-30,2022-06-05,TEXT,HIGH,,PHASE4B_ACQUIRED,Official IDSP unique ID: MH/GAD/2022/22/371
MAHA-2022-W22-002,2022,22,NCDC weekly outbreaks/2022/week22.pdf,9,22,MATCH,Maharashtra,Gadchiroli,Gadchiroli,Malaria,Malaria,114,1,Under Control,29-05-2022,2022-05-29,30-05-2022,2022-05-30,2022-05-30,2022-06-05,TEXT,HIGH,,PHASE4B_ACQUIRED,Official IDSP unique ID: MH/GAD/2022/22/372
MAHA-2022-W22-003,2022,22,NCDC weekly outbreaks/2022/week22.pdf,9,22,MATCH,Maharashtra,Nagpur,Nagpur,Acute Diarrheal Disease,Acute_Diarrheal_Disease,41,0,Under Control,01-06-2022,2022-06-01,02-06-2022,2022-06-02,2022-05-30,2022-06-05,TEXT,HIGH,,PHASE4B_ACQUIRED,Official IDSP unique ID: MH/NAG/2022/22/373
MAHA-2022-W22-004,2022,22,NCDC weekly outbreaks/2022/week22.pdf,10,22,MATCH,Maharashtra,Pune,Pune,Acute Diarrheal Disease,Acute_Diarrheal_Disease,97,0,Under Control,20-05-2022,2022-05-20,31-05-2022,2022-05-31,2022-05-30,2022-06-05,TEXT,HIGH,,PHASE4B_ACQUIRED,Official IDSP unique ID: MH/PNE/2022/22/374
MAHA-2022-W22-005,2022,22,NCDC weekly outbreaks/2022/week22.pdf,10,22,MATCH,Maharashtra,Pune,Pune,Satara Chikungunya,Chikungunya,5,0,Under Control,31-05-2022,2022-05-31,31-05-2022,2022-05-31,2022-05-30,2022-06-05,TEXT,HIGH,,PHASE4B_ACQUIRED,Official IDSP unique ID: MH/STA/2022/22/375
MAHA-2022-W23-001,2022,23,NCDC weekly outbreaks/2022/week23.pdf,9,23,MATCH,Maharashtra,Chandrapur,Chandrapur,Malaria,Malaria,3,1,Under Control,04-06-2022,2022-06-04,06-06-2022,2022-06-06,2022-06-06,2022-06-12,TEXT,HIGH,,PHASE4B_ACQUIRED,Official IDSP unique ID: MH/CND/2022/23/422
MAHA-2022-W23-002,2022,23,NCDC weekly outbreaks/2022/week23.pdf,9,23,MATCH,Maharashtra,Latur,Latur,Acute Diarrheal Disease,Acute_Diarrheal_Disease,21,0,Under Control,07-06-2022,2022-06-07,08-06-2022,2022-06-08,2022-06-06,2022-06-12,TEXT,HIGH,,PHASE4B_ACQUIRED,Official IDSP unique ID: MH/LTR/2022/23/423
MAHA-2022-W23-003,2022,23,NCDC weekly outbreaks/2022/week23.pdf,10,23,MATCH,Maharashtra,Pune,Pune,Satara Chikungunya,Chikungunya,5,0,Under Control,03-06-2022,2022-06-03,07-06-2022,2022-06-07,2022-06-06,2022-06-12,TEXT,HIGH,,PHASE4B_ACQUIRED,Official IDSP unique ID: MH/STA/2022/23/424
MAHA-2022-W23-004,2022,23,NCDC weekly outbreaks/2022/week23.pdf,10,23,MATCH,Maharashtra,Yavatmal,Yavatmal,Food poisoning,Food_Poisoning,15,0,Under Control,06-06-22,2022-06-06,08-06-22,2022-06-08,2022-06-06,2022-06-12,TEXT,HIGH,,PHASE4B_ACQUIRED,Official IDSP unique ID: MH/YVT/2022/23/425
MAHA-2022-W23-005,2022,23,NCDC weekly outbreaks/2022/week23.pdf,15,23,MATCH,Maharashtra,Dhule,Dhule,Jalgaon Chikungunya,Chikungunya,9,0,Under Control,23-05-22,2022-05-23,20-05-22,2022-05-20,2022-06-06,2022-06-12,TEXT,HIGH,,PHASE4B_ACQUIRED,Official IDSP unique ID: MH/JGA/2022/23/442
MAHA-2022-W24-001,2022,24,NCDC weekly outbreaks/2022/week24.pdf,7,24,MATCH,Maharashtra,Gadchiroli,Gadchiroli,IHIP) Gondia Malaria,Malaria,47,1,Under Control,13-06-2022,2022-06-13,15-06-2022,2022-06-15,2022-06-13,2022-06-19,TEXT,HIGH,,PHASE4B_ACQUIRED,Official IDSP unique ID: MH/GOD/2022/24/459
MAHA-2022-W24-002,2022,24,NCDC weekly outbreaks/2022/week24.pdf,7,24,MATCH,Maharashtra,Nagpur,Nagpur,Acute Diarrheal Disease,Acute_Diarrheal_Disease,47,0,Under Control,15-06-2022,2022-06-15,16-06-2022,2022-06-16,2022-06-13,2022-06-19,TEXT,HIGH,,PHASE4B_ACQUIRED,Official IDSP unique ID: MH/NAG/2022/24/460
MAHA-2022-W24-003,2022,24,NCDC weekly outbreaks/2022/week24.pdf,10,24,MATCH,Maharashtra,Mumbai,Mumbai City,Measles & Rubella,Measles,30,0,Under Control,30-04-22,2022-04-30,,,2022-06-13,2022-06-19,TEXT,HIGH,,PHASE4B_ACQUIRED,Official IDSP unique ID: MH/WAS/2022/24/467
MAHA-2022-W25-001,2022,25,NCDC weekly outbreaks/2022/week25.pdf,5,25,MATCH,Maharashtra,Pune,Pune,Dengue,Dengue,7,0,Under Control,17-05-22,2022-05-17,22-06-22,2022-06-22,2022-06-20,2022-06-26,TEXT,HIGH,,UNVALIDATED,Official IDSP unique ID: MH/WAS/2022/25/478
MAHA-2022-W25-002,2022,25,NCDC weekly outbreaks/2022/week25.pdf,6,25,MATCH,Maharashtra,Sangli,Sangli,Acute Diarrheal Disease,Acute_Diarrheal_Disease,83,0,Under Control,23-06-22,2022-06-23,24-06-22,2022-06-24,2022-06-20,2022-06-26,TEXT,HIGH,,UNVALIDATED,Official IDSP unique ID: MH/WAS/2022/25/479
MAHA-2022-W26-001,2022,26,NCDC weekly outbreaks/2022/week26.pdf,7,26,MATCH,Maharashtra,Chandrapur,Chandrapur,Malaria,Malaria,2,0,Under Surveillance,06-06-22,2022-06-06,,,2022-06-27,2022-07-03,TEXT,HIGH,,UNVALIDATED,Official IDSP unique ID: MH/CND/2022/26/507
MAHA-2022-W26-002,2022,26,NCDC weekly outbreaks/2022/week26.pdf,7,26,MATCH,Maharashtra,Pune,Pune,Kudal) Dengue,Dengue,7,0,Under Surveillance,15-06-22,2022-06-15,17-05-22,2022-05-17,2022-06-27,2022-07-03,TEXT,HIGH,,UNVALIDATED,Official IDSP unique ID: MH/SIN/2022/26/508
MAHA-2022-W27-001,2022,27,NCDC weekly outbreaks/2022/week27.pdf,5,27,MATCH,Maharashtra,Chandrapur,Chandrapur,Acute Diarrheal Disease,Acute_Diarrheal_Disease,45,0,Completed,04-07-2022,2022-07-04,05-07-2022,2022-07-05,2022-07-04,2022-07-10,TEXT,HIGH,,UNVALIDATED,Official IDSP unique ID: MH/CND/2022/27/522
MAHA-2022-W28-001,2022,28,NCDC weekly outbreaks/2022/week28.pdf,4,28,MATCH,Maharashtra,Chandrapur,Chandrapur,Malaria,Malaria,4,0,Under Control,11-07-2022,2022-07-11,16-07-2022,2022-07-16,2022-07-11,2022-07-17,TEXT,HIGH,,UNVALIDATED,Official IDSP unique ID: MH/CND/2022/28/547
MAHA-2022-W28-002,2022,28,NCDC weekly outbreaks/2022/week28.pdf,7,28,MATCH,Maharashtra,Pune,Pune,Dengue and Chikungunya,Dengue_Chikungunya,6,0,Under Control,28-06-22,2022-06-28,02-05-22,2022-05-02,2022-07-11,2022-07-17,TEXT,HIGH,,UNVALIDATED,Official IDSP unique ID: MH/PNE/2022/28/555
MAHA-2022-W30-001,2022,30,NCDC weekly outbreaks/2022/week30.pdf,6,30,MATCH,Maharashtra,Washim,Washim,Cholera,Cholera,2,0,Under Control,26-07-22,2022-07-26,28-07-22,2022-07-28,2022-07-25,2022-07-31,TEXT,HIGH,,UNVALIDATED,Official IDSP unique ID: MH/WAS/2022/30/590
MAHA-2022-W31-001,2022,31,NCDC weekly outbreaks/2022/week31.pdf,4,31,MATCH,Maharashtra,Akola,Akola,Malaria and Dengue,Dengue,4,0,Under Control,01-08-22,2022-08-01,01-08-22,2022-08-01,2022-08-01,2022-08-07,TEXT,HIGH,,UNVALIDATED,Official IDSP unique ID: MH/AKL/2022/31/611
MAHA-2022-W32-001,2022,32,NCDC weekly outbreaks/2022/week32.pdf,4,32,MATCH,Maharashtra,Chandrapur,Chandrapur,Acute Diarrheal Disease,Acute_Diarrheal_Disease,37,0,Under Control,04-08-22,2022-08-04,08-08-22,2022-08-08,2022-08-08,2022-08-14,TEXT,HIGH,,UNVALIDATED,Official IDSP unique ID: MH/MED/2022/32/630
MAHA-2022-W32-002,2022,32,NCDC weekly outbreaks/2022/week32.pdf,4,32,MATCH,Maharashtra,Chandrapur,Chandrapur,Acute Diarrheal Disease,Acute_Diarrheal_Disease,5,1,Under Control,01-08-22,2022-08-01,08-08-22,2022-08-08,2022-08-08,2022-08-14,TEXT,HIGH,,UNVALIDATED,Official IDSP unique ID: MH/MED/2022/32/631
MAHA-2022-W34-001,2022,34,NCDC weekly outbreaks/2022/week34.pdf,6,34,MATCH,Maharashtra,Nashik,Nashik,Cholera,Cholera,10,2,Under Control,24-08-2022,2022-08-24,26-08-2022,2022-08-26,2022-08-22,2022-08-28,TEXT,HIGH,,UNVALIDATED,Official IDSP unique ID: MH/NAS/2022/34/669
MAHA-2022-W34-002,2022,34,NCDC weekly outbreaks/2022/week34.pdf,7,34,MATCH,Maharashtra,Yavatmal,Yavatmal,Acute Diarrheal Disease,Acute_Diarrheal_Disease,12,0,Under Control,25-08-2022,2022-08-25,26-08-2022,2022-08-26,2022-08-22,2022-08-28,TEXT,HIGH,,UNVALIDATED,Official IDSP unique ID: MH/YVT/2022/34/670
MAHA-2022-W35-001,2022,35,NCDC weekly outbreaks/2022/week35.pdf,9,35,MATCH,Maharashtra,Ahmednagar,Ahmednagar,Dengue,Dengue,3,0,Under Control,17-08-2022,2022-08-17,,,2022-08-29,2022-09-04,TEXT,HIGH,,UNVALIDATED,Official IDSP unique ID: MH/AMN/2022/35/707
MAHA-2022-W35-002,2022,35,NCDC weekly outbreaks/2022/week35.pdf,9,35,MATCH,Maharashtra,Ahmednagar,Ahmednagar,Dengue & Chikungunya,Dengue_Chikungunya,4,0,Under Control,19-08-2022,2022-08-19,24-08-2022,2022-08-24,2022-08-29,2022-09-04,TEXT,HIGH,,UNVALIDATED,Official IDSP unique ID: MH/AMN/2022/35/708
MAHA-2022-W36-001,2022,36,NCDC weekly outbreaks/2022/week36.pdf,5,36,MATCH,Maharashtra,Nagpur,Nagpur,Yavatmal Acute Diarrheal Disease,Acute_Diarrheal_Disease,64,0,Under Control,08/09/22,2022-09-08,09/09/22,2022-09-09,2022-09-05,2022-09-11,TEXT,HIGH,,UNVALIDATED,Official IDSP unique ID: MH/YVT/2022/36/716
MAHA-2022-W38-001,2022,38,NCDC weekly outbreaks/2022/week38.pdf,7,38,MATCH,Maharashtra,Bhandara,Bhandara,Hand Foot Mouth Disease,Hand Foot Mouth Disease,19,0,Under Control,20-09-22,2022-09-20,20-09-22,2022-09-20,2022-09-19,2022-09-25,TEXT,HIGH,,UNVALIDATED,Official IDSP unique ID: MH/BNR/2022/38/766
MAHA-2022-W38-002,2022,38,NCDC weekly outbreaks/2022/week38.pdf,7,38,MATCH,Maharashtra,Chandrapur,Chandrapur,Dengue,Dengue,17,0,Under Control,19-09-22,2022-09-19,24-09-22,2022-09-24,2022-09-19,2022-09-25,TEXT,HIGH,,UNVALIDATED,Official IDSP unique ID: MH/CND/2022/38/767
MAHA-2022-W38-003,2022,38,NCDC weekly outbreaks/2022/week38.pdf,7,38,MATCH,Maharashtra,Chandrapur,Chandrapur,Malaria,Malaria,14,1,Under Control,22-09-22,2022-09-22,24-09-22,2022-09-24,2022-09-19,2022-09-25,TEXT,HIGH,,UNVALIDATED,Official IDSP unique ID: MH/CND/2022/38/768
MAHA-2022-W38-004,2022,38,NCDC weekly outbreaks/2022/week38.pdf,8,38,MATCH,Maharashtra,Nanded,Nanded,Acute Diarrheal Disease,Acute_Diarrheal_Disease,56,0,Under Control,20-09-22,2022-09-20,21-09-22,2022-09-21,2022-09-19,2022-09-25,TEXT,HIGH,,UNVALIDATED,Official IDSP unique ID: MH/NAN/2022/38/769
MAHA-2022-W39-001,2022,39,NCDC weekly outbreaks/2022/week39.pdf,5,39,MATCH,Maharashtra,Aurangabad,Aurangabad,Food Poisoning,Food_Poisoning,7,0,Under Control,27-09-22,2022-09-27,27-09-22,2022-09-27,2022-09-26,2022-10-02,TEXT,HIGH,,UNVALIDATED,Official IDSP unique ID: MH/AGB/2022/39/790
MAHA-2022-W40-001,2022,40,NCDC weekly outbreaks/2022/week40.pdf,4,40,MATCH,Maharashtra,Pune,Pune,Dengue,Dengue,20,1,Under Control,17-09-22,2022-09-17,07-10-22,2022-10-07,2022-10-03,2022-10-09,TEXT,HIGH,,UNVALIDATED,Official IDSP unique ID: MH/PNE/2022/40/803
MAHA-2022-W41-001,2022,41,NCDC weekly outbreaks/2022/week41.pdf,8,41,MATCH,Maharashtra,Pune,Pune,Dengue,Dengue,16,0,Under Control,19-09-2022,2022-09-19,25-09-2022,2022-09-25,2022-10-10,2022-10-16,TEXT,HIGH,,UNVALIDATED,Official IDSP unique ID: MH/PNE/2022/41/825
MAHA-2022-W42-001,2022,42,NCDC weekly outbreaks/2022/week42.pdf,5,42,MATCH,Maharashtra,Aurangabad,Aurangabad,Acute Diarrheal Disease,Acute_Diarrheal_Disease,20,0,Under Control,16-10-22,2022-10-16,17-10-22,2022-10-17,2022-10-17,2022-10-23,TEXT,HIGH,,UNVALIDATED,Official IDSP unique ID: MH/AGB/2022/42/833
MAHA-2022-W42-002,2022,42,NCDC weekly outbreaks/2022/week42.pdf,5,42,MATCH,Maharashtra,Pune,Pune,Dengue,Dengue,10,0,Under Control,23-09-22,2022-09-23,21-10-22,2022-10-21,2022-10-17,2022-10-23,TEXT,HIGH,,UNVALIDATED,Official IDSP unique ID: MH/PNE/2022/42/834
MAHA-2022-W42-003,2022,42,NCDC weekly outbreaks/2022/week42.pdf,5,42,MATCH,Maharashtra,Kolhapur,Kolhapur,Dengue,Dengue,12,0,Under Control,20-10-22,2022-10-20,20-10-22,2022-10-20,2022-10-17,2022-10-23,TEXT,HIGH,,UNVALIDATED,Official IDSP unique ID: MH/SGL/2022/42/835
MAHA-2022-W42-004,2022,42,NCDC weekly outbreaks/2022/week42.pdf,6,42,MATCH,Maharashtra,Pune,Pune,Dengue,Dengue,10,0,Under Control,23-09-22,2022-09-23,07-10-22,2022-10-07,2022-10-17,2022-10-23,TEXT,HIGH,,UNVALIDATED,Official IDSP unique ID: MH/PNE/2022/42/839
MAHA-2022-W44-001,2022,44,NCDC weekly outbreaks/2022/week44.pdf,5,44,MATCH,Maharashtra,Pune,Pune,Dengue,Dengue,7,1,Under Control,26-09-22,2022-09-26,01-11-22,2022-11-01,2022-10-31,2022-11-06,TEXT,HIGH,,UNVALIDATED,Official IDSP unique ID: MH/NGP/2022/44/866
MAHA-2022-W44-002,2022,44,NCDC weekly outbreaks/2022/week44.pdf,6,44,MATCH,Maharashtra,Sangli,Sangli,Dengue,Dengue,36,1,Under Control,29-10-22,2022-10-29,31-10-22,2022-10-31,2022-10-31,2022-11-06,TEXT,HIGH,,UNVALIDATED,Official IDSP unique ID: MH/NGP/2022/44/867
MAHA-2022-W45-001,2022,45,NCDC weekly outbreaks/2022/week45.pdf,8,45,MATCH,Maharashtra,Bhandara,Bhandara,Scrub Typhus,Scrub_Typhus,8,1,Under Control,06-11-22,2022-11-06,10-11-22,2022-11-10,2022-11-07,2022-11-13,TEXT,HIGH,,UNVALIDATED,Official IDSP unique ID: MH/BNR/2022/45/889
MAHA-2022-W46-001,2022,46,NCDC weekly outbreaks/2022/week46.pdf,5,46,MATCH,Maharashtra,Latur,Latur,Pyrexia of Unknown Origin,Pyrexia of Unknown Origin,20,0,Under Control,14-11-22,2022-11-14,14-11-22,2022-11-14,2022-11-14,2022-11-20,TEXT,HIGH,,UNVALIDATED,Official IDSP unique ID: MH/LTR/2022/46/903
MAHA-2022-W46-002,2022,46,NCDC weekly outbreaks/2022/week46.pdf,8,46,MATCH,Maharashtra,Aurangabad,Aurangabad,Pyrexia of Unknown Origin,Pyrexia of Unknown Origin,24,0,Under Control,11-11-22,2022-11-11,,,2022-11-14,2022-11-20,TEXT,HIGH,,UNVALIDATED,Official IDSP unique ID: MH/AGB/2022/46/912
MAHA-2022-W46-003,2022,46,NCDC weekly outbreaks/2022/week46.pdf,8,46,MATCH,Maharashtra,Aurangabad,Aurangabad,Dengue,Dengue,2,1,Under Control,11-11-22,2022-11-11,,,2022-11-14,2022-11-20,TEXT,HIGH,,UNVALIDATED,Official IDSP unique ID: MH/AGB/2022/46/913
MAHA-2022-W46-004,2022,46,NCDC weekly outbreaks/2022/week46.pdf,8,46,MATCH,Maharashtra,Dhule,Dhule,Dengue,Dengue,4,1,Under Control,31-10-22,2022-10-31,,,2022-11-14,2022-11-20,TEXT,HIGH,,UNVALIDATED,Official IDSP unique ID: MH/DHL/2022/46/914
MAHA-2022-W46-005,2022,46,NCDC weekly outbreaks/2022/week46.pdf,8,46,MATCH,Maharashtra,Kolhapur,Kolhapur,Cholera,Cholera,233,2,Under Control,10-11-22,2022-11-10,,,2022-11-14,2022-11-20,TEXT,HIGH,,UNVALIDATED,Official IDSP unique ID: MH/KOP/2022/46/915
MAHA-2022-W46-006,2022,46,NCDC weekly outbreaks/2022/week46.pdf,9,46,MATCH,Maharashtra,Nashik,Nashik,Cholera,Cholera,58,0,Under Control,31-10-22,2022-10-31,,,2022-11-14,2022-11-20,TEXT,HIGH,,UNVALIDATED,Official IDSP unique ID: MH/NAS/2022/46/916
MAHA-2022-W46-007,2022,46,NCDC weekly outbreaks/2022/week46.pdf,9,46,MATCH,Maharashtra,Nashik,Nashik,Cholera,Cholera,52,1,Under Control,17-10-22,2022-10-17,,,2022-11-14,2022-11-20,TEXT,HIGH,,UNVALIDATED,Official IDSP unique ID: MH/NAS/2022/46/917
MAHA-2022-W46-008,2022,46,NCDC weekly outbreaks/2022/week46.pdf,9,46,MATCH,Maharashtra,Nanded,Nanded,Parbhani Chikungunya,Chikungunya,76,0,Under Control,29-09-22,2022-09-29,,,2022-11-14,2022-11-20,TEXT,HIGH,,UNVALIDATED,Official IDSP unique ID: MH/PRB/2022/46/918
MAHA-2022-W46-009,2022,46,NCDC weekly outbreaks/2022/week46.pdf,10,46,MATCH,Maharashtra,Thane,Thane,Dengue,Dengue,1,1,Under Control,28-10-22,2022-10-28,30-09-22,2022-09-30,2022-11-14,2022-11-20,TEXT,HIGH,,UNVALIDATED,Official IDSP unique ID: MH/THN/2022/46/919
MAHA-2022-W47-001,2022,47,NCDC weekly outbreaks/2022/week47.pdf,4,47,MATCH,Maharashtra,Kolhapur,Kolhapur,Acute Diarrheal Disease,Acute_Diarrheal_Disease,14,0,Under Control,23-11-2022,2022-11-23,23-11-2022,2022-11-23,2022-11-21,2022-11-27,TEXT,HIGH,,UNVALIDATED,Official IDSP unique ID: MH/KOP/2022/47/927
MAHA-2022-W47-002,2022,47,NCDC weekly outbreaks/2022/week47.pdf,7,47,MATCH,Maharashtra,Kolhapur,Kolhapur,Dengue,Dengue,5,1,Under Control,01-11-2022,2022-11-01,12-11-2022,2022-11-12,2022-11-21,2022-11-27,TEXT,HIGH,,UNVALIDATED,Official IDSP unique ID: MH/KOP/2022/47/935
MAHA-2022-W49-001,2022,49,NCDC weekly outbreaks/2022/week49.pdf,9,49,MATCH,Maharashtra,Amravati,Amravati,Acute Diarrheal Disease,Acute_Diarrheal_Disease,61,0,Under Control,06-12-22,2022-12-06,07-12-22,2022-12-07,2022-12-05,2022-12-11,TEXT,HIGH,,UNVALIDATED,Official IDSP unique ID: MH/AMR/2022/49/980
MAHA-2022-W49-002,2022,49,NCDC weekly outbreaks/2022/week49.pdf,10,49,MATCH,Maharashtra,Kolhapur,Kolhapur,Dengue,Dengue,32,0,Under Control,28-10-2022,2022-10-28,,,2022-12-05,2022-12-11,TEXT,HIGH,,UNVALIDATED,Official IDSP unique ID: MH/KOP/2022/49/984
MAHA-2022-W49-003,2022,49,NCDC weekly outbreaks/2022/week49.pdf,11,49,MATCH,Maharashtra,Latur,Latur,Fever,Fever,19,0,Under Control,30-11-2022,2022-11-30,15-09-2022,2022-09-15,2022-12-05,2022-12-11,TEXT,HIGH,,UNVALIDATED,Official IDSP unique ID: MH/LTR/2022/49/985
MAHA-2022-W50-001,2022,50,NCDC weekly outbreaks/2022/week50.pdf,5,50,MATCH,Maharashtra,Nanded,Nanded,Acute Diarrheal Disease,Acute_Diarrheal_Disease,121,0,Under Control,15-12-2022,2022-12-15,15-12-2022,2022-12-15,2022-12-12,2022-12-18,TEXT,HIGH,,UNVALIDATED,Official IDSP unique ID: MH/KAJ/2022/50/995
MAHA-2022-W51-001,2022,51,NCDC weekly outbreaks/2022/week51.pdf,7,51,MATCH,Maharashtra,Aurangabad,Aurangabad,Measles,Measles,6,0,Under Control,02-12-2022,2022-12-02,,,2022-12-19,2022-12-25,TEXT,HIGH,,UNVALIDATED,Official IDSP unique ID: MH/AGB/2022/51/1003
MAHA-2022-W51-002,2022,51,NCDC weekly outbreaks/2022/week51.pdf,8,51,MATCH,Maharashtra,Kolhapur,Kolhapur,Acute Diarrheal Disease,Acute_Diarrheal_Disease,16,0,Under Control,07-12-2022,2022-12-07,,,2022-12-19,2022-12-25,TEXT,HIGH,,UNVALIDATED,Official IDSP unique ID: MH/KOP/2022/51/1014
MAHA-2022-W51-003,2022,51,NCDC weekly outbreaks/2022/week51.pdf,8,51,MATCH,Maharashtra,Kolhapur,Kolhapur,Acute Diarrheal Disease,Acute_Diarrheal_Disease,50,0,Under Control,05-12-2022,2022-12-05,,,2022-12-19,2022-12-25,TEXT,HIGH,,UNVALIDATED,Official IDSP unique ID: MH/KOP/2022/51/1015
MAHA-2022-W51-004,2022,51,NCDC weekly outbreaks/2022/week51.pdf,8,51,MATCH,Maharashtra,Raigad,Raigad,Leptospirosis,Leptospirosis,28,1,Under Control,25-11-2022,2022-11-25,30-11-2022,2022-11-30,2022-12-19,2022-12-25,TEXT,HIGH,,UNVALIDATED,Official IDSP unique ID: MH/RGD/2022/51/1016
MAHA-2022-W52-001,2022,52,NCDC weekly outbreaks/2022/week52.pdf,5,52,MATCH,Maharashtra,Kolhapur,Kolhapur,Acute Diarrheal Disease,Acute_Diarrheal_Disease,44,2,Under Control,28-12-2021,2021-12-28,28-12-2021,2021-12-28,2022-12-26,2023-01-01,TEXT,HIGH,,UNVALIDATED,Official IDSP unique ID: MH/KOP/2022/52/1025
MAHA-2023-W01-001,2023,1,NCDC weekly outbreaks/2023/week1.pdf,5,01,MATCH,Maharashtra,Akola,Akola,Food Poisoning,Food_Poisoning,88,0,Under Control,31-12-2022,2022-12-31,02-01-2023,2023-01-02,2023-01-02,2023-01-08,TEXT,HIGH,,UNVALIDATED,Official IDSP unique ID: MH/AKL/2023/01/10
MAHA-2023-W01-002,2023,1,NCDC weekly outbreaks/2023/week1.pdf,11,01,MATCH,Maharashtra,Thane,Thane,Dengue,Dengue,3,1,Under Control,21-09-2022,2022-09-21,,,2023-01-02,2023-01-08,TEXT,HIGH,,UNVALIDATED,Official IDSP unique ID: MH/THN/2023/01/26
MAHA-2023-W01-003,2023,1,NCDC weekly outbreaks/2023/week1.pdf,12,01,MATCH,Maharashtra,Amravati,Amravati,Acute Diarrheal Disease,Acute_Diarrheal_Disease,44,0,Under Control,16-12-2022,2022-12-16,,,2023-01-02,2023-01-08,TEXT,HIGH,,UNVALIDATED,Official IDSP unique ID: MH/AMR/2023/01/27
MAHA-2023-W02-001,2023,2,NCDC weekly outbreaks/2023/week2.pdf,7,02,MATCH,Maharashtra,Mumbai,Mumbai City,Measles,Measles,3,0,Under Control,13-01-2023,2023-01-13,13-01-2023,2023-01-13,2023-01-09,2023-01-15,TEXT,HIGH,,UNVALIDATED,Official IDSP unique ID: MH/NAN/2023/02/45
MAHA-2023-W02-002,2023,2,NCDC weekly outbreaks/2023/week2.pdf,7,02,MATCH,Maharashtra,Mumbai,Mumbai City,Measles,Measles,3,0,Under Control,13-01-2023,2023-01-13,13-01-2023,2023-01-13,2023-01-09,2023-01-15,TEXT,HIGH,,UNVALIDATED,Official IDSP unique ID: MH/NAN/2023/02/46
MAHA-2023-W02-003,2023,2,NCDC weekly outbreaks/2023/week2.pdf,8,02,MATCH,Maharashtra,Mumbai,Mumbai City,Measles,Measles,3,0,Under Control,12-01-2023,2023-01-12,13-01-2023,2023-01-13,2023-01-09,2023-01-15,TEXT,HIGH,,UNVALIDATED,Official IDSP unique ID: MH/NAN/2023/02/47
MAHA-2023-W02-004,2023,2,NCDC weekly outbreaks/2023/week2.pdf,8,02,MATCH,Maharashtra,Mumbai,Mumbai City,Measles & Rubella,Measles,8,0,Under Control,08-12-2022,2022-12-08,05-12-22,2022-12-05,2023-01-09,2023-01-15,TEXT,HIGH,,UNVALIDATED,Official IDSP unique ID: MH/PNE/2023/02/49
MAHA-2023-W03-001,2023,3,NCDC weekly outbreaks/2023/week3.pdf,6,03,MATCH,Maharashtra,Aurangabad,Aurangabad,Measles,Measles,14,0,Under Control,30-12-22,2022-12-30,01-01-23,2023-01-01,2023-01-16,2023-01-22,TEXT,HIGH,,UNVALIDATED,Official IDSP unique ID: MH/AGB/2023/03/65
MAHA-2023-W05-001,2023,5,NCDC weekly outbreaks/2023/week5.pdf,10,05,MATCH,Maharashtra,Latur,Latur,Measles,Measles,7,0,Under Control,30-01-2023,2023-01-30,30-01-2023,2023-01-30,2023-01-30,2023-02-05,TEXT,HIGH,,UNVALIDATED,Official IDSP unique ID: MH/LTR/2023/05/106
MAHA-2023-W05-002,2023,5,NCDC weekly outbreaks/2023/week5.pdf,10,05,MATCH,Maharashtra,Sangli,Sangli,Food Poisoning,Food_Poisoning,34,0,Under Control,27-01-2023,2023-01-27,31-01-2023,2023-01-31,2023-01-30,2023-02-05,TEXT,HIGH,,UNVALIDATED,Official IDSP unique ID: MH/SGL/2023/05/107
MAHA-2023-W05-003,2023,5,NCDC weekly outbreaks/2023/week5.pdf,12,05,MATCH,Maharashtra,Ahmednagar,Ahmednagar,Dengue,Dengue,2,1,Under Control,13-01-2023,2023-01-13,,,2023-01-30,2023-02-05,TEXT,HIGH,,UNVALIDATED,Official IDSP unique ID: MH/AMN/2023/05/116
MAHA-2023-W07-001,2023,7,NCDC weekly outbreaks/2023/week7.pdf,6,07,MATCH,Maharashtra,Osmanabad,Osmanabad,Food Poisoning,Food_Poisoning,13,0,Under Control,19-02-2023,2023-02-19,19-02-2023,2023-02-19,2023-02-13,2023-02-19,TEXT,HIGH,,UNVALIDATED,Official IDSP unique ID: MH/OSM/2023/07/147
MAHA-2023-W07-002,2023,7,NCDC weekly outbreaks/2023/week7.pdf,10,07,MATCH,Maharashtra,Pune,Pune,Solapur Food Poisoning,Food_Poisoning,66,0,Under Control,02-02-2023,2023-02-02,17-01-23,2023-01-17,2023-02-13,2023-02-19,TEXT,HIGH,,UNVALIDATED,Official IDSP unique ID: MH/SHO/2023/07/157
MAHA-2023-W08-001,2023,8,NCDC weekly outbreaks/2023/week8.pdf,11,08,MATCH,Maharashtra,Pune,Pune,Acute Diarrheal Disease,Acute_Diarrheal_Disease,49,0,Under Control,09-02-2023,2023-02-09,10-02-2023,2023-02-10,2023-02-20,2023-02-26,TEXT,HIGH,,UNVALIDATED,Official IDSP unique ID: MH/PNE/2023/08/182
MAHA-2023-W09-001,2023,9,NCDC weekly outbreaks/2023/week9.pdf,4,09,MATCH,Maharashtra,Ahmednagar,Ahmednagar,Fever,Fever,120,0,Under Control,24-02-2023,2023-02-24,01-03-2023,2023-03-01,2023-02-27,2023-03-05,TEXT,HIGH,,UNVALIDATED,Official IDSP unique ID: MH/AMN/2023/09/191
MAHA-2023-W13-001,2023,13,NCDC weekly outbreaks/2023/week13.pdf,6,13,MATCH,Maharashtra,Mumbai,Mumbai City,Measles,Measles,5,0,Under Control,19-01-2023,2023-01-19,,,2023-03-27,2023-04-02,TEXT,HIGH,,UNVALIDATED,Official IDSP unique ID: MH/PNE/2023/13/262
MAHA-2023-W13-002,2023,13,NCDC weekly outbreaks/2023/week13.pdf,7,13,MATCH,Maharashtra,Pune,Pune,Measles,Measles,8,0,Under Control,19-01-2023,2023-01-19,,,2023-03-27,2023-04-02,TEXT,HIGH,,UNVALIDATED,Official IDSP unique ID: MH/PNE/2023/13/263
MAHA-2023-W13-003,2023,13,NCDC weekly outbreaks/2023/week13.pdf,7,13,MATCH,Maharashtra,Raigad,Raigad,Leptospirosis,Leptospirosis,20,1,Under Control,06-02-2023,2023-02-06,04-03-23,2023-03-04,2023-03-27,2023-04-02,TEXT,HIGH,,UNVALIDATED,Official IDSP unique ID: MH/RGD/2023/13/264
MAHA-2023-W17-001,2023,17,NCDC weekly outbreaks/2023/week17.pdf,6,17,MATCH,Maharashtra,Nanded,Nanded,Dengue,Dengue,13,0,Under Control,28-04-2023,2023-04-28,30-04-2023,2023-04-30,2023-04-24,2023-04-30,TEXT,HIGH,,UNVALIDATED,Official IDSP unique ID: MH/NAN/2023/17/338
MAHA-2023-W20-001,2023,20,NCDC weekly outbreaks/2023/week20.pdf,7,20,MATCH,Maharashtra,Yavatmal,Yavatmal,Food Poisoning,Food_Poisoning,21,0,Under Control,17-05-2023,2023-05-17,19-05-2023,2023-05-19,2023-05-15,2023-05-21,TEXT,HIGH,,UNVALIDATED,Official IDSP unique ID: MH/YVT/2023/20/408
MAHA-2023-W22-001,2023,22,NCDC weekly outbreaks/2023/week22.pdf,9,22,MATCH,Maharashtra,Gadchiroli,Gadchiroli,Malaria,Malaria,19,1,Under Control,29-05-2023,2023-05-29,29-05-2023,2023-05-29,2023-05-29,2023-06-04,TEXT,HIGH,,UNVALIDATED,Official IDSP unique ID: MH/GAD/2023/22/461
MAHA-2023-W22-002,2023,22,NCDC weekly outbreaks/2023/week22.pdf,9,22,MATCH,Maharashtra,Satara,Satara,Food Poisoning,Food_Poisoning,101,0,Under Control,30-05-2023,2023-05-30,03-06-2023,2023-06-03,2023-05-29,2023-06-04,TEXT,HIGH,,UNVALIDATED,Official IDSP unique ID: MH/STA/2023/22/462
MAHA-2023-W22-003,2023,22,NCDC weekly outbreaks/2023/week22.pdf,17,22,MATCH,Maharashtra,Gadchiroli,Gadchiroli,Malaria,Malaria,6,1,Under Control,25-05-2023,2023-05-25,25-05-2023,2023-05-25,2023-05-29,2023-06-04,TEXT,HIGH,,UNVALIDATED,Official IDSP unique ID: MH/GAD/2023/22/485
MAHA-2023-W22-004,2023,22,NCDC weekly outbreaks/2023/week22.pdf,17,22,MATCH,Maharashtra,Gadchiroli,Gadchiroli,Malaria,Malaria,21,1,Under Control,23-05-2023,2023-05-23,22-05-2023,2023-05-22,2023-05-29,2023-06-04,TEXT,HIGH,,UNVALIDATED,Official IDSP unique ID: MH/GAD/2023/22/486
MAHA-2023-W23-001,2023,23,NCDC weekly outbreaks/2023/week23.pdf,11,23,MATCH,Maharashtra,Yavatmal,Yavatmal,Acute Diarrheal Disease,Acute_Diarrheal_Disease,107,0,Under Control,03-06-2023,2023-06-03,05-06-2023,2023-06-05,2023-06-05,2023-06-11,TEXT,HIGH,,UNVALIDATED,Official IDSP unique ID: MH/YVT/2023/23/506
MAHA-2023-W24-001,2023,24,NCDC weekly outbreaks/2023/week24.pdf,11,24,MATCH,Maharashtra,Beed,Beed,Dengue,Dengue,10,0,Under Control,15-06-2023,2023-06-15,27-06-2023,2023-06-27,2023-06-12,2023-06-18,TEXT,HIGH,,UNVALIDATED,Official IDSP unique ID: MH/OSM/2023/24/530
MAHA-2023-W24-002,2023,24,NCDC weekly outbreaks/2023/week24.pdf,11,24,MATCH,Maharashtra,Satara,Satara,Acute Diarrheal Disease,Acute_Diarrheal_Disease,23,1,Under Control,12-06-2023,2023-06-12,14-06-2023,2023-06-14,2023-06-12,2023-06-18,TEXT,HIGH,,UNVALIDATED,Official IDSP unique ID: MH/SAT/2023/24/531
MAHA-2023-W24-003,2023,24,NCDC weekly outbreaks/2023/week24.pdf,11,24,MATCH,Maharashtra,Washim,Washim,Dengue,Dengue,48,0,Under Control,12-06-2023,2023-06-12,12-06-2023,2023-06-12,2023-06-12,2023-06-18,TEXT,HIGH,,UNVALIDATED,Official IDSP unique ID: MH/WAS/2023/24/532
MAHA-2023-W25-001,2023,25,NCDC weekly outbreaks/2023/week25.pdf,20,25,MATCH,Maharashtra,Gadchiroli,Gadchiroli,Malaria,Malaria,37,1,Under Control,23-06-2023,2023-06-23,23-06-2023,2023-06-23,2023-06-19,2023-06-25,TEXT,HIGH,,UNVALIDATED,Official IDSP unique ID: MH/GAD/2023/25/587
MAHA-2023-W25-002,2023,25,NCDC weekly outbreaks/2023/week25.pdf,20,25,MATCH,Maharashtra,Hingoli,Hingoli,Acute Diarrheal Disease,Acute_Diarrheal_Disease,64,0,Under Control,23-06-2023,2023-06-23,25-06-2023,2023-06-25,2023-06-19,2023-06-25,TEXT,HIGH,,UNVALIDATED,Official IDSP unique ID: MH/HIN/2023/25/588
MAHA-2023-W25-003,2023,25,NCDC weekly outbreaks/2023/week25.pdf,20,25,MATCH,Maharashtra,Kolhapur,Kolhapur,Dengue,Dengue,79,0,Under Surveillance,22-06-2023,2023-06-22,23-06-2023,2023-06-23,2023-06-19,2023-06-25,TEXT,HIGH,,UNVALIDATED,Official IDSP unique ID: MH/KOP/2023/25/589
MAHA-2023-W25-004,2023,25,NCDC weekly outbreaks/2023/week25.pdf,21,25,MATCH,Maharashtra,Kolhapur,Kolhapur,Dengue,Dengue,34,0,Under Control,22-06-2023,2023-06-22,23-06-2023,2023-06-23,2023-06-19,2023-06-25,TEXT,HIGH,,UNVALIDATED,Official IDSP unique ID: MH/KOP/2023/25/590
MAHA-2023-W25-005,2023,25,NCDC weekly outbreaks/2023/week25.pdf,21,25,MATCH,Maharashtra,Osmanabad,Osmanabad,Chikungunya,Chikungunya,6,0,Under Control,20-06-2023,2023-06-20,23-06-2023,2023-06-23,2023-06-19,2023-06-25,TEXT,HIGH,,UNVALIDATED,Official IDSP unique ID: MH/OSM/2023/25/591
MAHA-2023-W25-006,2023,25,NCDC weekly outbreaks/2023/week25.pdf,21,25,MATCH,Maharashtra,Pune,Pune,Dengue,Dengue,9,0,Under Control,21-06-2023,2023-06-21,23-06-2023,2023-06-23,2023-06-19,2023-06-25,TEXT,HIGH,,UNVALIDATED,Official IDSP unique ID: MH/PNE/2023/25/592
MAHA-2023-W26-001,2023,26,NCDC weekly outbreaks/2023/week26.pdf,15,26,MATCH,Maharashtra,Chandrapur,Chandrapur,Malaria,Malaria,42,1,Under Control,26-06-2023,2023-06-26,27-06-2023,2023-06-27,2023-06-26,2023-07-02,TEXT,HIGH,,UNVALIDATED,Official IDSP unique ID: MH/CND/2023/26/648
MAHA-2023-W26-002,2023,26,NCDC weekly outbreaks/2023/week26.pdf,15,26,MATCH,Maharashtra,Aurangabad,Aurangabad,Jalgaon Acute Diarrheal Disease,Acute_Diarrheal_Disease,28,0,Under Control,29-06-2023,2023-06-29,01-07-2023,2023-07-01,2023-06-26,2023-07-02,TEXT,HIGH,,UNVALIDATED,Official IDSP unique ID: MH/JGA/2023/26/649
MAHA-2023-W26-003,2023,26,NCDC weekly outbreaks/2023/week26.pdf,15,26,MATCH,Maharashtra,Parbhani,Parbhani,Food Poisoning,Food_Poisoning,54,0,Under Control,25-06-2023,2023-06-25,26-06-2023,2023-06-26,2023-06-26,2023-07-02,TEXT,HIGH,,UNVALIDATED,Official IDSP unique ID: MH/PRB/2023/26/650
MAHA-2023-W26-004,2023,26,NCDC weekly outbreaks/2023/week26.pdf,16,26,MATCH,Maharashtra,Pune,Pune,Dengue,Dengue,5,1,Under Control,20-06-2023,2023-06-20,28-06-2023,2023-06-28,2023-06-26,2023-07-02,TEXT,HIGH,,UNVALIDATED,Official IDSP unique ID: MH/PNE/2023/26/651
MAHA-2023-W26-005,2023,26,NCDC weekly outbreaks/2023/week26.pdf,16,26,MATCH,Maharashtra,Thane,Thane,Leptospirosis,Leptospirosis,6,0,Under Control,19-06-2023,2023-06-19,28-06-2023,2023-06-28,2023-06-26,2023-07-02,TEXT,HIGH,,UNVALIDATED,Official IDSP unique ID: MH/THN/2023/26/652
MAHA-2023-W26-006,2023,26,NCDC weekly outbreaks/2023/week26.pdf,19,26,MATCH,Maharashtra,Pune,Pune,Satara Dengue,Dengue,5,0,Under Control,14-06-2023,2023-06-14,,,2023-06-26,2023-07-02,TEXT,HIGH,,UNVALIDATED,Official IDSP unique ID: MH/STA/2023/26/664
MAHA-2023-W26-007,2023,26,NCDC weekly outbreaks/2023/week26.pdf,20,26,MATCH,Maharashtra,Thane,Thane,Dengue,Dengue,8,1,Under Control,10-06-2023,2023-06-10,13-06-2023,2023-06-13,2023-06-26,2023-07-02,TEXT,HIGH,,UNVALIDATED,Official IDSP unique ID: MH/THN/2023/26/665
MAHA-2023-W27-001,2023,27,NCDC weekly outbreaks/2023/week27.pdf,12,27,MATCH,Maharashtra,Akola,Akola,Dengue,Dengue,17,0,Under Surveillance,04-07-23,2023-07-04,05-07-23,2023-07-05,2023-07-03,2023-07-09,TEXT,HIGH,,UNVALIDATED,Official IDSP unique ID: MH/AKL/2023/27/695
MAHA-2023-W27-002,2023,27,NCDC weekly outbreaks/2023/week27.pdf,13,27,MATCH,Maharashtra,Amravati,Amravati,Malaria,Malaria,46,0,Under Surveillance,08-07-23,2023-07-08,08-07-23,2023-07-08,2023-07-03,2023-07-09,TEXT,HIGH,,UNVALIDATED,Official IDSP unique ID: MH/AMR/2023/27/696
MAHA-2023-W27-003,2023,27,NCDC weekly outbreaks/2023/week27.pdf,13,27,MATCH,Maharashtra,Kolhapur,Kolhapur,Dengue,Dengue,44,0,Under Surveillance,07-07-23,2023-07-07,07-07-23,2023-07-07,2023-07-03,2023-07-09,TEXT,HIGH,,UNVALIDATED,Official IDSP unique ID: MH/KOP/2023/27/697
MAHA-2023-W27-004,2023,27,NCDC weekly outbreaks/2023/week27.pdf,14,27,MATCH,Maharashtra,Latur,Latur,Chikungunya,Chikungunya,9,0,Under Control,03-07-23,2023-07-03,03-07-23,2023-07-03,2023-07-03,2023-07-09,TEXT,HIGH,,UNVALIDATED,Official IDSP unique ID: MH/LTR/2023/27/698
MAHA-2023-W27-005,2023,27,NCDC weekly outbreaks/2023/week27.pdf,14,27,MATCH,Maharashtra,Nanded,Nanded,Acute Diarrhoeal Disease,Acute_Diarrheal_Disease,26,0,Under Control,30-06-23,2023-06-30,03-07-23,2023-07-03,2023-07-03,2023-07-09,TEXT,HIGH,,UNVALIDATED,Official IDSP unique ID: MH/NAN/2023/27/699
MAHA-2023-W27-006,2023,27,NCDC weekly outbreaks/2023/week27.pdf,14,27,MATCH,Maharashtra,Pune,Pune,Satara Chikungunya,Chikungunya,6,0,Under Control,03-07-23,2023-07-03,06-07-23,2023-07-06,2023-07-03,2023-07-09,TEXT,HIGH,,UNVALIDATED,Official IDSP unique ID: MH/STA/2023/27/700
MAHA-2023-W27-007,2023,27,NCDC weekly outbreaks/2023/week27.pdf,19,27,MATCH,Maharashtra,Jalgaon,Jalgaon,Satara Dengue,Dengue,5,0,Under Control,27-06-23,2023-06-27,,,2023-07-03,2023-07-09,TEXT,HIGH,,UNVALIDATED,Official IDSP unique ID: MH/STA/2023/27/711
MAHA-2023-W27-008,2023,27,NCDC weekly outbreaks/2023/week27.pdf,19,27,MATCH,Maharashtra,Pune,Pune,Dengue,Dengue,10,1,Under Control,27-06-23,2023-06-27,28.06.2023,2023-06-28,2023-07-03,2023-07-09,TEXT,HIGH,,UNVALIDATED,Official IDSP unique ID: MH/SIN/2023/27/712
MAHA-2023-W28-001,2023,28,NCDC weekly outbreaks/2023/week28.pdf,11,28,MATCH,Maharashtra,Jalna,Jalna,Dengue,Dengue,10,2,Under Surveillance,07-07-23,2023-07-07,11-07-23,2023-07-11,2023-07-10,2023-07-16,TEXT,HIGH,,UNVALIDATED,Official IDSP unique ID: MH/JLN/2023/28/741
MAHA-2023-W28-002,2023,28,NCDC weekly outbreaks/2023/week28.pdf,12,28,MATCH,Maharashtra,Palghar,Palghar,Palaghar Dengue,Dengue,12,0,Under Surveillance,15-07-23,2023-07-15,15-07-23,2023-07-15,2023-07-10,2023-07-16,TEXT,HIGH,,UNVALIDATED,Official IDSP unique ID: MH/PLR/2023/28/742
MAHA-2023-W28-003,2023,28,NCDC weekly outbreaks/2023/week28.pdf,12,28,MATCH,Maharashtra,Sindhudurg,Sindhudurg,Acute Diarrheal Disease,Acute_Diarrheal_Disease,30,0,Under Control,12-07-23,2023-07-12,12-07-23,2023-07-12,2023-07-10,2023-07-16,TEXT,HIGH,,UNVALIDATED,Official IDSP unique ID: MH/SIN/2023/28/743
MAHA-2023-W28-004,2023,28,NCDC weekly outbreaks/2023/week28.pdf,12,28,MATCH,Maharashtra,Yavatmal,Yavatmal,Acute Diarrheal Disease,Acute_Diarrheal_Disease,76,0,Under Control,12-07-23,2023-07-12,14-07-23,2023-07-14,2023-07-10,2023-07-16,TEXT,HIGH,,UNVALIDATED,Official IDSP unique ID: MH/YVT/2023/28/744
MAHA-2023-W29-001,2023,29,NCDC weekly outbreaks/2023/week29.pdf,17,29,MATCH,Maharashtra,Gadchiroli,Gadchiroli,Dengue,Dengue,44,0,Under Surveillance,19-07-23,2023-07-19,19-07-23,2023-07-19,2023-07-17,2023-07-23,TEXT,HIGH,,UNVALIDATED,Official IDSP unique ID: MH/GAD/2023/29/795
MAHA-2023-W29-002,2023,29,NCDC weekly outbreaks/2023/week29.pdf,18,29,MATCH,Maharashtra,Osmanabad,Osmanabad,Dengue,Dengue,7,0,Under Surveillance,22-07-23,2023-07-22,22-07-23,2023-07-22,2023-07-17,2023-07-23,TEXT,HIGH,,UNVALIDATED,Official IDSP unique ID: MH/OSM/2023/29/796
MAHA-2023-W29-003,2023,29,NCDC weekly outbreaks/2023/week29.pdf,18,29,MATCH,Maharashtra,Thane,Thane,Fever,Fever,12,0,Under Surveillance,12-07-23,2023-07-12,18-07-23,2023-07-18,2023-07-17,2023-07-23,TEXT,HIGH,,UNVALIDATED,Official IDSP unique ID: MH/TNE/2023/29/797
MAHA-2023-W30-001,2023,30,NCDC weekly outbreaks/2023/week30.pdf,9,30,MATCH,Maharashtra,Amravati,Amravati,Acute Diarrheal Disease,Acute_Diarrheal_Disease,42,0,Under Surveillance,27-07-23,2023-07-27,28-07-23,2023-07-28,2023-07-24,2023-07-30,TEXT,HIGH,,UNVALIDATED,Official IDSP unique ID: MH/AMR/2023/30/833
MAHA-2023-W30-002,2023,30,NCDC weekly outbreaks/2023/week30.pdf,9,30,MATCH,Maharashtra,Amravati,Amravati,Leptospirosis,Leptospirosis,7,0,Under Surveillance,21-07-23,2023-07-21,24-07-23,2023-07-24,2023-07-24,2023-07-30,TEXT,HIGH,,UNVALIDATED,Official IDSP unique ID: MH/AMR/2023/30/834
MAHA-2023-W30-003,2023,30,NCDC weekly outbreaks/2023/week30.pdf,10,30,MATCH,Maharashtra,Bhandara,Bhandara,Dengue,Dengue,30,0,Under Surveillance,27-07-23,2023-07-27,27-07-23,2023-07-27,2023-07-24,2023-07-30,TEXT,HIGH,,UNVALIDATED,Official IDSP unique ID: MH/BNR/2023/30/835
MAHA-2023-W30-004,2023,30,NCDC weekly outbreaks/2023/week30.pdf,10,30,MATCH,Maharashtra,Nagpur,Nagpur,Dengue,Dengue,91,1,Under Surveillance,27-07-23,2023-07-27,28-07-23,2023-07-28,2023-07-24,2023-07-30,TEXT,HIGH,,UNVALIDATED,Official IDSP unique ID: MH/NAG/2023/30/836
MAHA-2023-W30-005,2023,30,NCDC weekly outbreaks/2023/week30.pdf,10,30,MATCH,Maharashtra,Osmanabad,Osmanabad,Dengue,Dengue,9,0,Under Surveillance,26-07-23,2023-07-26,26-07-23,2023-07-26,2023-07-24,2023-07-30,TEXT,HIGH,,UNVALIDATED,Official IDSP unique ID: MH/OSM/2023/30/837
MAHA-2023-W30-006,2023,30,NCDC weekly outbreaks/2023/week30.pdf,10,30,MATCH,Maharashtra,Raigad,Raigad,Dengue,Dengue,11,1,Under Surveillance,28-07-23,2023-07-28,28-07-23,2023-07-28,2023-07-24,2023-07-30,TEXT,HIGH,,UNVALIDATED,Official IDSP unique ID: MH/RGD/2023/30/838
MAHA-2023-W30-007,2023,30,NCDC weekly outbreaks/2023/week30.pdf,16,30,MATCH,Maharashtra,Bhandara,Bhandara,Dengue,Dengue,33,0,Under Surveillance,20-06-23,2023-06-20,19-07-23,2023-07-19,2023-07-24,2023-07-30,TEXT,HIGH,,UNVALIDATED,Official IDSP unique ID: MH/BUL/2023/30/855
MAHA-2023-W31-001,2023,31,NCDC weekly outbreaks/2023/week31.pdf,12,31,MATCH,Maharashtra,Aurangabad,Aurangabad,Dengue,Dengue,11,0,Under Surveillance,03-08-23,2023-08-03,03-08-23,2023-08-03,2023-07-31,2023-08-06,TEXT,HIGH,,UNVALIDATED,Official IDSP unique ID: MH/AGB/2023/31/884
MAHA-2023-W31-002,2023,31,NCDC weekly outbreaks/2023/week31.pdf,12,31,MATCH,Maharashtra,Aurangabad,Aurangabad,Fever,Fever,4,1,Under Surveillance,28-07-23,2023-07-28,31-07-23,2023-07-31,2023-07-31,2023-08-06,TEXT,HIGH,,UNVALIDATED,Official IDSP unique ID: MH/AGB/2023/31/885
MAHA-2023-W31-003,2023,31,NCDC weekly outbreaks/2023/week31.pdf,13,31,MATCH,Maharashtra,Kolhapur,Kolhapur,Fever,Fever,24,1,Under Surveillance,04-08-23,2023-08-04,04-08-23,2023-08-04,2023-07-31,2023-08-06,TEXT,HIGH,,UNVALIDATED,Official IDSP unique ID: MH/KOP/2023/31/886
MAHA-2023-W31-004,2023,31,NCDC weekly outbreaks/2023/week31.pdf,13,31,MATCH,Maharashtra,Nagpur,Nagpur,Fever,Fever,6,1,Under Control,03-08-23,2023-08-03,03-08-23,2023-08-03,2023-07-31,2023-08-06,TEXT,HIGH,,UNVALIDATED,Official IDSP unique ID: MH/NAG/2023/31/887
MAHA-2023-W31-005,2023,31,NCDC weekly outbreaks/2023/week31.pdf,13,31,MATCH,Maharashtra,Beed,Beed,Fever,Fever,69,0,Under Surveillance,04-08-23,2023-08-04,05-08-23,2023-08-05,2023-07-31,2023-08-06,TEXT,HIGH,,UNVALIDATED,Official IDSP unique ID: MH/OSM/2023/31/888
MAHA-2023-W32-001,2023,32,NCDC weekly outbreaks/2023/week32.pdf,13,32,MATCH,Maharashtra,Gondia,Gondia,Malaria,Malaria,64,1,Under Control,29-07-23,2023-07-29,,,2023-08-07,2023-08-13,TEXT,HIGH,,UNVALIDATED,Official IDSP unique ID: MH/GOD/2023/32/945
MAHA-2023-W32-002,2023,32,NCDC weekly outbreaks/2023/week32.pdf,14,32,MATCH,Maharashtra,Pune,Pune,Satara Dengue,Dengue,5,0,Under Control,28-07-23,2023-07-28,,,2023-08-07,2023-08-13,TEXT,HIGH,,UNVALIDATED,Official IDSP unique ID: MH/STA/2023/32/946
MAHA-2023-W32-003,2023,32,NCDC weekly outbreaks/2023/week32.pdf,14,32,MATCH,Maharashtra,Nagpur,Nagpur,Yavatmal Acute Diarrheal Disease,Acute_Diarrheal_Disease,41,0,Under Control,05-08-23,2023-08-05,25-07-23,2023-07-25,2023-08-07,2023-08-13,TEXT,HIGH,,UNVALIDATED,Official IDSP unique ID: MH/YVT/2023/32/947
MAHA-2023-W33-001,2023,33,NCDC weekly outbreaks/2023/week33.pdf,14,33,MATCH,Maharashtra,Beed,Beed,Suspected Dengue Fever,Dengue,17,1,Under Surveillance,17-08-23,2023-08-17,17-08-23,2023-08-17,2023-08-14,2023-08-20,TEXT,HIGH,,UNVALIDATED,Official IDSP unique ID: MH/BED/2023/33/984
MAHA-2023-W33-002,2023,33,NCDC weekly outbreaks/2023/week33.pdf,14,33,MATCH,Maharashtra,Beed,Beed,Suspected Dengue Fever,Dengue,7,1,Under Surveillance,17-08-23,2023-08-17,17-08-23,2023-08-17,2023-08-14,2023-08-20,TEXT,HIGH,,UNVALIDATED,Official IDSP unique ID: MH/BED/2023/33/985
MAHA-2023-W33-003,2023,33,NCDC weekly outbreaks/2023/week33.pdf,15,33,MATCH,Maharashtra,Gadchiroli,Gadchiroli,Malaria,Malaria,2,1,Under Control,18-08-23,2023-08-18,19-08-23,2023-08-19,2023-08-14,2023-08-20,TEXT,HIGH,,UNVALIDATED,Official IDSP unique ID: MH/GAD/2023/33/986
MAHA-2023-W33-004,2023,33,NCDC weekly outbreaks/2023/week33.pdf,15,33,MATCH,Maharashtra,Gadchiroli,Gadchiroli,Dengue,Dengue,34,0,Under Control,17-08-23,2023-08-17,18-08-23,2023-08-18,2023-08-14,2023-08-20,TEXT,HIGH,,UNVALIDATED,Official IDSP unique ID: MH/GAD/2023/33/987
MAHA-2023-W33-005,2023,33,NCDC weekly outbreaks/2023/week33.pdf,16,33,MATCH,Maharashtra,Gadchiroli,Gadchiroli,Dengue,Dengue,11,0,Under Control,17-08-23,2023-08-17,18-08-23,2023-08-18,2023-08-14,2023-08-20,TEXT,HIGH,,UNVALIDATED,Official IDSP unique ID: MH/GAD/2023/33/988
MAHA-2023-W33-006,2023,33,NCDC weekly outbreaks/2023/week33.pdf,16,33,MATCH,Maharashtra,Aurangabad,Aurangabad,Suspected Dengue Fever,Dengue,5,1,Under Control,12-08-23,2023-08-12,18-08-23,2023-08-18,2023-08-14,2023-08-20,TEXT,HIGH,,UNVALIDATED,Official IDSP unique ID: MH/JLN/2023/33/989
MAHA-2023-W33-007,2023,33,NCDC weekly outbreaks/2023/week33.pdf,16,33,MATCH,Maharashtra,Thane,Thane,Leptospirosis,Leptospirosis,1,1,Under Control,15-08-23,2023-08-15,18-08-23,2023-08-18,2023-08-14,2023-08-20,TEXT,HIGH,,UNVALIDATED,Official IDSP unique ID: MH/THN/2023/33/990
MAHA-2023-W34-001,2023,34,NCDC weekly outbreaks/2023/week34.pdf,9,34,MATCH,Maharashtra,Aurangabad,Aurangabad,Dengue,Dengue,19,0,Under Surveillance,24-08-23,2023-08-24,25-08-23,2023-08-25,2023-08-21,2023-08-27,TEXT,HIGH,,UNVALIDATED,Official IDSP unique ID: MH/AGB/2023/34/1038
MAHA-2023-W34-002,2023,34,NCDC weekly outbreaks/2023/week34.pdf,9,34,MATCH,Maharashtra,Bhandara,Bhandara,Acute Diarrheal Disease,Acute_Diarrheal_Disease,49,0,Under Surveillance,24-08-23,2023-08-24,25-08-23,2023-08-25,2023-08-21,2023-08-27,TEXT,HIGH,,UNVALIDATED,Official IDSP unique ID: MH/BNR/2023/34/1039
MAHA-2023-W34-003,2023,34,NCDC weekly outbreaks/2023/week34.pdf,9,34,MATCH,Maharashtra,Bhandara,Bhandara,Malaria,Malaria,4,2,Under Surveillance,21-08-23,2023-08-21,22-08-23,2023-08-22,2023-08-21,2023-08-27,TEXT,HIGH,,UNVALIDATED,Official IDSP unique ID: MH/BNR/2023/34/1040
MAHA-2023-W34-004,2023,34,NCDC weekly outbreaks/2023/week34.pdf,10,34,MATCH,Maharashtra,Kolhapur,Kolhapur,Dengue,Dengue,43,0,Under Surveillance,23-08-23,2023-08-23,24-08-23,2023-08-24,2023-08-21,2023-08-27,TEXT,HIGH,,UNVALIDATED,Official IDSP unique ID: MH/KOP/2023/34/1041
MAHA-2023-W34-005,2023,34,NCDC weekly outbreaks/2023/week34.pdf,10,34,MATCH,Maharashtra,Parbhani,Parbhani,Acute Diarrheal Disease,Acute_Diarrheal_Disease,47,0,Under Surveillance,21-08-23,2023-08-21,25-08-23,2023-08-25,2023-08-21,2023-08-27,TEXT,HIGH,,UNVALIDATED,Official IDSP unique ID: MH/PRB/2023/34/1042
MAHA-2023-W34-006,2023,34,NCDC weekly outbreaks/2023/week34.pdf,18,34,MATCH,Maharashtra,Mumbai,Mumbai City,Suburban Zika Virus,Zika_Virus,1,0,Under Surveillance,10-08-23,2023-08-10,22-07-23,2023-07-22,2023-08-21,2023-08-27,TEXT,HIGH,,UNVALIDATED,Official IDSP unique ID: MH/MMS/2023/34/1070
MAHA-2023-W35-001,2023,35,NCDC weekly outbreaks/2023/week35.pdf,18,35,MATCH,Maharashtra,Gadchiroli,Gadchiroli,Scrub Typhus,Scrub_Typhus,2,0,Under Control,28-08-23,2023-08-28,29-08-23,2023-08-29,2023-08-28,2023-09-03,TEXT,HIGH,,UNVALIDATED,Official IDSP unique ID: MH/GAD/2023/35/1112
MAHA-2023-W35-002,2023,35,NCDC weekly outbreaks/2023/week35.pdf,18,35,MATCH,Maharashtra,Kolhapur,Kolhapur,Fever,Fever,19,0,Under Surveillance,28-08-23,2023-08-28,28-08-23,2023-08-28,2023-08-28,2023-09-03,TEXT,HIGH,,UNVALIDATED,Official IDSP unique ID: MH/KOP/2023/35/1113
MAHA-2023-W35-003,2023,35,NCDC weekly outbreaks/2023/week35.pdf,18,35,MATCH,Maharashtra,Kolhapur,Kolhapur,Dengue,Dengue,56,0,Under Surveillance,28-08-23,2023-08-28,28-08-23,2023-08-28,2023-08-28,2023-09-03,TEXT,HIGH,,UNVALIDATED,Official IDSP unique ID: MH/KOP/2023/35/1114
MAHA-2023-W35-004,2023,35,NCDC weekly outbreaks/2023/week35.pdf,19,35,MATCH,Maharashtra,Nanded,Nanded,Acute Encephalitic Syndrome,Acute Encephalitic Syndrome,21,1,Under Surveillance,01-09-23,2023-09-01,02-09-23,2023-09-02,2023-08-28,2023-09-03,TEXT,HIGH,,UNVALIDATED,Official IDSP unique ID: MH/NAN/2023/35/1115
MAHA-2023-W35-005,2023,35,NCDC weekly outbreaks/2023/week35.pdf,19,35,MATCH,Maharashtra,Beed,Beed,Dengue,Dengue,10,1,Under Surveillance,30-08-23,2023-08-30,31-08-23,2023-08-31,2023-08-28,2023-09-03,TEXT,HIGH,,UNVALIDATED,Official IDSP unique ID: MH/OSM/2023/35/1116
MAHA-2023-W35-006,2023,35,NCDC weekly outbreaks/2023/week35.pdf,19,35,MATCH,Maharashtra,Beed,Beed,Dengue,Dengue,18,0,Under Surveillance,30-08-23,2023-08-30,31-08-23,2023-08-31,2023-08-28,2023-09-03,TEXT,HIGH,,UNVALIDATED,Official IDSP unique ID: MH/OSM/2023/35/1117
MAHA-2023-W35-007,2023,35,NCDC weekly outbreaks/2023/week35.pdf,20,35,MATCH,Maharashtra,Raigad,Raigad,Dengue,Dengue,10,1,Under Surveillance,28-08-23,2023-08-28,01-09-23,2023-09-01,2023-08-28,2023-09-03,TEXT,HIGH,,UNVALIDATED,Official IDSP unique ID: MH/RGD/2023/35/1118
MAHA-2023-W35-008,2023,35,NCDC weekly outbreaks/2023/week35.pdf,20,35,MATCH,Maharashtra,Sangli,Sangli,Acute Diarrheal Disease,Acute_Diarrheal_Disease,173,0,Under Control,28-08-23,2023-08-28,28-08-23,2023-08-28,2023-08-28,2023-09-03,TEXT,HIGH,,UNVALIDATED,Official IDSP unique ID: MH/SGL/2023/35/1119
MAHA-2023-W35-009,2023,35,NCDC weekly outbreaks/2023/week35.pdf,21,35,MATCH,Maharashtra,Sindhudurg,Sindhudurg,Malaria,Malaria,15,0,Under Surveillance,28-08-23,2023-08-28,28-08-23,2023-08-28,2023-08-28,2023-09-03,TEXT,HIGH,,UNVALIDATED,Official IDSP unique ID: MH/SIN/2023/35/1120
MAHA-2023-W35-010,2023,35,NCDC weekly outbreaks/2023/week35.pdf,21,35,MATCH,Maharashtra,Solapur,Solapur,Acute Diarrheal Disease,Acute_Diarrheal_Disease,16,0,Under Control,28-08-23,2023-08-28,29-08-23,2023-08-29,2023-08-28,2023-09-03,TEXT,HIGH,,UNVALIDATED,Official IDSP unique ID: MH/SHO/2023/35/1121
MAHA-2023-W35-011,2023,35,NCDC weekly outbreaks/2023/week35.pdf,21,35,MATCH,Maharashtra,Nagpur,Nagpur,Wardha Scrub Typhus,Scrub_Typhus,21,1,Under Surveillance,01-09-23,2023-09-01,02-09-23,2023-09-02,2023-08-28,2023-09-03,TEXT,HIGH,,UNVALIDATED,Official IDSP unique ID: MH/WDH/2023/35/1122
MAHA-2023-W35-012,2023,35,NCDC weekly outbreaks/2023/week35.pdf,22,35,MATCH,Maharashtra,Pune,Pune,Wardha Fever,Fever,16,0,Under Surveillance,28-08-23,2023-08-28,28-08-23,2023-08-28,2023-08-28,2023-09-03,TEXT,HIGH,,UNVALIDATED,Official IDSP unique ID: MH/WDH/2023/35/1123
MAHA-2023-W35-013,2023,35,NCDC weekly outbreaks/2023/week35.pdf,22,35,MATCH,Maharashtra,Akola,Akola,Washim Fever,Fever,5,0,Under Surveillance,26-08-23,2023-08-26,28-08-23,2023-08-28,2023-08-28,2023-09-03,TEXT,HIGH,,UNVALIDATED,Official IDSP unique ID: MH/WDH/2023/35/1124
MAHA-2023-W35-014,2023,35,NCDC weekly outbreaks/2023/week35.pdf,23,35,MATCH,Maharashtra,Akola,Akola,Washim Fever,Fever,6,0,Under Surveillance,26-08-23,2023-08-26,28-08-23,2023-08-28,2023-08-28,2023-09-03,TEXT,HIGH,,UNVALIDATED,Official IDSP unique ID: MH/WDH/2023/35/1125
MAHA-2023-W36-001,2023,36,NCDC weekly outbreaks/2023/week36.pdf,11,36,MATCH,Maharashtra,Akola,Akola,Acute Diarrheal Disease,Acute_Diarrheal_Disease,136,0,Under Surveillance,04-09-23,2023-09-04,06-09-23,2023-09-06,2023-09-04,2023-09-10,TEXT,HIGH,,UNVALIDATED,Official IDSP unique ID: MH/AKL/2023/36/1178
MAHA-2023-W36-002,2023,36,NCDC weekly outbreaks/2023/week36.pdf,11,36,MATCH,Maharashtra,Kolhapur,Kolhapur,Zika Virus,Zika_Virus,3,0,Under Surveillance,04-09-23,2023-09-04,06-09-23,2023-09-06,2023-09-04,2023-09-10,TEXT,HIGH,,UNVALIDATED,Official IDSP unique ID: MH/KOP/2023/36/1179
MAHA-2023-W36-003,2023,36,NCDC weekly outbreaks/2023/week36.pdf,12,36,MATCH,Maharashtra,Kolhapur,Kolhapur,Dengue,Dengue,22,0,Under Control,05-09-23,2023-09-05,05-09-23,2023-09-05,2023-09-04,2023-09-10,TEXT,HIGH,,UNVALIDATED,Official IDSP unique ID: MH/KOP/2023/36/1180
MAHA-2023-W36-004,2023,36,NCDC weekly outbreaks/2023/week36.pdf,12,36,MATCH,Maharashtra,Pune,Pune,Dengue,Dengue,29,1,Under Control,01-09-23,2023-09-01,04-09-23,2023-09-04,2023-09-04,2023-09-10,TEXT,HIGH,,UNVALIDATED,Official IDSP unique ID: MH/PNE/2023/36/1181
MAHA-2023-W36-005,2023,36,NCDC weekly outbreaks/2023/week36.pdf,12,36,MATCH,Maharashtra,Wardha,Wardha,Scrub Typhus,Scrub_Typhus,10,1,Under Control,02-09-23,2023-09-02,07-09-23,2023-09-07,2023-09-04,2023-09-10,TEXT,HIGH,,UNVALIDATED,Official IDSP unique ID: MH/WDH/2023/36/1182
MAHA-2023-W36-006,2023,36,NCDC weekly outbreaks/2023/week36.pdf,13,36,MATCH,Maharashtra,Yavatmal,Yavatmal,Dengue,Dengue,7,0,Under Control,09-09-23,2023-09-09,09-09-23,2023-09-09,2023-09-04,2023-09-10,TEXT,HIGH,,UNVALIDATED,Official IDSP unique ID: MH/YVT/2023/36/1183
MAHA-2023-W37-001,2023,37,NCDC weekly outbreaks/2023/week37.pdf,6,1210,MATCH,Maharashtra,Unknown,,Bihar Sitamarhi Acute Diarrheal Disease,Acute_Diarrheal_Disease,75,0,Under Control,13-09-23,2023-09-13,13-09-23,2023-09-13,2023-09-11,2023-09-17,TEXT,MEDIUM,,UNVALIDATED,Official IDSP unique ID: MH/2023/37/1210
MAHA-2023-W37-002,2023,37,NCDC weekly outbreaks/2023/week37.pdf,12,37,MATCH,Maharashtra,Amravati,Amravati,Dengue,Dengue,10,1,Under Surveillance,11-09-23,2023-09-11,12-09-23,2023-09-12,2023-09-11,2023-09-17,TEXT,HIGH,,UNVALIDATED,Official IDSP unique ID: MH/AMR/2023/37/1229
MAHA-2023-W37-003,2023,37,NCDC weekly outbreaks/2023/week37.pdf,13,37,MATCH,Maharashtra,Beed,Beed,Fever,Fever,5,1,Under Surveillance,14-09-23,2023-09-14,14-09-23,2023-09-14,2023-09-11,2023-09-17,TEXT,HIGH,,UNVALIDATED,Official IDSP unique ID: MH/BED/2023/37/1230
MAHA-2023-W37-004,2023,37,NCDC weekly outbreaks/2023/week37.pdf,13,37,MATCH,Maharashtra,Beed,Beed,Dengue,Dengue,5,1,Under Surveillance,11-09-23,2023-09-11,14-09-23,2023-09-14,2023-09-11,2023-09-17,TEXT,HIGH,,UNVALIDATED,Official IDSP unique ID: MH/BED/2023/37/1231
MAHA-2023-W37-005,2023,37,NCDC weekly outbreaks/2023/week37.pdf,14,37,MATCH,Maharashtra,Latur,Latur,Dengue,Dengue,4,0,Under Control,11-09-23,2023-09-11,11-09-23,2023-09-11,2023-09-11,2023-09-17,TEXT,HIGH,,UNVALIDATED,Official IDSP unique ID: MH/LTR/2023/37/1232
MAHA-2023-W37-006,2023,37,NCDC weekly outbreaks/2023/week37.pdf,14,37,MATCH,Maharashtra,Parbhani,Parbhani,Dengue,Dengue,24,1,Under Surveillance,11-09-23,2023-09-11,12-09-23,2023-09-12,2023-09-11,2023-09-17,TEXT,HIGH,,UNVALIDATED,Official IDSP unique ID: MH/PRB/2023/37/1233
MAHA-2023-W37-007,2023,37,NCDC weekly outbreaks/2023/week37.pdf,15,37,MATCH,Maharashtra,Pune,Pune,Chikungunya,Chikungunya,9,0,Under Surveillance,08-09-23,2023-09-08,12-09-23,2023-09-12,2023-09-11,2023-09-17,TEXT,HIGH,,UNVALIDATED,Official IDSP unique ID: MH/PNE/2023/37/1234
MAHA-2023-W37-008,2023,37,NCDC weekly outbreaks/2023/week37.pdf,15,37,MATCH,Maharashtra,Mumbai,Mumbai City,Malaria,Malaria,4,1,Under Surveillance,12-09-23,2023-09-12,15-09-23,2023-09-15,2023-09-11,2023-09-17,TEXT,HIGH,,UNVALIDATED,Official IDSP unique ID: MH/RGD/2023/37/1235
MAHA-2023-W37-009,2023,37,NCDC weekly outbreaks/2023/week37.pdf,16,37,MATCH,Maharashtra,Raigad,Raigad,Dengue,Dengue,3,1,Under Surveillance,09-09-23,2023-09-09,12-09-23,2023-09-12,2023-09-11,2023-09-17,TEXT,HIGH,,UNVALIDATED,Official IDSP unique ID: MH/RGD/2023/37/1236
MAHA-2023-W37-010,2023,37,NCDC weekly outbreaks/2023/week37.pdf,16,37,MATCH,Maharashtra,Thane,Thane,Malaria,Malaria,3,1,Under Surveillance,14-09-23,2023-09-14,16-09-23,2023-09-16,2023-09-11,2023-09-17,TEXT,HIGH,,UNVALIDATED,Official IDSP unique ID: MH/THN/2023/37/1237
MAHA-2023-W37-011,2023,37,NCDC weekly outbreaks/2023/week37.pdf,17,37,MATCH,Maharashtra,Akola,Akola,Dengue,Dengue,9,0,Under Control,15-09-23,2023-09-15,15-09-23,2023-09-15,2023-09-11,2023-09-17,TEXT,HIGH,,UNVALIDATED,Official IDSP unique ID: MH/WAS/2023/37/1238
MAHA-2023-W37-012,2023,37,NCDC weekly outbreaks/2023/week37.pdf,24,37,MATCH,Maharashtra,Aurangabad,Aurangabad,Dengue,Dengue,6,1,Under Surveillance,04-09-23,2023-09-04,20-08-23,2023-08-20,2023-09-11,2023-09-17,TEXT,HIGH,,UNVALIDATED,Official IDSP unique ID: MH/JLN/2023/37/1255
MAHA-2023-W38-001,2023,38,NCDC weekly outbreaks/2023/week38.pdf,12,37,MATCH,Maharashtra,Beed,Beed,Dengue,Dengue,5,1,Under Surveillance,21-09-23,2023-09-21,22-09-23,2023-09-22,2023-09-18,2023-09-24,TEXT,HIGH,,UNVALIDATED,Official IDSP unique ID: MH/BED/2023/37/1285
MAHA-2023-W38-002,2023,38,NCDC weekly outbreaks/2023/week38.pdf,13,37,MATCH,Maharashtra,Chandrapur,Chandrapur,Dengue,Dengue,9,1,Under Surveillance,16-09-23,2023-09-16,20-09-23,2023-09-20,2023-09-18,2023-09-24,TEXT,HIGH,,UNVALIDATED,Official IDSP unique ID: MH/CND/2023/37/1286
MAHA-2023-W38-003,2023,38,NCDC weekly outbreaks/2023/week38.pdf,13,37,MATCH,Maharashtra,Chandrapur,Chandrapur,Malaria,Malaria,14,1,Under Control,18-09-23,2023-09-18,18-09-23,2023-09-18,2023-09-18,2023-09-24,TEXT,HIGH,,UNVALIDATED,Official IDSP unique ID: MH/CND/2023/37/1287
MAHA-2023-W38-004,2023,38,NCDC weekly outbreaks/2023/week38.pdf,13,37,MATCH,Maharashtra,Dhule,Dhule,Jalgaon Dengue,Dengue,40,1,Under Surveillance,15-09-23,2023-09-15,19-09-23,2023-09-19,2023-09-18,2023-09-24,TEXT,HIGH,,UNVALIDATED,Official IDSP unique ID: MH/JGA/2023/37/1288
MAHA-2023-W38-005,2023,38,NCDC weekly outbreaks/2023/week38.pdf,14,37,MATCH,Maharashtra,Parbhani,Parbhani,Dengue,Dengue,13,1,Under Surveillance,21-09-23,2023-09-21,22-09-23,2023-09-22,2023-09-18,2023-09-24,TEXT,HIGH,,UNVALIDATED,Official IDSP unique ID: MH/PRB/2023/37/1289
MAHA-2023-W38-006,2023,38,NCDC weekly outbreaks/2023/week38.pdf,14,37,MATCH,Maharashtra,Parbhani,Parbhani,Dengue,Dengue,6,1,Under Surveillance,20-09-23,2023-09-20,22-09-23,2023-09-22,2023-09-18,2023-09-24,TEXT,HIGH,,UNVALIDATED,Official IDSP unique ID: MH/PRB/2023/37/1290
MAHA-2023-W38-007,2023,38,NCDC weekly outbreaks/2023/week38.pdf,15,37,MATCH,Maharashtra,Thane,Thane,Dengue,Dengue,7,1,Under Surveillance,15-09-23,2023-09-15,23-09-23,2023-09-23,2023-09-18,2023-09-24,TEXT,HIGH,,UNVALIDATED,Official IDSP unique ID: MH/THN/2023/37/1291
MAHA-2023-W38-008,2023,38,NCDC weekly outbreaks/2023/week38.pdf,15,37,MATCH,Maharashtra,Thane,Thane,Dengue,Dengue,5,1,Under Surveillance,22-09-23,2023-09-22,22-09-23,2023-09-22,2023-09-18,2023-09-24,TEXT,HIGH,,UNVALIDATED,Official IDSP unique ID: MH/THN/2023/37/1292
MAHA-2023-W38-009,2023,38,NCDC weekly outbreaks/2023/week38.pdf,19,37,MATCH,Maharashtra,Aurangabad,Aurangabad,Fever,Fever,14,1,Under Surveillance,14-09-23,2023-09-14,13-09-2023,2023-09-13,2023-09-18,2023-09-24,TEXT,HIGH,,UNVALIDATED,Official IDSP unique ID: MH/AGB/2023/37/1305
MAHA-2023-W38-010,2023,38,NCDC weekly outbreaks/2023/week38.pdf,19,37,MATCH,Maharashtra,Nashik,Nashik,Food Poisoning,Food_Poisoning,40,0,Under Control,12-09-23,2023-09-12,21/08/2023,2023-08-21,2023-09-18,2023-09-24,TEXT,HIGH,,UNVALIDATED,Official IDSP unique ID: MH/NAS/2023/37/1306
MAHA-2023-W39-001,2023,39,NCDC weekly outbreaks/2023/week39.pdf,14,39,MATCH,Maharashtra,Aurangabad,Aurangabad,Dengue,Dengue,3,1,Under Surveillance,27-09-23,2023-09-27,28-09-23,2023-09-28,2023-09-25,2023-10-01,TEXT,HIGH,,UNVALIDATED,Official IDSP unique ID: MH/AGB/2023/39/1336
MAHA-2023-W39-002,2023,39,NCDC weekly outbreaks/2023/week39.pdf,15,39,MATCH,Maharashtra,Beed,Beed,Dengue,Dengue,10,0,Under Surveillance,29-09-23,2023-09-29,29-09-23,2023-09-29,2023-09-25,2023-10-01,TEXT,HIGH,,UNVALIDATED,Official IDSP unique ID: MH/BED/2023/39/1337
MAHA-2023-W39-003,2023,39,NCDC weekly outbreaks/2023/week39.pdf,15,39,MATCH,Maharashtra,Nanded,Nanded,Acute Diarrheal Disease,Acute_Diarrheal_Disease,46,0,Under Control,24-09-23,2023-09-24,26-09-23,2023-09-26,2023-09-25,2023-10-01,TEXT,HIGH,,UNVALIDATED,Official IDSP unique ID: MH/NAN/2023/39/1338
MAHA-2023-W39-004,2023,39,NCDC weekly outbreaks/2023/week39.pdf,20,39,MATCH,Maharashtra,Thane,Thane,Dengue,Dengue,6,1,Under Surveillance,12-09-23,2023-09-12,19-09-23,2023-09-19,2023-09-25,2023-10-01,TEXT,HIGH,,UNVALIDATED,Official IDSP unique ID: MH/THN/2023/39/1349
MAHA-2023-W40-001,2023,40,NCDC weekly outbreaks/2023/week40.pdf,12,40,MATCH,Maharashtra,Amravati,Amravati,Dengue,Dengue,26,1,Under Surveillance,04-10-23,2023-10-04,05-10-23,2023-10-05,2023-10-02,2023-10-08,TEXT,HIGH,,UNVALIDATED,Official IDSP unique ID: MH/AMR/2023/40/1380
MAHA-2023-W40-002,2023,40,NCDC weekly outbreaks/2023/week40.pdf,12,40,MATCH,Maharashtra,Beed,Beed,Dengue,Dengue,5,1,Under Surveillance,03-10-23,2023-10-03,06-10-23,2023-10-06,2023-10-02,2023-10-08,TEXT,HIGH,,UNVALIDATED,Official IDSP unique ID: MH/BED/2023/40/1381
MAHA-2023-W40-003,2023,40,NCDC weekly outbreaks/2023/week40.pdf,13,40,MATCH,Maharashtra,Nagpur,Nagpur,Dengue,Dengue,89,1,Under Surveillance,05-10-23,2023-10-05,06-10-23,2023-10-06,2023-10-02,2023-10-08,TEXT,HIGH,,UNVALIDATED,Official IDSP unique ID: MH/NAG/2023/40/1382
MAHA-2023-W40-004,2023,40,NCDC weekly outbreaks/2023/week40.pdf,13,40,MATCH,Maharashtra,Raigad,Raigad,Dengue,Dengue,6,1,Under Surveillance,05-10-23,2023-10-05,06-10-23,2023-10-06,2023-10-02,2023-10-08,TEXT,HIGH,,UNVALIDATED,Official IDSP unique ID: MH/RGD/2023/40/1383
MAHA-2023-W40-005,2023,40,NCDC weekly outbreaks/2023/week40.pdf,13,40,MATCH,Maharashtra,Pune,Pune,Zika Virus,Zika_Virus,1,0,Under Surveillance,29-09-23,2023-09-29,03-10-23,2023-10-03,2023-10-02,2023-10-08,TEXT,HIGH,,UNVALIDATED,Official IDSP unique ID: MH/SGL/2023/40/1384
MAHA-2023-W40-006,2023,40,NCDC weekly outbreaks/2023/week40.pdf,14,40,MATCH,Maharashtra,Thane,Thane,Dengue,Dengue,3,1,Under Surveillance,30-09-23,2023-09-30,04-10-23,2023-10-04,2023-10-02,2023-10-08,TEXT,HIGH,,UNVALIDATED,Official IDSP unique ID: MH/THN/2023/40/1385
MAHA-2023-W40-007,2023,40,NCDC weekly outbreaks/2023/week40.pdf,14,40,MATCH,Maharashtra,Thane,Thane,Dengue,Dengue,7,1,Under Surveillance,27-09-23,2023-09-27,03-10-23,2023-10-03,2023-10-02,2023-10-08,TEXT,HIGH,,UNVALIDATED,Official IDSP unique ID: MH/THN/2023/40/1386
MAHA-2023-W40-008,2023,40,NCDC weekly outbreaks/2023/week40.pdf,14,40,MATCH,Maharashtra,Washim,Washim,Acute Diarrheal Disease,Acute_Diarrheal_Disease,75,0,Under Control,30-09-23,2023-09-30,03-10-23,2023-10-03,2023-10-02,2023-10-08,TEXT,HIGH,,UNVALIDATED,Official IDSP unique ID: MH/WAS/2023/40/1387
MAHA-2023-W40-009,2023,40,NCDC weekly outbreaks/2023/week40.pdf,18,40,MATCH,Maharashtra,Pune,Pune,Satara Chikungunya,Chikungunya,13,0,Under Surveillance,14-09-23,2023-09-14,,,2023-10-02,2023-10-08,TEXT,HIGH,,UNVALIDATED,Official IDSP unique ID: MH/STA/2023/40/1399
MAHA-2023-W40-010,2023,40,NCDC weekly outbreaks/2023/week40.pdf,18,40,MATCH,Maharashtra,Thane,Thane,Fever of Unknown Cause,Fever,2,1,Under Surveillance,25-09-23,2023-09-25,21-09-23,2023-09-21,2023-10-02,2023-10-08,TEXT,HIGH,,UNVALIDATED,Official IDSP unique ID: MH/THN/2023/40/1400
MAHA-2023-W41-001,2023,41,NCDC weekly outbreaks/2023/week41.pdf,11,41,MATCH,Maharashtra,Aurangabad,Aurangabad,Dengue,Dengue,4,1,Under Surveillance,13-10-23,2023-10-13,14-10-23,2023-10-14,2023-10-09,2023-10-15,TEXT,HIGH,,UNVALIDATED,Official IDSP unique ID: MH/AGB/2023/41/1429
MAHA-2023-W41-002,2023,41,NCDC weekly outbreaks/2023/week41.pdf,11,41,MATCH,Maharashtra,Buldhana,Buldhana,Dengue,Dengue,24,0,Under Surveillance,08-10-23,2023-10-08,12-10-23,2023-10-12,2023-10-09,2023-10-15,TEXT,HIGH,,UNVALIDATED,Official IDSP unique ID: MH/BUL/2023/41/1430
MAHA-2023-W41-003,2023,41,NCDC weekly outbreaks/2023/week41.pdf,11,41,MATCH,Maharashtra,Pune,Pune,Dengue,Dengue,59,1,Under Surveillance,06-10-23,2023-10-06,09-10-23,2023-10-09,2023-10-09,2023-10-15,TEXT,HIGH,,UNVALIDATED,Official IDSP unique ID: MH/PNE/2023/41/1431
MAHA-2023-W41-004,2023,41,NCDC weekly outbreaks/2023/week41.pdf,12,41,MATCH,Maharashtra,Solapur,Solapur,Acute Diarrheal Disease,Acute_Diarrheal_Disease,32,0,Under Surveillance,11-10-23,2023-10-11,13-10-23,2023-10-13,2023-10-09,2023-10-15,TEXT,HIGH,,UNVALIDATED,Official IDSP unique ID: MH/SHO/2023/41/1432
MAHA-2023-W41-005,2023,41,NCDC weekly outbreaks/2023/week41.pdf,12,41,MATCH,Maharashtra,Yavatmal,Yavatmal,Acute Diarrheal Disease,Acute_Diarrheal_Disease,27,0,Under Control,09-10-23,2023-10-09,10-10-23,2023-10-10,2023-10-09,2023-10-15,TEXT,HIGH,,UNVALIDATED,Official IDSP unique ID: MH/YVT/2023/41/1433
MAHA-2023-W42-001,2023,42,NCDC weekly outbreaks/2023/week42.pdf,15,42,MATCH,Maharashtra,Aurangabad,Aurangabad,Dengue,Dengue,5,0,Under Surveillance,14-10-23,2023-10-14,16-10-23,2023-10-16,2023-10-16,2023-10-22,TEXT,HIGH,,UNVALIDATED,Official IDSP unique ID: MH/AGB/2023/42/1476
MAHA-2023-W42-002,2023,42,NCDC weekly outbreaks/2023/week42.pdf,15,42,MATCH,Maharashtra,Beed,Beed,Dengue,Dengue,5,1,Under Surveillance,19-10-23,2023-10-19,20-10-23,2023-10-20,2023-10-16,2023-10-22,TEXT,HIGH,,UNVALIDATED,Official IDSP unique ID: MH/BED/2023/42/1477
MAHA-2023-W42-003,2023,42,NCDC weekly outbreaks/2023/week42.pdf,16,42,MATCH,Maharashtra,Beed,Beed,Dengue,Dengue,5,0,Under Surveillance,16-10-23,2023-10-16,17-10-23,2023-10-17,2023-10-16,2023-10-22,TEXT,HIGH,,UNVALIDATED,Official IDSP unique ID: MH/BED/2023/42/1478
MAHA-2023-W42-004,2023,42,NCDC weekly outbreaks/2023/week42.pdf,16,42,MATCH,Maharashtra,Dhule,Dhule,Dengue,Dengue,12,1,Under Surveillance,17-10-23,2023-10-17,17-10-23,2023-10-17,2023-10-16,2023-10-22,TEXT,HIGH,,UNVALIDATED,Official IDSP unique ID: MH/DHL/2023/42/1479
MAHA-2023-W42-005,2023,42,NCDC weekly outbreaks/2023/week42.pdf,17,42,MATCH,Maharashtra,Dhule,Dhule,Dengue,Dengue,18,1,Under Surveillance,16-10-23,2023-10-16,16-10-23,2023-10-16,2023-10-16,2023-10-22,TEXT,HIGH,,UNVALIDATED,Official IDSP unique ID: MH/DHL/2023/42/1480
MAHA-2023-W42-006,2023,42,NCDC weekly outbreaks/2023/week42.pdf,17,42,MATCH,Maharashtra,Gadchiroli,Gadchiroli,Dengue,Dengue,3,1,Under Surveillance,20-10-23,2023-10-20,21-10-23,2023-10-21,2023-10-16,2023-10-22,TEXT,HIGH,,UNVALIDATED,Official IDSP unique ID: MH/GAD/2023/42/1481
MAHA-2023-W42-007,2023,42,NCDC weekly outbreaks/2023/week42.pdf,18,42,MATCH,Maharashtra,Kolhapur,Kolhapur,Chikungunya,Chikungunya,145,0,Under Surveillance,18-10-23,2023-10-18,19-10-23,2023-10-19,2023-10-16,2023-10-22,TEXT,HIGH,,UNVALIDATED,Official IDSP unique ID: MH/KOP/2023/42/1482
MAHA-2023-W42-008,2023,42,NCDC weekly outbreaks/2023/week42.pdf,18,42,MATCH,Maharashtra,Nagpur,Nagpur,Dengue,Dengue,9,1,Under Surveillance,18-10-23,2023-10-18,19-10-23,2023-10-19,2023-10-16,2023-10-22,TEXT,HIGH,,UNVALIDATED,Official IDSP unique ID: MH/NAG/2023/42/1483
MAHA-2023-W42-009,2023,42,NCDC weekly outbreaks/2023/week42.pdf,19,42,MATCH,Maharashtra,Nanded,Nanded,Dengue,Dengue,8,0,Under Surveillance,16-10-23,2023-10-16,18-10-23,2023-10-18,2023-10-16,2023-10-22,TEXT,HIGH,,UNVALIDATED,Official IDSP unique ID: MH/NAN/2023/42/1484
MAHA-2023-W42-010,2023,42,NCDC weekly outbreaks/2023/week42.pdf,19,42,MATCH,Maharashtra,Nanded,Nanded,Dengue,Dengue,6,0,Under Surveillance,16-10-23,2023-10-16,17-10-23,2023-10-17,2023-10-16,2023-10-22,TEXT,HIGH,,UNVALIDATED,Official IDSP unique ID: MH/NAN/2023/42/1485
MAHA-2023-W42-011,2023,42,NCDC weekly outbreaks/2023/week42.pdf,20,42,MATCH,Maharashtra,Beed,Beed,Dengue & Chikungunya,Dengue_Chikungunya,11,1,Under Control,17-10-23,2023-10-17,18-10-23,2023-10-18,2023-10-16,2023-10-22,TEXT,HIGH,,UNVALIDATED,Official IDSP unique ID: MH/OSM/2023/42/1486
MAHA-2023-W42-012,2023,42,NCDC weekly outbreaks/2023/week42.pdf,20,42,MATCH,Maharashtra,Parbhani,Parbhani,Dengue,Dengue,19,1,Under Surveillance,16-10-23,2023-10-16,16-10-23,2023-10-16,2023-10-16,2023-10-22,TEXT,HIGH,,UNVALIDATED,Official IDSP unique ID: MH/PRB/2023/42/1487
MAHA-2023-W42-013,2023,42,NCDC weekly outbreaks/2023/week42.pdf,21,42,MATCH,Maharashtra,Thane,Thane,Dengue,Dengue,1,1,Under Surveillance,18-10-23,2023-10-18,21-10-23,2023-10-21,2023-10-16,2023-10-22,TEXT,HIGH,,UNVALIDATED,Official IDSP unique ID: MH/THN/2023/42/1488
MAHA-2023-W42-014,2023,42,NCDC weekly outbreaks/2023/week42.pdf,27,42,MATCH,Maharashtra,Nanded,Nanded,Dengue,Dengue,11,0,Under Surveillance,10-10-23,2023-10-10,,,2023-10-16,2023-10-22,TEXT,HIGH,,UNVALIDATED,Official IDSP unique ID: MH/NAN/2023/42/1507
MAHA-2023-W42-015,2023,42,NCDC weekly outbreaks/2023/week42.pdf,27,42,MATCH,Maharashtra,Nanded,Nanded,Dengue,Dengue,12,0,Under Surveillance,11-10-23,2023-10-11,,,2023-10-16,2023-10-22,TEXT,HIGH,,UNVALIDATED,Official IDSP unique ID: MH/NAN/2023/42/1508
MAHA-2023-W42-016,2023,42,NCDC weekly outbreaks/2023/week42.pdf,27,42,MATCH,Maharashtra,Nagpur,Nagpur,Scrub Typhus,Scrub_Typhus,10,1,Under Control,29-08-23,2023-08-29,,,2023-10-16,2023-10-22,TEXT,HIGH,,UNVALIDATED,Official IDSP unique ID: MH/NAN/2023/42/1509
MAHA-2023-W42-017,2023,42,NCDC weekly outbreaks/2023/week42.pdf,28,42,MATCH,Maharashtra,Thane,Thane,Dengue,Dengue,10,0,Under Surveillance,11-10-23,2023-10-11,14-10-23,2023-10-14,2023-10-16,2023-10-22,TEXT,HIGH,,UNVALIDATED,Official IDSP unique ID: MH/THN/2023/42/1510
MAHA-2023-W43-001,2023,43,NCDC weekly outbreaks/2023/week43.pdf,12,43,MATCH,Maharashtra,Akola,Akola,Dengue,Dengue,8,0,Under Surveillance,23-10-23,2023-10-23,23-10-23,2023-10-23,2023-10-23,2023-10-29,TEXT,HIGH,,UNVALIDATED,Official IDSP unique ID: MH/AKL/2023/43/1533
MAHA-2023-W43-002,2023,43,NCDC weekly outbreaks/2023/week43.pdf,12,43,MATCH,Maharashtra,Akola,Akola,Dengue,Dengue,9,1,Under Surveillance,20-10-23,2023-10-20,23-10-23,2023-10-23,2023-10-23,2023-10-29,TEXT,HIGH,,UNVALIDATED,Official IDSP unique ID: MH/AKL/2023/43/1534
MAHA-2023-W43-003,2023,43,NCDC weekly outbreaks/2023/week43.pdf,13,43,MATCH,Maharashtra,Amravati,Amravati,Dengue,Dengue,5,1,Under Surveillance,21-10-23,2023-10-21,23-10-23,2023-10-23,2023-10-23,2023-10-29,TEXT,HIGH,,UNVALIDATED,Official IDSP unique ID: MH/AMR/2023/43/1535
MAHA-2023-W43-004,2023,43,NCDC weekly outbreaks/2023/week43.pdf,13,43,MATCH,Maharashtra,Aurangabad,Aurangabad,Dengue,Dengue,17,1,Under Surveillance,21-10-23,2023-10-21,25-10-23,2023-10-25,2023-10-23,2023-10-29,TEXT,HIGH,,UNVALIDATED,Official IDSP unique ID: MH/AGB/2023/43/1536
MAHA-2023-W43-005,2023,43,NCDC weekly outbreaks/2023/week43.pdf,14,43,MATCH,Maharashtra,Beed,Beed,Dengue,Dengue,3,1,Under Surveillance,25-10-23,2023-10-25,26-10-23,2023-10-26,2023-10-23,2023-10-29,TEXT,HIGH,,UNVALIDATED,Official IDSP unique ID: MH/BED/2023/43/1537
MAHA-2023-W43-006,2023,43,NCDC weekly outbreaks/2023/week43.pdf,14,43,MATCH,Maharashtra,Beed,Beed,Dengue,Dengue,1,1,Under Surveillance,23-10-23,2023-10-23,23-10-23,2023-10-23,2023-10-23,2023-10-29,TEXT,HIGH,,UNVALIDATED,Official IDSP unique ID: MH/BED/2023/43/1538
MAHA-2023-W43-007,2023,43,NCDC weekly outbreaks/2023/week43.pdf,15,43,MATCH,Maharashtra,Kolhapur,Kolhapur,Hepatitis-A,Hepatitis,16,0,Under Surveillance,25-10-23,2023-10-25,25-10-23,2023-10-25,2023-10-23,2023-10-29,TEXT,HIGH,,UNVALIDATED,Official IDSP unique ID: MH/KOP/2023/43/1539
MAHA-2023-W43-008,2023,43,NCDC weekly outbreaks/2023/week43.pdf,15,43,MATCH,Maharashtra,Osmanabad,Osmanabad,Dengue,Dengue,6,0,Under Surveillance,25-10-23,2023-10-25,27-10-23,2023-10-27,2023-10-23,2023-10-29,TEXT,HIGH,,UNVALIDATED,Official IDSP unique ID: MH/OSM/2023/43/1540
MAHA-2023-W43-009,2023,43,NCDC weekly outbreaks/2023/week43.pdf,16,43,MATCH,Maharashtra,Pune,Pune,Satara Chikungunya,Chikungunya,6,0,Under Surveillance,23-10-23,2023-10-23,25-10-23,2023-10-25,2023-10-23,2023-10-29,TEXT,HIGH,,UNVALIDATED,Official IDSP unique ID: MH/STA/2023/43/1541
MAHA-2023-W43-010,2023,43,NCDC weekly outbreaks/2023/week43.pdf,16,43,MATCH,Maharashtra,Yavatmal,Yavatmal,Acute Diarrheal Disease,Acute_Diarrheal_Disease,43,0,Under Control,25-10-23,2023-10-25,26-10-23,2023-10-26,2023-10-23,2023-10-29,TEXT,HIGH,,UNVALIDATED,Official IDSP unique ID: MH/YVT/2023/43/1542
MAHA-2023-W44-001,2023,44,NCDC weekly outbreaks/2023/week44.pdf,11,44,MATCH,Maharashtra,Ahmednagar,Ahmednagar,Dengue,Dengue,26,1,Under Control,27-10-23,2023-10-27,30-10-23,2023-10-30,2023-10-30,2023-11-05,TEXT,HIGH,,UNVALIDATED,Official IDSP unique ID: MH/AMN/2023/44/1573
MAHA-2023-W44-002,2023,44,NCDC weekly outbreaks/2023/week44.pdf,11,44,MATCH,Maharashtra,Kolhapur,Kolhapur,Zika Virus,Zika_Virus,5,0,Under Surveillance,02-11-23,2023-11-02,02-11-23,2023-11-02,2023-10-30,2023-11-05,TEXT,HIGH,,UNVALIDATED,Official IDSP unique ID: MH/KOP/2023/44/1574
MAHA-2023-W44-003,2023,44,NCDC weekly outbreaks/2023/week44.pdf,12,44,MATCH,Maharashtra,Nandurbar,Nandurbar,Dengue,Dengue,11,0,Under Surveillance,01-11-23,2023-11-01,05-11-23,2023-11-05,2023-10-30,2023-11-05,TEXT,HIGH,,UNVALIDATED,Official IDSP unique ID: MH/NDB/2023/44/1575
MAHA-2023-W44-004,2023,44,NCDC weekly outbreaks/2023/week44.pdf,12,44,MATCH,Maharashtra,Thane,Thane,Dengue,Dengue,3,1,Under Surveillance,30-10-23,2023-10-30,02-11-23,2023-11-02,2023-10-30,2023-11-05,TEXT,HIGH,,UNVALIDATED,Official IDSP unique ID: MH/THN/2023/44/1576
MAHA-2023-W44-005,2023,44,NCDC weekly outbreaks/2023/week44.pdf,15,44,MATCH,Maharashtra,Nandurbar,Nandurbar,Dengue,Dengue,16,0,Under Surveillance,23-10-23,2023-10-23,25-06-23,2023-06-25,2023-10-30,2023-11-05,TEXT,HIGH,,UNVALIDATED,Official IDSP unique ID: MH/NDB/2023/44/1586
MAHA-2023-W45-001,2023,45,NCDC weekly outbreaks/2023/week45.pdf,10,45,MATCH,Maharashtra,Ahmednagar,Ahmednagar,Acute Diarrheal Disease,Acute_Diarrheal_Disease,179,0,Under Surveillance,05-11-23,2023-11-05,08-11-23,2023-11-08,2023-11-06,2023-11-12,TEXT,HIGH,,UNVALIDATED,Official IDSP unique ID: MH/AMN/2023/45/1612
MAHA-2023-W45-002,2023,45,NCDC weekly outbreaks/2023/week45.pdf,11,45,MATCH,Maharashtra,Beed,Beed,Dengue,Dengue,5,1,Under Surveillance,04-11-23,2023-11-04,09-11-23,2023-11-09,2023-11-06,2023-11-12,TEXT,HIGH,,UNVALIDATED,Official IDSP unique ID: MH/BED/2023/45/1613
MAHA-2023-W45-003,2023,45,NCDC weekly outbreaks/2023/week45.pdf,11,45,MATCH,Maharashtra,Nagpur,Nagpur,Scrub Typhus,Scrub_Typhus,3,1,Under Surveillance,08-11-23,2023-11-08,09-11-23,2023-11-09,2023-11-06,2023-11-12,TEXT,HIGH,,UNVALIDATED,Official IDSP unique ID: MH/NAG/2023/45/1614
MAHA-2023-W45-004,2023,45,NCDC weekly outbreaks/2023/week45.pdf,12,45,MATCH,Maharashtra,Nanded,Nanded,Dengue,Dengue,10,0,Under Control,22-09-23,2023-09-22,10-11-23,2023-11-10,2023-11-06,2023-11-12,TEXT,HIGH,,UNVALIDATED,Official IDSP unique ID: MH/NAN/2023/45/1615
MAHA-2023-W45-005,2023,45,NCDC weekly outbreaks/2023/week45.pdf,12,45,MATCH,Maharashtra,Osmanabad,Osmanabad,Dengue,Dengue,31,1,Under Surveillance,09-11-23,2023-11-09,09-11-23,2023-11-09,2023-11-06,2023-11-12,TEXT,HIGH,,UNVALIDATED,Official IDSP unique ID: MH/OSM/2023/45/1616
MAHA-2023-W45-006,2023,45,NCDC weekly outbreaks/2023/week45.pdf,12,45,MATCH,Maharashtra,Sangli,Sangli,Dengue,Dengue,6,0,Under Surveillance,03-11-23,2023-11-03,06-11-23,2023-11-06,2023-11-06,2023-11-12,TEXT,HIGH,,UNVALIDATED,Official IDSP unique ID: MH/SGL/2023/45/1617
MAHA-2023-W45-007,2023,45,NCDC weekly outbreaks/2023/week45.pdf,13,45,MATCH,Maharashtra,Pune,Pune,Satara Dengue,Dengue,16,0,Under Surveillance,08-11-23,2023-11-08,08-11-23,2023-11-08,2023-11-06,2023-11-12,TEXT,HIGH,,UNVALIDATED,Official IDSP unique ID: MH/STA/2023/45/1618
MAHA-2023-W45-008,2023,45,NCDC weekly outbreaks/2023/week45.pdf,17,45,MATCH,Maharashtra,Beed,Beed,Dengue,Dengue,5,1,Under Surveillance,30-10-23,2023-10-30,,,2023-11-06,2023-11-12,TEXT,HIGH,,UNVALIDATED,Official IDSP unique ID: MH/BED/2023/45/1630
MAHA-2023-W45-009,2023,45,NCDC weekly outbreaks/2023/week45.pdf,17,45,MATCH,Maharashtra,Nanded,Nanded,Dengue,Dengue,6,1,Under Control,27-09-23,2023-09-27,,,2023-11-06,2023-11-12,TEXT,HIGH,,UNVALIDATED,Official IDSP unique ID: MH/NAN/2023/45/1631
MAHA-2023-W45-010,2023,45,NCDC weekly outbreaks/2023/week45.pdf,17,45,MATCH,Maharashtra,Nanded,Nanded,Dengue,Dengue,12,0,Under Control,20-09-23,2023-09-20,03-10-23,2023-10-03,2023-11-06,2023-11-12,TEXT,HIGH,,UNVALIDATED,Official IDSP unique ID: MH/NAN/2023/45/1632
MAHA-2023-W47-001,2023,47,NCDC weekly outbreaks/2023/week47.pdf,13,47,MATCH,Maharashtra,Raigad,Raigad,Malaria,Malaria,3,1,Under Surveillance,24-11-23,2023-11-24,25-11-23,2023-11-25,2023-11-20,2023-11-26,TEXT,HIGH,,UNVALIDATED,Official IDSP unique ID: MH/RGD/2023/47/1683
MAHA-2023-W47-002,2023,47,NCDC weekly outbreaks/2023/week47.pdf,13,47,MATCH,Maharashtra,Akola,Akola,Dengue and Chikungunya,Dengue_Chikungunya,16,0,Under Surveillance,21-11-23,2023-11-21,21-11-23,2023-11-21,2023-11-20,2023-11-26,TEXT,HIGH,,UNVALIDATED,Official IDSP unique ID: MH/WAS/2023/47/1684
MAHA-2023-W47-003,2023,47,NCDC weekly outbreaks/2023/week47.pdf,14,47,MATCH,Maharashtra,Akola,Akola,Dengue and Chikungunya,Dengue_Chikungunya,20,0,Under Surveillance,21-11-23,2023-11-21,21-11-23,2023-11-21,2023-11-20,2023-11-26,TEXT,HIGH,,UNVALIDATED,Official IDSP unique ID: MH/WAS/2023/47/1685
MAHA-2023-W47-004,2023,47,NCDC weekly outbreaks/2023/week47.pdf,19,47,MATCH,Maharashtra,Nashik,Nashik,Dengue,Dengue,13,1,Under Surveillance,16-10-23,2023-10-16,16/10/2023,2023-10-16,2023-11-20,2023-11-26,TEXT,HIGH,,UNVALIDATED,Official IDSP unique ID: MH/NAS/2023/47/1700
MAHA-2023-W48-001,2023,48,NCDC weekly outbreaks/2023/week48.pdf,11,48,MATCH,Maharashtra,Gadchiroli,Gadchiroli,Malaria,Malaria,4,1,Under Control,11-11-23,2023-11-11,10-11-23,2023-11-10,2023-11-27,2023-12-03,TEXT,HIGH,,UNVALIDATED,Official IDSP unique ID: MH/GAD/2023/48/1729
MAHA-2023-W49-001,2023,49,NCDC weekly outbreaks/2023/week49.pdf,11,49,MATCH,Maharashtra,Gadchiroli,Gadchiroli,Malaria,Malaria,10,1,Under Surveillance,02-12-23,2023-12-02,05-12-23,2023-12-05,2023-12-04,2023-12-10,TEXT,HIGH,,UNVALIDATED,Official IDSP unique ID: MH/GAD/2023/49/1753
MAHA-2023-W49-002,2023,49,NCDC weekly outbreaks/2023/week49.pdf,11,49,MATCH,Maharashtra,Nanded,Nanded,Mumps,Mumps,7,0,Under Surveillance,06-12-23,2023-12-06,06-12-23,2023-12-06,2023-12-04,2023-12-10,TEXT,HIGH,,UNVALIDATED,Official IDSP unique ID: MH/NAN/2023/49/1754
MAHA-2023-W49-003,2023,49,NCDC weekly outbreaks/2023/week49.pdf,12,49,MATCH,Maharashtra,Pune,Pune,Dengue,Dengue,7,0,Under Control,07-11-23,2023-11-07,04-12-23,2023-12-04,2023-12-04,2023-12-10,TEXT,HIGH,,UNVALIDATED,Official IDSP unique ID: MH/PNE/2023/49/1755
MAHA-2023-W49-004,2023,49,NCDC weekly outbreaks/2023/week49.pdf,12,49,MATCH,Maharashtra,Thane,Thane,Dengue,Dengue,8,1,Under Surveillance,30-11-23,2023-11-30,08-12-23,2023-12-08,2023-12-04,2023-12-10,TEXT,HIGH,,UNVALIDATED,Official IDSP unique ID: MH/THN/2023/49/1756
MAHA-2023-W49-005,2023,49,NCDC weekly outbreaks/2023/week49.pdf,15,49,MATCH,Maharashtra,Pune,Pune,Dengue,Dengue,7,0,Under Control,24-11-23,2023-11-24,29-11-23,2023-11-29,2023-12-04,2023-12-10,TEXT,HIGH,,UNVALIDATED,Official IDSP unique ID: MH/PNE/2023/49/1766
MAHA-2023-W50-001,2023,50,NCDC weekly outbreaks/2023/week50_1788952212.pdf,9,50,MATCH,Maharashtra,Amravati,Amravati,Malaria,Malaria,17,0,Under Surveillance,08-12-23,2023-12-08,11-12-23,2023-12-11,2023-12-11,2023-12-17,TEXT,HIGH,,UNVALIDATED,Official IDSP unique ID: MH/AMR/2023/50/1789
MAHA-2023-W50-002,2023,50,NCDC weekly outbreaks/2023/week50_1788952212.pdf,10,50,MATCH,Maharashtra,Aurangabad,Aurangabad,Acute Diarrheal Disease,Acute_Diarrheal_Disease,40,0,Under Control,15-12-23,2023-12-15,16-12-23,2023-12-16,2023-12-11,2023-12-17,TEXT,HIGH,,UNVALIDATED,Official IDSP unique ID: MH/AGB/2023/50/1790
MAHA-2023-W50-003,2023,50,NCDC weekly outbreaks/2023/week50_1788952212.pdf,10,50,MATCH,Maharashtra,Chandrapur,Chandrapur,Malaria,Malaria,6,1,Under Control,09-12-23,2023-12-09,12-12-23,2023-12-12,2023-12-11,2023-12-17,TEXT,HIGH,,UNVALIDATED,Official IDSP unique ID: MH/GAD/2023/50/1791
MAHA-2023-W50-004,2023,50,NCDC weekly outbreaks/2023/week50_1788952212.pdf,10,50,MATCH,Maharashtra,Palghar,Palghar,Dengue,Dengue,7,1,Under Surveillance,11-12-23,2023-12-11,11-12-23,2023-12-11,2023-12-11,2023-12-17,TEXT,HIGH,,UNVALIDATED,Official IDSP unique ID: MH/PLR/2023/50/1792
MAHA-2023-W50-005,2023,50,NCDC weekly outbreaks/2023/week50_1788952212.pdf,13,50,MATCH,Maharashtra,Nashik,Nashik,Zika Virus,Zika_Virus,1,0,Under Surveillance,29-11-23,2023-11-29,01-12-23,2023-12-01,2023-12-11,2023-12-17,TEXT,HIGH,,UNVALIDATED,Official IDSP unique ID: MH/NAS/2023/50/1801
MAHA-2024-W01-001,2024,1,NCDC weekly outbreaks/2024/week1_1788951246.pdf,8,01,MATCH,Maharashtra,Chandrapur,Chandrapur,Malaria,Malaria,191,1,Under Control,04-01-24,2024-01-04,04-01-24,2024-01-04,2024-01-01,2024-01-07,TEXT,HIGH,,UNVALIDATED,Official IDSP unique ID: MH/GAD/2024/01/15
MAHA-2024-W01-002,2024,1,NCDC weekly outbreaks/2024/week1_1788951246.pdf,8,01,MATCH,Maharashtra,Gadchiroli,Gadchiroli,Malaria,Malaria,385,1,Under Control,27-12-2023,2023-12-27,01-01-24,2024-01-01,2024-01-01,2024-01-07,TEXT,HIGH,,UNVALIDATED,Official IDSP unique ID: MH/GAD/2024/01/16
MAHA-2024-W01-003,2024,1,NCDC weekly outbreaks/2024/week1_1788951246.pdf,9,01,MATCH,Maharashtra,Gondia,Gondia,Malaria,Malaria,28,0,Under Control,29-12-2023,2023-12-29,01-01-24,2024-01-01,2024-01-01,2024-01-07,TEXT,HIGH,,UNVALIDATED,Official IDSP unique ID: MH/GOD/2024/01/17
MAHA-2024-W01-004,2024,1,NCDC weekly outbreaks/2024/week1_1788951246.pdf,9,01,MATCH,Maharashtra,Kolhapur,Kolhapur,Hepatitis-A,Hepatitis,9,0,Under Surveillance,05-01-24,2024-01-05,05-01-24,2024-01-05,2024-01-01,2024-01-07,TEXT,HIGH,,UNVALIDATED,Official IDSP unique ID: MH/KOP/2024/01/18
MAHA-2024-W01-005,2024,1,NCDC weekly outbreaks/2024/week1_1788951246.pdf,9,01,MATCH,Maharashtra,Kolhapur,Kolhapur,Food Poisoning,Food_Poisoning,106,0,Under Control,03-01-24,2024-01-03,03-01-24,2024-01-03,2024-01-01,2024-01-07,TEXT,HIGH,,UNVALIDATED,Official IDSP unique ID: MH/KOP/2024/01/19
MAHA-2024-W01-006,2024,1,NCDC weekly outbreaks/2024/week1_1788951246.pdf,10,01,MATCH,Maharashtra,Nagpur,Nagpur,Scrub Typhus,Scrub_Typhus,9,1,Under Control,02-01-24,2024-01-02,04-01-24,2024-01-04,2024-01-01,2024-01-07,TEXT,HIGH,,UNVALIDATED,Official IDSP unique ID: MH/NAG/2024/01/20
MAHA-2024-W01-007,2024,1,NCDC weekly outbreaks/2024/week1_1788951246.pdf,10,01,MATCH,Maharashtra,Palghar,Palghar,Dengue & Chikungunya,Dengue_Chikungunya,9,0,Under Surveillance,07-01-24,2024-01-07,07-01-24,2024-01-07,2024-01-01,2024-01-07,TEXT,HIGH,,UNVALIDATED,Official IDSP unique ID: MH/PLR/2024/01/21
MAHA-2024-W02-001,2024,2,NCDC weekly outbreaks/2024/week2_1788951271.pdf,9,02,MATCH,Maharashtra,Kolhapur,Kolhapur,Hepatitis A,Hepatitis,42,0,Under Surveillance,12-01-2024,2024-01-12,12-01-2024,2024-01-12,2024-01-08,2024-01-14,TEXT,HIGH,,UNVALIDATED,Official IDSP unique ID: MH/KOP/2024/02/45
MAHA-2024-W03-001,2024,3,NCDC weekly outbreaks/2024/week3_1788951287.pdf,9,03,MATCH,Maharashtra,Thane,Thane,Dengue,Dengue,5,1,Under Surveillance,12-01-2024,2024-01-12,16-01-2024,2024-01-16,2024-01-15,2024-01-21,TEXT,HIGH,,UNVALIDATED,Official IDSP unique ID: MH/THN/2024/03/0568
MAHA-2024-W03-002,2024,3,NCDC weekly outbreaks/2024/week3_1788951287.pdf,14,03,MATCH,Maharashtra,Bhandara,Bhandara,Acute Diarrheal Disease,Acute_Diarrheal_Disease,29,0,Under Surveillance,09-01-2024,2024-01-09,,,2024-01-15,2024-01-21,TEXT,HIGH,,UNVALIDATED,Official IDSP unique ID: MH/BNR/2024/03/081
MAHA-2024-W03-003,2024,3,NCDC weekly outbreaks/2024/week3_1788951287.pdf,15,03,MATCH,Maharashtra,Thane,Thane,Dengue,Dengue,13,0,Under Surveillance,29-12-2023,2023-12-29,,,2024-01-15,2024-01-21,TEXT,HIGH,,UNVALIDATED,Official IDSP unique ID: MH/THN/2024/03/082
MAHA-2024-W04-001,2024,4,NCDC weekly outbreaks/2024/week4_1788951299.pdf,8,04,MATCH,Maharashtra,Buldhana,Buldhana,Mumps,Mumps,5,0,Under Surveillance,25-01-2024,2024-01-25,25-01-2024,2024-01-25,2024-01-22,2024-01-28,TEXT,HIGH,,UNVALIDATED,Official IDSP unique ID: MH/BUL/2024/04/098
MAHA-2024-W04-002,2024,4,NCDC weekly outbreaks/2024/week4_1788951299.pdf,8,04,MATCH,Maharashtra,Palghar,Palghar,Dengue,Dengue,16,0,Under Surveillance,24-01-2024,2024-01-24,24-01-2024,2024-01-24,2024-01-22,2024-01-28,TEXT,HIGH,,UNVALIDATED,Official IDSP unique ID: MH/PLR/2024/04/099
MAHA-2024-W05-001,2024,5,NCDC weekly outbreaks/2024/week5_1788951308.pdf,11,05,MATCH,Maharashtra,Kolhapur,Kolhapur,Hepatitis A&E,Hepatitis,101,0,Under Surveillance,03-02-2024,2024-02-03,03-02-2024,2024-02-03,2024-01-29,2024-02-04,TEXT,HIGH,,UNVALIDATED,Official IDSP unique ID: MH/KOP/2024/05/135
MAHA-2024-W05-002,2024,5,NCDC weekly outbreaks/2024/week5_1788951308.pdf,11,05,MATCH,Maharashtra,Thane,Thane,Acute Diarrheal Disease,Acute_Diarrheal_Disease,110,0,Under Surveillance,31-01-2024,2024-01-31,31-01-2024,2024-01-31,2024-01-29,2024-02-04,TEXT,HIGH,,UNVALIDATED,Official IDSP unique ID: MH/THN/2024/05/136
MAHA-2024-W06-001,2024,6,NCDC weekly outbreaks/2024/week6_1788951327.pdf,10,06,MATCH,Maharashtra,Nanded,Nanded,Acute Diarrheal Disease,Acute_Diarrheal_Disease,1000,0,Under Control,07-02-2024,2024-02-07,07-02-2024,2024-02-07,2024-02-05,2024-02-11,TEXT,HIGH,,UNVALIDATED,Official IDSP unique ID: MH/NAN/2024/06/183
MAHA-2024-W06-002,2024,6,NCDC weekly outbreaks/2024/week6_1788951327.pdf,10,06,MATCH,Maharashtra,Osmanabad,Osmanabad,Dengue,Dengue,9,0,Under Surveillance,07-02-2024,2024-02-07,07-02-2024,2024-02-07,2024-02-05,2024-02-11,TEXT,HIGH,,UNVALIDATED,Official IDSP unique ID: MH/OSM/2024/06/184
MAHA-2024-W06-003,2024,6,NCDC weekly outbreaks/2024/week6_1788951327.pdf,10,06,MATCH,Maharashtra,Osmanabad,Osmanabad,Acute Diarrheal Disease,Acute_Diarrheal_Disease,27,0,Under Control,07-02-2024,2024-02-07,07-02-2024,2024-02-07,2024-02-05,2024-02-11,TEXT,HIGH,,UNVALIDATED,Official IDSP unique ID: MH/OSM/2024/06/185
MAHA-2024-W06-004,2024,6,NCDC weekly outbreaks/2024/week6_1788951327.pdf,11,06,MATCH,Maharashtra,Parbhani,Parbhani,Food Poisoning,Food_Poisoning,19,0,Under Control,07-02-2024,2024-02-07,09-02-2024,2024-02-09,2024-02-05,2024-02-11,TEXT,HIGH,,UNVALIDATED,Official IDSP unique ID: MH/PRB/2024/06/186
MAHA-2024-W06-005,2024,6,NCDC weekly outbreaks/2024/week6_1788951327.pdf,11,06,MATCH,Maharashtra,Parbhani,Parbhani,Food Poisoning,Food_Poisoning,629,0,Under Control,07-02-2024,2024-02-07,09-02-2024,2024-02-09,2024-02-05,2024-02-11,TEXT,HIGH,,UNVALIDATED,Official IDSP unique ID: MH/PRB/2024/06/187
MAHA-2024-W06-006,2024,6,NCDC weekly outbreaks/2024/week6_1788951327.pdf,11,06,MATCH,Maharashtra,Parbhani,Parbhani,Food Poisoning,Food_Poisoning,335,0,Under Control,07-02-2024,2024-02-07,09-02-2024,2024-02-09,2024-02-05,2024-02-11,TEXT,HIGH,,UNVALIDATED,Official IDSP unique ID: MH/PRB/2024/06/188
MAHA-2024-W07-001,2024,7,NCDC weekly outbreaks/2024/week7_1788951339.pdf,13,07,MATCH,Maharashtra,Beed,Beed,Malaria,Malaria,9,0,Under Control,15-02-2024,2024-02-15,15-02-2024,2024-02-15,2024-02-12,2024-02-18,TEXT,HIGH,,UNVALIDATED,Official IDSP unique ID: MH/OSM/2024/07/226
MAHA-2024-W07-002,2024,7,NCDC weekly outbreaks/2024/week7_1788951339.pdf,13,07,MATCH,Maharashtra,Raigad,Raigad,Dengue,Dengue,6,1,Under Surveillance,14-02-2024,2024-02-14,18-02-2024,2024-02-18,2024-02-12,2024-02-18,TEXT,HIGH,,UNVALIDATED,Official IDSP unique ID: MH/RGD/2024/07/227
MAHA-2024-W07-003,2024,7,NCDC weekly outbreaks/2024/week7_1788951339.pdf,14,07,MATCH,Maharashtra,Thane,Thane,Malaria,Malaria,5,1,Under Surveillance,08-02-2024,2024-02-08,14-02-2024,2024-02-14,2024-02-12,2024-02-18,TEXT,HIGH,,UNVALIDATED,Official IDSP unique ID: MH/THN/2024/07/228
MAHA-2024-W08-001,2024,8,NCDC weekly outbreaks/2024/week8_1788951359.pdf,9,08,MATCH,Maharashtra,Buldhana,Buldhana,Food Poisoning,Food_Poisoning,208,0,Under Control,20-02-2024,2024-02-20,22-02-2024,2024-02-22,2024-02-19,2024-02-25,TEXT,HIGH,,UNVALIDATED,Official IDSP unique ID: MH/BUL/2024/08/262
MAHA-2024-W08-002,2024,8,NCDC weekly outbreaks/2024/week8_1788951359.pdf,10,08,MATCH,Maharashtra,Nandurbar,Nandurbar,Acute Diarrheal Disease,Acute_Diarrheal_Disease,193,0,Under Surveillance,21-02-2024,2024-02-21,23-02-2024,2024-02-23,2024-02-19,2024-02-25,TEXT,HIGH,,UNVALIDATED,Official IDSP unique ID: MH/NDB/2024/08/263
MAHA-2024-W08-003,2024,8,NCDC weekly outbreaks/2024/week8_1788951359.pdf,10,08,MATCH,Maharashtra,Yavatmal,Yavatmal,Food Poisoning,Food_Poisoning,68,0,Under Control,20-02-2024,2024-02-20,20-02-2024,2024-02-20,2024-02-19,2024-02-25,TEXT,HIGH,,UNVALIDATED,Official IDSP unique ID: MH/YVT/2024/08/264
MAHA-2024-W09-001,2024,9,NCDC weekly outbreaks/2024/week9_1788951370.pdf,16,09,MATCH,Maharashtra,Ahmednagar,Ahmednagar,Acute Diarrheal Disease,Acute_Diarrheal_Disease,122,0,Under Surveillance,29-02-2024,2024-02-29,29-02-2024,2024-02-29,2024-02-26,2024-03-03,TEXT,HIGH,,UNVALIDATED,Official IDSP unique ID: MH/AMN/2024/09/326
MAHA-2024-W09-002,2024,9,NCDC weekly outbreaks/2024/week9_1788951370.pdf,16,09,MATCH,Maharashtra,Akola,Akola,Acute Diarrheal Disease,Acute_Diarrheal_Disease,10,0,Under Surveillance,27-02-2024,2024-02-27,28-02-2024,2024-02-28,2024-02-26,2024-03-03,TEXT,HIGH,,UNVALIDATED,Official IDSP unique ID: MH/AKL/2024/09/327
MAHA-2024-W09-003,2024,9,NCDC weekly outbreaks/2024/week9_1788951370.pdf,17,09,MATCH,Maharashtra,Palghar,Palghar,Acute Diarrheal Disease,Acute_Diarrheal_Disease,15,0,Under Surveillance,01-03-2024,2024-03-01,01-03-2024,2024-03-01,2024-02-26,2024-03-03,TEXT,HIGH,,UNVALIDATED,Official IDSP unique ID: MH/PLR/2024/09/328
MAHA-2024-W10-001,2024,10,NCDC weekly outbreaks/2024/week10_1788951380.pdf,7,10,MATCH,Maharashtra,Dhule,Dhule,Food Poisoning,Food_Poisoning,25,0,Under Surveillance,09-03-2024,2024-03-09,09-03-2024,2024-03-09,2024-03-04,2024-03-10,TEXT,HIGH,,UNVALIDATED,Official IDSP unique ID: MH/DHL/2024/10/360
MAHA-2024-W10-002,2024,10,NCDC weekly outbreaks/2024/week10_1788951380.pdf,7,10,MATCH,Maharashtra,Hingoli,Hingoli,Acute Diarrheal Disease,Acute_Diarrheal_Disease,21,0,Under Surveillance,08-03-2024,2024-03-08,10-03-2024,2024-03-10,2024-03-04,2024-03-10,TEXT,HIGH,,UNVALIDATED,Official IDSP unique ID: MH/HIN/2024/10/361
MAHA-2024-W10-003,2024,10,NCDC weekly outbreaks/2024/week10_1788951380.pdf,8,10,MATCH,Maharashtra,Kolhapur,Kolhapur,Hepatitis A,Hepatitis,22,0,Under Surveillance,05-03-2024,2024-03-05,06-03-2024,2024-03-06,2024-03-04,2024-03-10,TEXT,HIGH,,UNVALIDATED,Official IDSP unique ID: MH/KOP/2024/10/362
MAHA-2024-W10-004,2024,10,NCDC weekly outbreaks/2024/week10_1788951380.pdf,8,10,MATCH,Maharashtra,Latur,Latur,Food Poisoning,Food_Poisoning,48,0,Under Control,08-03-2024,2024-03-08,10-03-2024,2024-03-10,2024-03-04,2024-03-10,TEXT,HIGH,,UNVALIDATED,Official IDSP unique ID: MH/LTR/2024/10/363
MAHA-2024-W10-005,2024,10,NCDC weekly outbreaks/2024/week10_1788951380.pdf,8,10,MATCH,Maharashtra,Nandurbar,Nandurbar,Acute Diarrheal Disease,Acute_Diarrheal_Disease,18,0,Under Surveillance,09-03-2024,2024-03-09,09-03-2024,2024-03-09,2024-03-04,2024-03-10,TEXT,HIGH,,UNVALIDATED,Official IDSP unique ID: MH/NDB/2024/10/364
MAHA-2024-W10-006,2024,10,NCDC weekly outbreaks/2024/week10_1788951380.pdf,8,10,MATCH,Maharashtra,Nandurbar,Nandurbar,Acute Diarrheal Disease,Acute_Diarrheal_Disease,76,0,Under Surveillance,08-03-2024,2024-03-08,08-03-2024,2024-03-08,2024-03-04,2024-03-10,TEXT,HIGH,,UNVALIDATED,Official IDSP unique ID: MH/NDB/2024/10/365
MAHA-2024-W10-007,2024,10,NCDC weekly outbreaks/2024/week10_1788951380.pdf,9,10,MATCH,Maharashtra,Sindhudurg,Sindhudurg,Acute Diarrheal Disease,Acute_Diarrheal_Disease,146,0,Under Surveillance,08-03-2024,2024-03-08,08-03-2024,2024-03-08,2024-03-04,2024-03-10,TEXT,HIGH,,UNVALIDATED,Official IDSP unique ID: MH/SIN/2024/10/366
MAHA-2024-W11-001,2024,11,NCDC weekly outbreaks/2024/week11_1788951396.pdf,15,11,MATCH,Maharashtra,Amravati,Amravati,Malaria,Malaria,64,0,Under Surveillance,12-03-2024,2024-03-12,13-03-2024,2024-03-13,2024-03-11,2024-03-17,TEXT,HIGH,,UNVALIDATED,Official IDSP unique ID: MH/AMR/2024/11/426
MAHA-2024-W11-002,2024,11,NCDC weekly outbreaks/2024/week11_1788951396.pdf,15,11,MATCH,Maharashtra,Dhule,Dhule,Acute Diarrheal Disease,Acute_Diarrheal_Disease,118,0,Under Surveillance,14-03-2024,2024-03-14,15-03-2024,2024-03-15,2024-03-11,2024-03-17,TEXT,HIGH,,UNVALIDATED,Official IDSP unique ID: MH/DHL/2024/11/427
MAHA-2024-W11-003,2024,11,NCDC weekly outbreaks/2024/week11_1788951396.pdf,16,11,MATCH,Maharashtra,Gadchiroli,Gadchiroli,Malaria,Malaria,34,1,Under Control,13-03-2024,2024-03-13,13-03-2024,2024-03-13,2024-03-11,2024-03-17,TEXT,HIGH,,UNVALIDATED,Official IDSP unique ID: MH/GAD/2024/11/428
MAHA-2024-W11-004,2024,11,NCDC weekly outbreaks/2024/week11_1788951396.pdf,16,11,MATCH,Maharashtra,Gadchiroli,Gadchiroli,Malaria,Malaria,249,1,Under Control,09-03-2024,2024-03-09,11-03-2024,2024-03-11,2024-03-11,2024-03-17,TEXT,HIGH,,UNVALIDATED,Official IDSP unique ID: MH/GAD/2024/11/429
MAHA-2024-W11-005,2024,11,NCDC weekly outbreaks/2024/week11_1788951396.pdf,16,11,MATCH,Maharashtra,Jalna,Jalna,Acute Diarrheal Disease,Acute_Diarrheal_Disease,33,0,Under Control,09-03-2024,2024-03-09,12-03-2024,2024-03-12,2024-03-11,2024-03-17,TEXT,HIGH,,UNVALIDATED,Official IDSP unique ID: MH/JLN/2024/11/430
MAHA-2024-W11-006,2024,11,NCDC weekly outbreaks/2024/week11_1788951396.pdf,17,11,MATCH,Maharashtra,Kolhapur,Kolhapur,Acute Diarrheal Disease,Acute_Diarrheal_Disease,41,0,Under Surveillance,14-03-2024,2024-03-14,14-03-2024,2024-03-14,2024-03-11,2024-03-17,TEXT,HIGH,,UNVALIDATED,Official IDSP unique ID: MH/KOP/2024/11/431
MAHA-2024-W11-007,2024,11,NCDC weekly outbreaks/2024/week11_1788951396.pdf,17,11,MATCH,Maharashtra,Latur,Latur,Dengue,Dengue,5,0,Under Surveillance,15-03-2024,2024-03-15,15-03-2024,2024-03-15,2024-03-11,2024-03-17,TEXT,HIGH,,UNVALIDATED,Official IDSP unique ID: MH/LTR/2024/11/432
MAHA-2024-W11-008,2024,11,NCDC weekly outbreaks/2024/week11_1788951396.pdf,17,11,MATCH,Maharashtra,Nagpur,Nagpur,Acute Diarrheal Disease,Acute_Diarrheal_Disease,22,0,Under Control,10-03-2024,2024-03-10,11-03-2024,2024-03-11,2024-03-11,2024-03-17,TEXT,HIGH,,UNVALIDATED,Official IDSP unique ID: MH/NGP/2024/11/433
MAHA-2024-W11-009,2024,11,NCDC weekly outbreaks/2024/week11_1788951396.pdf,18,11,MATCH,Maharashtra,Nagpur,Nagpur,Acute Diarrheal Disease,Acute_Diarrheal_Disease,13,0,Under Control,10-03-2024,2024-03-10,11-03-2024,2024-03-11,2024-03-11,2024-03-17,TEXT,HIGH,,UNVALIDATED,Official IDSP unique ID: MH/NGP/2024/11/434
MAHA-2024-W11-010,2024,11,NCDC weekly outbreaks/2024/week11_1788951396.pdf,18,11,MATCH,Maharashtra,Osmanabad,Osmanabad,Chikungunya,Chikungunya,10,0,Under Surveillance,16-03-2024,2024-03-16,16-03-2024,2024-03-16,2024-03-11,2024-03-17,TEXT,HIGH,,UNVALIDATED,Official IDSP unique ID: MH/OSM/2024/11/435
MAHA-2024-W11-011,2024,11,NCDC weekly outbreaks/2024/week11_1788951396.pdf,18,11,MATCH,Maharashtra,Osmanabad,Osmanabad,Chikungunya & Dengue,Dengue,7,0,Under Surveillance,13-03-2024,2024-03-13,13-03-2024,2024-03-13,2024-03-11,2024-03-17,TEXT,HIGH,,UNVALIDATED,Official IDSP unique ID: MH/OSM/2024/11/436
MAHA-2024-W12-001,2024,12,NCDC weekly outbreaks/2024/week12_1788951408.pdf,12,12,MATCH,Maharashtra,Akola,Akola,Dengue,Dengue,26,0,Under Control,23-03-2024,2024-03-23,23-03-2024,2024-03-23,2024-03-18,2024-03-24,TEXT,HIGH,,UNVALIDATED,Official IDSP unique ID: MH/AKL/2024/12/492
MAHA-2024-W12-002,2024,12,NCDC weekly outbreaks/2024/week12_1788951408.pdf,13,12,MATCH,Maharashtra,Amravati,Amravati,Dengue,Dengue,64,0,Under Control,20-03-2024,2024-03-20,20-03-2024,2024-03-20,2024-03-18,2024-03-24,TEXT,HIGH,,UNVALIDATED,Official IDSP unique ID: MH/AMR/2024/12/493
MAHA-2024-W12-003,2024,12,NCDC weekly outbreaks/2024/week12_1788951408.pdf,13,12,MATCH,Maharashtra,Osmanabad,Osmanabad,Dengue,Dengue,6,1,Under Control,22-03-2024,2024-03-22,23-03-2024,2024-03-23,2024-03-18,2024-03-24,TEXT,HIGH,,UNVALIDATED,Official IDSP unique ID: MH/OSM/2024/12/494
MAHA-2024-W12-004,2024,12,NCDC weekly outbreaks/2024/week12_1788951408.pdf,13,12,MATCH,Maharashtra,Beed,Beed,Dengue & Chikungunya,Dengue_Chikungunya,15,0,Under Control,19-03-2024,2024-03-19,20-03-2024,2024-03-20,2024-03-18,2024-03-24,TEXT,HIGH,,UNVALIDATED,Official IDSP unique ID: MH/OSM/2024/12/495
MAHA-2024-W13-001,2024,13,NCDC weekly outbreaks/2024/week13_1788951420.pdf,10,12,MATCH,Maharashtra,Akola,Akola,Hepatitis A,Hepatitis,96,0,Under Control,30-03-2024,2024-03-30,30-03-2024,2024-03-30,2024-03-25,2024-03-31,TEXT,HIGH,,UNVALIDATED,Official IDSP unique ID: MH/AKL/2024/12/539
MAHA-2024-W13-002,2024,13,NCDC weekly outbreaks/2024/week13_1788951420.pdf,15,12,MATCH,Maharashtra,Pune,Pune,Chikungunya,Chikungunya,9,0,Under Control,23-03-2024,2024-03-23,23-03-2024,2024-03-23,2024-03-25,2024-03-31,TEXT,HIGH,,UNVALIDATED,Official IDSP unique ID: MH/PNE/2024/12/551
MAHA-2024-W14-001,2024,14,NCDC weekly outbreaks/2024/week14_1788951433.pdf,12,14,MATCH,Maharashtra,Raigad,Raigad,Dengue,Dengue,5,1,Under Surveillance,03-04-2024,2024-04-03,05-04-2024,2024-04-05,2024-04-01,2024-04-07,TEXT,HIGH,,UNVALIDATED,Official IDSP unique ID: MH/RGD/2024/14/582
MAHA-2024-W15-001,2024,15,NCDC weekly outbreaks/2024/week15_1788951443.pdf,14,15,MATCH,Maharashtra,Chandrapur,Chandrapur,Food Poisoning,Food_Poisoning,258,1,Under Control,14-04-2024,2024-04-14,14-04-2024,2024-04-14,2024-04-08,2024-04-14,TEXT,HIGH,,UNVALIDATED,Official IDSP unique ID: MH/CND/2024/15/635
MAHA-2024-W15-002,2024,15,NCDC weekly outbreaks/2024/week15_1788951443.pdf,14,15,MATCH,Maharashtra,Chandrapur,Chandrapur,Malaria,Malaria,25,0,Under Surveillance,12-04-2024,2024-04-12,12-04-2024,2024-04-12,2024-04-08,2024-04-14,TEXT,HIGH,,UNVALIDATED,Official IDSP unique ID: MH/CND/2024/15/636
MAHA-2024-W15-003,2024,15,NCDC weekly outbreaks/2024/week15_1788951443.pdf,15,15,MATCH,Maharashtra,Jalna,Jalna,Acute Diarrheal Disease,Acute_Diarrheal_Disease,25,0,Under Control,06-04-2024,2024-04-06,09-04-2024,2024-04-09,2024-04-08,2024-04-14,TEXT,HIGH,,UNVALIDATED,Official IDSP unique ID: MH/JLN/2024/15/637
MAHA-2024-W15-004,2024,15,NCDC weekly outbreaks/2024/week15_1788951443.pdf,15,15,MATCH,Maharashtra,Kolhapur,Kolhapur,Chikungunya,Chikungunya,6,0,Under Control,12-04-2024,2024-04-12,12-04-2024,2024-04-12,2024-04-08,2024-04-14,TEXT,HIGH,,UNVALIDATED,Official IDSP unique ID: MH/KOP/2024/15/638
MAHA-2024-W15-005,2024,15,NCDC weekly outbreaks/2024/week15_1788951443.pdf,15,15,MATCH,Maharashtra,Beed,Beed,Dengue & Chikungunya,Dengue_Chikungunya,22,0,Under Control,04-04-2024,2024-04-04,08-04-2024,2024-04-08,2024-04-08,2024-04-14,TEXT,HIGH,,UNVALIDATED,Official IDSP unique ID: MH/OSM/2024/15/639
MAHA-2024-W15-006,2024,15,NCDC weekly outbreaks/2024/week15_1788951443.pdf,16,15,MATCH,Maharashtra,Pune,Pune,Acute Diarrheal Disease,Acute_Diarrheal_Disease,24,0,Under Control,28-03-2024,2024-03-28,12-04-2024,2024-04-12,2024-04-08,2024-04-14,TEXT,HIGH,,UNVALIDATED,Official IDSP unique ID: MH/PNE/2024/15/640
MAHA-2024-W15-007,2024,15,NCDC weekly outbreaks/2024/week15_1788951443.pdf,16,15,MATCH,Maharashtra,Satara,Satara,Acute Diarrheal Disease,Acute_Diarrheal_Disease,68,0,Under Control,09-04-2024,2024-04-09,10-04-2024,2024-04-10,2024-04-08,2024-04-14,TEXT,HIGH,,UNVALIDATED,Official IDSP unique ID: MH/STA/2024/15/641
MAHA-2024-W15-008,2024,15,NCDC weekly outbreaks/2024/week15_1788951443.pdf,16,15,MATCH,Maharashtra,Wardha,Wardha,Dengue,Dengue,36,1,Under Control,08-04-2024,2024-04-08,10-04-2024,2024-04-10,2024-04-08,2024-04-14,TEXT,HIGH,,UNVALIDATED,Official IDSP unique ID: MH/WDH/2024/15/642
MAHA-2024-W15-009,2024,15,NCDC weekly outbreaks/2024/week15_1788951443.pdf,21,15,MATCH,Maharashtra,Pune,Pune,Satara Dengue,Dengue,5,0,Under Control,03-04-2024,2024-04-03,11-03-2024,2024-03-11,2024-04-08,2024-04-14,TEXT,HIGH,,UNVALIDATED,Official IDSP unique ID: MH/STA/2024/15/656
MAHA-2024-W16-001,2024,16,NCDC weekly outbreaks/2024/week16_1788951454.pdf,14,16,MATCH,Maharashtra,Ahmednagar,Ahmednagar,Scrub Typhus,Scrub_Typhus,14,0,Under Surveillance,16-04-2024,2024-04-16,16-04-2024,2024-04-16,2024-04-15,2024-04-21,TEXT,HIGH,,UNVALIDATED,Official IDSP unique ID: MH/AMN/2024/16/691
MAHA-2024-W16-002,2024,16,NCDC weekly outbreaks/2024/week16_1788951454.pdf,14,16,MATCH,Maharashtra,Bhandara,Bhandara,Acute Diarrheal Disease,Acute_Diarrheal_Disease,39,0,Under Surveillance,18-04-2024,2024-04-18,18-04-2024,2024-04-18,2024-04-15,2024-04-21,TEXT,HIGH,,UNVALIDATED,Official IDSP unique ID: MH/BNR/2024/16/693
MAHA-2024-W16-003,2024,16,NCDC weekly outbreaks/2024/week16_1788951454.pdf,15,16,MATCH,Maharashtra,Kolhapur,Kolhapur,Hepatitis A,Hepatitis,12,0,Under Surveillance,17-04-2024,2024-04-17,17-04-2024,2024-04-17,2024-04-15,2024-04-21,TEXT,HIGH,,UNVALIDATED,Official IDSP unique ID: MH/KOP/2024/16/694
MAHA-2024-W16-004,2024,16,NCDC weekly outbreaks/2024/week16_1788951454.pdf,15,16,MATCH,Maharashtra,Kolhapur,Kolhapur,Hepatitis A,Hepatitis,48,0,Under Surveillance,17-04-2024,2024-04-17,17-04-2024,2024-04-17,2024-04-15,2024-04-21,TEXT,HIGH,,UNVALIDATED,Official IDSP unique ID: MH/KOP/2024/16/695
MAHA-2024-W16-005,2024,16,NCDC weekly outbreaks/2024/week16_1788951454.pdf,15,16,MATCH,Maharashtra,Pune,Pune,Food Poisoning,Food_Poisoning,59,0,Under Surveillance,20-04-2024,2024-04-20,21-04-2024,2024-04-21,2024-04-15,2024-04-21,TEXT,HIGH,,UNVALIDATED,Official IDSP unique ID: MH/PNE/2024/16/696
MAHA-2024-W16-006,2024,16,NCDC weekly outbreaks/2024/week16_1788951454.pdf,16,16,MATCH,Maharashtra,Raigad,Raigad,Hepatitis A,Hepatitis,11,1,Under Surveillance,19-04-2024,2024-04-19,19-04-2024,2024-04-19,2024-04-15,2024-04-21,TEXT,HIGH,,UNVALIDATED,Official IDSP unique ID: MH/RGD/2024/16/697
MAHA-2024-W17-001,2024,17,NCDC weekly outbreaks/2024/week17_1788951485.pdf,18,17,MATCH,Maharashtra,Chandrapur,Chandrapur,Dengue,Dengue,6,0,Under Control,23-04-2024,2024-04-23,23-04-2024,2024-04-23,2024-04-22,2024-04-28,TEXT,HIGH,,UNVALIDATED,Official IDSP unique ID: MH/CND/2024/17/664
MAHA-2024-W17-002,2024,17,NCDC weekly outbreaks/2024/week17_1788951485.pdf,18,17,MATCH,Maharashtra,Kolhapur,Kolhapur,Food Poisoning,Food_Poisoning,34,0,Under Control,28-04-2024,2024-04-28,28-04-2024,2024-04-28,2024-04-22,2024-04-28,TEXT,HIGH,,UNVALIDATED,Official IDSP unique ID: MH/KOP/2024/17/765
MAHA-2024-W17-003,2024,17,NCDC weekly outbreaks/2024/week17_1788951485.pdf,19,17,MATCH,Maharashtra,Nagpur,Nagpur,Scrub Typhus,Scrub_Typhus,12,1,Under Control,22-04-2024,2024-04-22,23-04-2024,2024-04-23,2024-04-22,2024-04-28,TEXT,HIGH,,UNVALIDATED,Official IDSP unique ID: MH/NGP/2024/17/766
MAHA-2024-W17-004,2024,17,NCDC weekly outbreaks/2024/week17_1788951485.pdf,19,17,MATCH,Maharashtra,Nanded,Nanded,Dengue,Dengue,6,0,Under Control,25-04-2024,2024-04-25,26-04-2024,2024-04-26,2024-04-22,2024-04-28,TEXT,HIGH,,UNVALIDATED,Official IDSP unique ID: MH/NDD/2024/17/767
MAHA-2024-W17-005,2024,17,NCDC weekly outbreaks/2024/week17_1788951485.pdf,19,17,MATCH,Maharashtra,Raigad,Raigad,Dengue,Dengue,8,0,Under Control,19-04-2024,2024-04-19,23-04-2024,2024-04-23,2024-04-22,2024-04-28,TEXT,HIGH,,UNVALIDATED,Official IDSP unique ID: MH/RGD/2024/17/768
MAHA-2024-W17-006,2024,17,NCDC weekly outbreaks/2024/week17_1788951485.pdf,20,17,MATCH,Maharashtra,Akola,Akola,Dengue,Dengue,11,0,Under Control,24-04-2024,2024-04-24,24-04-2024,2024-04-24,2024-04-22,2024-04-28,TEXT,HIGH,,UNVALIDATED,Official IDSP unique ID: MH/WAS/2024/17/769
MAHA-2024-W17-007,2024,17,NCDC weekly outbreaks/2024/week17_1788951485.pdf,28,17,MATCH,Maharashtra,Yavatmal,Yavatmal,Dengue,Dengue,14,0,Under Surveillance,13-04-2024,2024-04-13,01-04-2024,2024-04-01,2024-04-22,2024-04-28,TEXT,HIGH,,UNVALIDATED,Official IDSP unique ID: MH/YVT/2024/17/793
MAHA-2024-W18-001,2024,18,NCDC weekly outbreaks/2024/week18_1788951496.pdf,16,18,MATCH,Maharashtra,Akola,Akola,Dengue,Dengue,22,0,Under Control,03-05-2024,2024-05-03,03-05-2024,2024-05-03,2024-04-29,2024-05-05,TEXT,HIGH,,UNVALIDATED,Official IDSP unique ID: MH/AKL/2024/18/836
MAHA-2024-W18-002,2024,18,NCDC weekly outbreaks/2024/week18_1788951496.pdf,17,18,MATCH,Maharashtra,Chandrapur,Chandrapur,Leptospirosis,Leptospirosis,7,1,Under Control,02-05-2024,2024-05-02,02-05-2024,2024-05-02,2024-04-29,2024-05-05,TEXT,HIGH,,UNVALIDATED,Official IDSP unique ID: MH/CND/2024/18/837
MAHA-2024-W18-003,2024,18,NCDC weekly outbreaks/2024/week18_1788951496.pdf,17,18,MATCH,Maharashtra,Kolhapur,Kolhapur,Suspected Acute Hepatitis,Hepatitis,24,0,Under Surveillance,02-05-2024,2024-05-02,02-05-2024,2024-05-02,2024-04-29,2024-05-05,TEXT,HIGH,,UNVALIDATED,Official IDSP unique ID: MH/KOP/2024/18/838
MAHA-2024-W18-004,2024,18,NCDC weekly outbreaks/2024/week18_1788951496.pdf,17,18,MATCH,Maharashtra,Nanded,Nanded,Parbhani Chikungunya,Chikungunya,11,0,Under Control,01-05-2024,2024-05-01,03-05-2024,2024-05-03,2024-04-29,2024-05-05,TEXT,HIGH,,UNVALIDATED,Official IDSP unique ID: MH/PRB/2024/18/839
MAHA-2024-W18-005,2024,18,NCDC weekly outbreaks/2024/week18_1788951496.pdf,18,18,MATCH,Maharashtra,Pune,Pune,Acute Diarrheal Disease,Acute_Diarrheal_Disease,20,0,Under Control,29-04-2024,2024-04-29,03-05-2024,2024-05-03,2024-04-29,2024-05-05,TEXT,HIGH,,UNVALIDATED,Official IDSP unique ID: MH/PNE/2024/18/840
MAHA-2024-W18-006,2024,18,NCDC weekly outbreaks/2024/week18_1788951496.pdf,18,18,MATCH,Maharashtra,Pune,Pune,Satara Dengue,Dengue,10,0,Under Control,03-05-2024,2024-05-03,03-05-2024,2024-05-03,2024-04-29,2024-05-05,TEXT,HIGH,,UNVALIDATED,Official IDSP unique ID: MH/STA/2024/18/841
MAHA-2024-W18-007,2024,18,NCDC weekly outbreaks/2024/week18_1788951496.pdf,18,18,MATCH,Maharashtra,Thane,Thane,Acute Diarrheal Disease,Acute_Diarrheal_Disease,53,0,Under Surveillance,03-05-2024,2024-05-03,03-05-2024,2024-05-03,2024-04-29,2024-05-05,TEXT,HIGH,,UNVALIDATED,Official IDSP unique ID: MH/THN/2024/18/842
MAHA-2024-W19-001,2024,19,NCDC weekly outbreaks/2024/week19_1788951508.pdf,12,19,MATCH,Maharashtra,Ahmednagar,Ahmednagar,Chikungunya,Chikungunya,11,0,Under Surveillance,09-05-2024,2024-05-09,09-05-2024,2024-05-09,2024-05-06,2024-05-12,TEXT,HIGH,,UNVALIDATED,Official IDSP unique ID: MH/AMN/2024/19/891
MAHA-2024-W19-002,2024,19,NCDC weekly outbreaks/2024/week19_1788951508.pdf,16,19,MATCH,Maharashtra,Wardha,Wardha,Dengue,Dengue,9,0,Under Surveillance,27-04-2024,2024-04-27,29-04-2024,2024-04-29,2024-05-06,2024-05-12,TEXT,HIGH,,UNVALIDATED,Official IDSP unique ID: MH/WDH/2024/19/904
MAHA-2024-W20-001,2024,20,NCDC weekly outbreaks/2024/week20_1788951522.pdf,17,20,MATCH,Maharashtra,Kolhapur,Kolhapur,Acute Diarrheal Disease,Acute_Diarrheal_Disease,103,0,Under Control,18-05-2024,2024-05-18,18-05-2024,2024-05-18,2024-05-13,2024-05-19,TEXT,HIGH,,UNVALIDATED,Official IDSP unique ID: MH/KOP/2024/20/955
MAHA-2024-W20-002,2024,20,NCDC weekly outbreaks/2024/week20_1788951522.pdf,17,20,MATCH,Maharashtra,Nanded,Nanded,Dengue,Dengue,7,0,Under Control,16-05-2024,2024-05-16,17-05-2024,2024-05-17,2024-05-13,2024-05-19,TEXT,HIGH,,UNVALIDATED,Official IDSP unique ID: MH/NAN/2024/20/956
MAHA-2024-W20-003,2024,20,NCDC weekly outbreaks/2024/week20_1788951522.pdf,18,20,MATCH,Maharashtra,Nanded,Nanded,Food Poisoning,Food_Poisoning,30,0,Under Control,16-05-2024,2024-05-16,16-05-2024,2024-05-16,2024-05-13,2024-05-19,TEXT,HIGH,,UNVALIDATED,Official IDSP unique ID: MH/NAN/2024/20/957
MAHA-2024-W20-004,2024,20,NCDC weekly outbreaks/2024/week20_1788951522.pdf,18,20,MATCH,Maharashtra,Raigad,Raigad,Dengue,Dengue,24,0,Under Surveillance,17-05-2024,2024-05-17,18-05-2024,2024-05-18,2024-05-13,2024-05-19,TEXT,HIGH,,UNVALIDATED,Official IDSP unique ID: MH/RGD/2024/20/958
MAHA-2024-W20-005,2024,20,NCDC weekly outbreaks/2024/week20_1788951522.pdf,18,20,MATCH,Maharashtra,Pune,Pune,Satara Dengue,Dengue,16,0,Under Surveillance,17-05-2024,2024-05-17,17-05-2024,2024-05-17,2024-05-13,2024-05-19,TEXT,HIGH,,UNVALIDATED,Official IDSP unique ID: MH/STA/2024/20/959
MAHA-2024-W20-006,2024,20,NCDC weekly outbreaks/2024/week20_1788951522.pdf,18,20,MATCH,Maharashtra,Akola,Akola,Dengue,Dengue,6,0,Under Control,16-05-2024,2024-05-16,16-05-2024,2024-05-16,2024-05-13,2024-05-19,TEXT,HIGH,,UNVALIDATED,Official IDSP unique ID: MH/WAS/2024/20/960
MAHA-2024-W20-007,2024,20,NCDC weekly outbreaks/2024/week20_1788951522.pdf,23,20,MATCH,Maharashtra,Mumbai,Mumbai City,Suburban Food Poisoning,Food_Poisoning,17,1,Under Control,08-05-2024,2024-05-08,10-04-2024,2024-04-10,2024-05-13,2024-05-19,TEXT,HIGH,,UNVALIDATED,Official IDSP unique ID: MH/MMB/2024/20/974
MAHA-2024-W21-001,2024,21,NCDC weekly outbreaks/2024/week21_1788951532.pdf,14,21,MATCH,Maharashtra,Akola,Akola,Cholera,Cholera,65,0,Under Surveillance,26-04-2024,2024-04-26,26-05-2024,2024-05-26,2024-05-20,2024-05-26,TEXT,HIGH,,UNVALIDATED,Official IDSP unique ID: MH/AKL/2024/21/1013
MAHA-2024-W21-002,2024,21,NCDC weekly outbreaks/2024/week21_1788951532.pdf,14,21,MATCH,Maharashtra,Aurangabad,Aurangabad,Jalgaon Cholera,Cholera,89,0,Under Surveillance,21-05-2024,2024-05-21,24-05-2024,2024-05-24,2024-05-20,2024-05-26,TEXT,HIGH,,UNVALIDATED,Official IDSP unique ID: MH/JGA/2024/21/1014
MAHA-2024-W21-003,2024,21,NCDC weekly outbreaks/2024/week21_1788951532.pdf,14,21,MATCH,Maharashtra,Nagpur,Nagpur,Dengue,Dengue,16,1,Under Control,22-05-2024,2024-05-22,22-05-2024,2024-05-22,2024-05-20,2024-05-26,TEXT,HIGH,,UNVALIDATED,Official IDSP unique ID: MH/NAG/2024/21/1015
MAHA-2024-W21-004,2024,21,NCDC weekly outbreaks/2024/week21_1788951532.pdf,15,21,MATCH,Maharashtra,Sindhudurg,Sindhudurg,Acute Diarrheal Disease,Acute_Diarrheal_Disease,23,0,Under Surveillance,19-05-2024,2024-05-19,20-05-2024,2024-05-20,2024-05-20,2024-05-26,TEXT,HIGH,,UNVALIDATED,Official IDSP unique ID: MH/SIN/2024/21/1016
MAHA-2024-W21-005,2024,21,NCDC weekly outbreaks/2024/week21_1788951532.pdf,15,21,MATCH,Maharashtra,Nagpur,Nagpur,Yavatmal Food Poisoning,Food_Poisoning,18,0,Under Control,22-05-2024,2024-05-22,23-05-2024,2024-05-23,2024-05-20,2024-05-26,TEXT,HIGH,,UNVALIDATED,Official IDSP unique ID: MH/YVT/2024/21/1017
MAHA-2024-W21-006,2024,21,NCDC weekly outbreaks/2024/week21_1788951532.pdf,20,21,MATCH,Maharashtra,Kolhapur,Kolhapur,Chikungunya,Chikungunya,18,0,Under Control,03-05-2024,2024-05-03,25-04-2024,2024-04-25,2024-05-20,2024-05-26,TEXT,HIGH,,UNVALIDATED,Official IDSP unique ID: MH/KOP/2024/21/1034
MAHA-2024-W22-001,2024,22,NCDC weekly outbreaks/2024/week22_1788951544.pdf,16,22,MATCH,Maharashtra,Gadchiroli,Gadchiroli,Dengue,Dengue,48,0,Under Surveillance,25-01-2024,2024-01-25,27-05-2024,2024-05-27,2024-05-27,2024-06-02,TEXT,HIGH,,UNVALIDATED,Official IDSP unique ID: MH/GAD/2024/22/1087
MAHA-2024-W22-002,2024,22,NCDC weekly outbreaks/2024/week22_1788951544.pdf,17,22,MATCH,Maharashtra,Nanded,Nanded,Dengue,Dengue,12,0,Under Surveillance,28-05-2024,2024-05-28,29-05-2024,2024-05-29,2024-05-27,2024-06-02,TEXT,HIGH,,UNVALIDATED,Official IDSP unique ID: MH/NAN/2024/22/1088
MAHA-2024-W22-003,2024,22,NCDC weekly outbreaks/2024/week22_1788951544.pdf,17,22,MATCH,Maharashtra,Pune,Pune,Dengue,Dengue,7,0,Under Surveillance,25-05-2024,2024-05-25,29-05-2024,2024-05-29,2024-05-27,2024-06-02,TEXT,HIGH,,UNVALIDATED,Official IDSP unique ID: MH/PNE/2024/22/1089
MAHA-2024-W22-004,2024,22,NCDC weekly outbreaks/2024/week22_1788951544.pdf,17,22,MATCH,Maharashtra,Pune,Pune,Cholera,Cholera,5,0,Under Surveillance,20-05-2024,2024-05-20,28-05-2024,2024-05-28,2024-05-27,2024-06-02,TEXT,HIGH,,UNVALIDATED,Official IDSP unique ID: MH/PNE/2024/22/1090
MAHA-2024-W23-001,2024,23,NCDC weekly outbreaks/2024/week23_1788951559.pdf,11,23,MATCH,Maharashtra,Gadchiroli,Gadchiroli,Malaria,Malaria,8,1,Under Control,06-06-2024,2024-06-06,07-06-2024,2024-06-07,2024-06-03,2024-06-09,TEXT,HIGH,,UNVALIDATED,Official IDSP unique ID: MH/GAD/2024/23/1139
MAHA-2024-W23-002,2024,23,NCDC weekly outbreaks/2024/week23_1788951559.pdf,11,23,MATCH,Maharashtra,Kolhapur,Kolhapur,Zika Virus,Zika_Virus,1,0,Under Surveillance,03-06-2024,2024-06-03,03-06-2024,2024-06-03,2024-06-03,2024-06-09,TEXT,HIGH,,UNVALIDATED,Official IDSP unique ID: MH/KOP/2024/23/1140
MAHA-2024-W23-003,2024,23,NCDC weekly outbreaks/2024/week23_1788951559.pdf,12,23,MATCH,Maharashtra,Nagpur,Nagpur,Cholera,Cholera,5,0,Under Control,04-06-2024,2024-06-04,07-06-2024,2024-06-07,2024-06-03,2024-06-09,TEXT,HIGH,,UNVALIDATED,Official IDSP unique ID: MH/NAG/2024/23/1141
MAHA-2024-W23-004,2024,23,NCDC weekly outbreaks/2024/week23_1788951559.pdf,12,23,MATCH,Maharashtra,Thane,Thane,Dengue,Dengue,24,0,Under Surveillance,06-06-2024,2024-06-06,07-06-2024,2024-06-07,2024-06-03,2024-06-09,TEXT,HIGH,,UNVALIDATED,Official IDSP unique ID: MH/THN/2024/23/1142
MAHA-2024-W24-001,2024,24,NCDC weekly outbreaks/2024/week24_1788951570.pdf,18,24,MATCH,Maharashtra,Bhandara,Bhandara,Japanese Encephalitis,Japanese Encephalitis,3,1,Under Control,13-06-2024,2024-06-13,13-06-2024,2024-06-13,2024-06-10,2024-06-16,TEXT,HIGH,,UNVALIDATED,Official IDSP unique ID: MH/BNR/2024/24/1214
MAHA-2024-W24-002,2024,24,NCDC weekly outbreaks/2024/week24_1788951570.pdf,18,24,MATCH,Maharashtra,Gadchiroli,Gadchiroli,Malaria,Malaria,5,1,Under Control,08-06-2024,2024-06-08,12-06-2024,2024-06-12,2024-06-10,2024-06-16,TEXT,HIGH,,UNVALIDATED,Official IDSP unique ID: MH/GAG/2024/24/1215
MAHA-2024-W24-003,2024,24,NCDC weekly outbreaks/2024/week24_1788951570.pdf,18,24,MATCH,Maharashtra,Nagpur,Nagpur,Chikungunya,Chikungunya,40,0,Under Surveillance,10-06-2024,2024-06-10,11-06-2024,2024-06-11,2024-06-10,2024-06-16,TEXT,HIGH,,UNVALIDATED,Official IDSP unique ID: MH/NAG/2024/24/1216
MAHA-2024-W24-004,2024,24,NCDC weekly outbreaks/2024/week24_1788951570.pdf,19,24,MATCH,Maharashtra,Nanded,Nanded,Dengue,Dengue,13,0,Under Surveillance,07-06-2024,2024-06-07,13-06-2024,2024-06-13,2024-06-10,2024-06-16,TEXT,HIGH,,UNVALIDATED,Official IDSP unique ID: MH/NAN/2024/24/1217
MAHA-2024-W24-005,2024,24,NCDC weekly outbreaks/2024/week24_1788951570.pdf,19,24,MATCH,Maharashtra,Palghar,Palghar,Chikungunya,Chikungunya,6,0,Under Surveillance,14-06-2024,2024-06-14,15-06-2024,2024-06-15,2024-06-10,2024-06-16,TEXT,HIGH,,UNVALIDATED,Official IDSP unique ID: MH/PLR/2024/24/1218
MAHA-2024-W24-006,2024,24,NCDC weekly outbreaks/2024/week24_1788951570.pdf,19,24,MATCH,Maharashtra,Pune,Pune,Cholera,Cholera,81,0,Under Surveillance,11-06-2024,2024-06-11,13-06-2024,2024-06-13,2024-06-10,2024-06-16,TEXT,HIGH,,UNVALIDATED,Official IDSP unique ID: MH/PNE/2024/24/1219
MAHA-2024-W24-007,2024,24,NCDC weekly outbreaks/2024/week24_1788951570.pdf,20,24,MATCH,Maharashtra,Sangli,Sangli,Dengue,Dengue,8,1,Under Surveillance,12-06-2024,2024-06-12,11-06-2024,2024-06-11,2024-06-10,2024-06-16,TEXT,HIGH,,UNVALIDATED,Official IDSP unique ID: MH/SGL/2024/24/1220
MAHA-2024-W24-008,2024,24,NCDC weekly outbreaks/2024/week24_1788951570.pdf,20,24,MATCH,Maharashtra,Sangli,Sangli,Food Poisoning,Food_Poisoning,20,0,Under Control,12-06-2024,2024-06-12,11-06-2024,2024-06-11,2024-06-10,2024-06-16,TEXT,HIGH,,UNVALIDATED,Official IDSP unique ID: MH/SGL/2024/24/1221
MAHA-2024-W24-009,2024,24,NCDC weekly outbreaks/2024/week24_1788951570.pdf,20,24,MATCH,Maharashtra,Pune,Pune,Satara Acute Diarrheal Disease,Acute_Diarrheal_Disease,106,0,Under Surveillance,10-06-2024,2024-06-10,11-06-2024,2024-06-11,2024-06-10,2024-06-16,TEXT,HIGH,,UNVALIDATED,Official IDSP unique ID: MH/STA/2024/24/1222
MAHA-2024-W25-001,2024,25,NCDC weekly outbreaks/2024/week25_1788951582.pdf,14,25,MATCH,Maharashtra,Jalgaon,Jalgaon,Acute Diarrheal Disease,Acute_Diarrheal_Disease,115,0,Under Control,18-06-2024,2024-06-18,19-06-2024,2024-06-19,2024-06-17,2024-06-23,TEXT,HIGH,,UNVALIDATED,Official IDSP unique ID: MH/JGA/2024/25/1286
MAHA-2024-W25-002,2024,25,NCDC weekly outbreaks/2024/week25_1788951582.pdf,15,25,MATCH,Maharashtra,Kolhapur,Kolhapur,Dengue,Dengue,24,0,Under Surveillance,22-06-2024,2024-06-22,23-06-2024,2024-06-23,2024-06-17,2024-06-23,TEXT,HIGH,,UNVALIDATED,Official IDSP unique ID: MH/KOP/2024/25/1287
MAHA-2024-W25-003,2024,25,NCDC weekly outbreaks/2024/week25_1788951582.pdf,15,25,MATCH,Maharashtra,Kolhapur,Kolhapur,Hepatitis A,Hepatitis,35,0,Under Surveillance,20-06-2024,2024-06-20,20-06-2024,2024-06-20,2024-06-17,2024-06-23,TEXT,HIGH,,UNVALIDATED,Official IDSP unique ID: MH/KOP/2024/25/1288
MAHA-2024-W25-004,2024,25,NCDC weekly outbreaks/2024/week25_1788951582.pdf,15,25,MATCH,Maharashtra,Osmanabad,Osmanabad,Dengue,Dengue,14,0,Under Control,19-06-2024,2024-06-19,20-06-2024,2024-06-20,2024-06-17,2024-06-23,TEXT,HIGH,,UNVALIDATED,Official IDSP unique ID: MH/OSM/2024/25/1289
MAHA-2024-W26-001,2024,26,NCDC weekly outbreaks/2024/week26_1788951715.pdf,12,26,MATCH,Maharashtra,Gondia,Gondia,Acute Diarrheal Disease,Acute_Diarrheal_Disease,6,1,Under Control,27-06-2024,2024-06-27,27-06-2024,2024-06-27,2024-06-24,2024-06-30,TEXT,HIGH,,UNVALIDATED,Official IDSP unique ID: MH/GOD/2024/26/1335
MAHA-2024-W26-002,2024,26,NCDC weekly outbreaks/2024/week26_1788951715.pdf,13,26,MATCH,Maharashtra,Gondia,Gondia,Pertussis,Pertussis,9,0,Under Control,24-06-2024,2024-06-24,24-06-2024,2024-06-24,2024-06-24,2024-06-30,TEXT,HIGH,,UNVALIDATED,Official IDSP unique ID: MH/GOD/2024/26/1336
MAHA-2024-W26-003,2024,26,NCDC weekly outbreaks/2024/week26_1788951715.pdf,13,26,MATCH,Maharashtra,Jalna,Jalna,Acute Diarrheal Disease,Acute_Diarrheal_Disease,23,0,Under Control,24-06-2024,2024-06-24,26-06-2024,2024-06-26,2024-06-24,2024-06-30,TEXT,HIGH,,UNVALIDATED,Official IDSP unique ID: MH/JLN/2024/26/1337
MAHA-2024-W26-004,2024,26,NCDC weekly outbreaks/2024/week26_1788951715.pdf,13,26,MATCH,Maharashtra,Kolhapur,Kolhapur,Chikungunya,Chikungunya,7,0,Under Surveillance,29-06-2024,2024-06-29,29-06-2024,2024-06-29,2024-06-24,2024-06-30,TEXT,HIGH,,UNVALIDATED,Official IDSP unique ID: MH/KOP/2024/26/1338
MAHA-2024-W26-005,2024,26,NCDC weekly outbreaks/2024/week26_1788951715.pdf,14,26,MATCH,Maharashtra,Kolhapur,Kolhapur,Cholera,Cholera,7,0,Under Surveillance,28-06-2024,2024-06-28,28-06-2024,2024-06-28,2024-06-24,2024-06-30,TEXT,HIGH,,UNVALIDATED,Official IDSP unique ID: MH/KOP/2024/26/1339
MAHA-2024-W26-006,2024,26,NCDC weekly outbreaks/2024/week26_1788951715.pdf,14,26,MATCH,Maharashtra,Kolhapur,Kolhapur,Dengue,Dengue,1,1,Under Surveillance,25-06-2024,2024-06-25,25-06-2024,2024-06-25,2024-06-24,2024-06-30,TEXT,HIGH,,UNVALIDATED,Official IDSP unique ID: MH/KOP/2024/26/1340
MAHA-2024-W26-007,2024,26,NCDC weekly outbreaks/2024/week26_1788951715.pdf,14,26,MATCH,Maharashtra,Nanded,Nanded,Acute Diarrheal Disease,Acute_Diarrheal_Disease,30,0,Under Surveillance,27-06-2024,2024-06-27,27-06-2024,2024-06-27,2024-06-24,2024-06-30,TEXT,HIGH,,UNVALIDATED,Official IDSP unique ID: MH/NAN/2024/26/1341
MAHA-2024-W26-008,2024,26,NCDC weekly outbreaks/2024/week26_1788951715.pdf,15,26,MATCH,Maharashtra,Pune,Pune,Zika Virus,Zika_Virus,8,0,Under Surveillance,24-06-2024,2024-06-24,27-06-2024,2024-06-27,2024-06-24,2024-06-30,TEXT,HIGH,,UNVALIDATED,Official IDSP unique ID: MH/PNE/2024/26/1342
MAHA-2024-W26-009,2024,26,NCDC weekly outbreaks/2024/week26_1788951715.pdf,15,26,MATCH,Maharashtra,Pune,Pune,Dengue,Dengue,5,0,Under Surveillance,19-06-2024,2024-06-19,25-06-2024,2024-06-25,2024-06-24,2024-06-30,TEXT,HIGH,,UNVALIDATED,Official IDSP unique ID: MH/PNE/2024/26/1343
MAHA-2024-W26-010,2024,26,NCDC weekly outbreaks/2024/week26_1788951715.pdf,15,26,MATCH,Maharashtra,Pune,Pune,Chikungunya,Chikungunya,12,0,Under Surveillance,19-06-2024,2024-06-19,25-06-2024,2024-06-25,2024-06-24,2024-06-30,TEXT,HIGH,,UNVALIDATED,Official IDSP unique ID: MH/PNE/2024/26/1344
MAHA-2024-W26-011,2024,26,NCDC weekly outbreaks/2024/week26_1788951715.pdf,15,26,MATCH,Maharashtra,Mumbai,Mumbai City,Dengue,Dengue,2,1,Under Surveillance,24-06-2024,2024-06-24,25-06-2024,2024-06-25,2024-06-24,2024-06-30,TEXT,HIGH,,UNVALIDATED,Official IDSP unique ID: MH/RGD/2024/26/1345
MAHA-2024-W26-012,2024,26,NCDC weekly outbreaks/2024/week26_1788951715.pdf,16,26,MATCH,Maharashtra,Sangli,Sangli,Cholera,Cholera,50,0,Under Control,29-06-2024,2024-06-29,29-06-2024,2024-06-29,2024-06-24,2024-06-30,TEXT,HIGH,,UNVALIDATED,Official IDSP unique ID: MH/SGL/2024/26/1346
MAHA-2024-W26-013,2024,26,NCDC weekly outbreaks/2024/week26_1788951715.pdf,16,26,MATCH,Maharashtra,Satara,Satara,Dengue,Dengue,7,0,Under Control,25-06-2024,2024-06-25,28-06-2024,2024-06-28,2024-06-24,2024-06-30,TEXT,HIGH,,UNVALIDATED,Official IDSP unique ID: MH/STA/2024/26/1347
MAHA-2024-W26-014,2024,26,NCDC weekly outbreaks/2024/week26_1788951715.pdf,16,26,MATCH,Maharashtra,Washim,Washim,Cholera,Cholera,25,0,Under Control,23-06-2024,2024-06-23,24-06-2024,2024-06-24,2024-06-24,2024-06-30,TEXT,HIGH,,UNVALIDATED,Official IDSP unique ID: MH/WAD/2024/26/1348
MAHA-2024-W26-015,2024,26,NCDC weekly outbreaks/2024/week26_1788951715.pdf,16,26,MATCH,Maharashtra,Yavatmal,Yavatmal,Dengue,Dengue,40,0,Under Control,29-06-2024,2024-06-29,29-06-2024,2024-06-29,2024-06-24,2024-06-30,TEXT,HIGH,,UNVALIDATED,Official IDSP unique ID: MH/YVT/2024/26/1349
MAHA-2024-W26-016,2024,26,NCDC weekly outbreaks/2024/week26_1788951715.pdf,26,26,MATCH,Maharashtra,Nashik,Nashik,Dengue,Dengue,5,1,Under Control,13-06-2024,2024-06-13,,,2024-06-24,2024-06-30,TEXT,HIGH,,UNVALIDATED,Official IDSP unique ID: MH/NAS/2024/26/1374
MAHA-2024-W26-017,2024,26,NCDC weekly outbreaks/2024/week26_1788951715.pdf,26,26,MATCH,Maharashtra,Pune,Pune,Typhoid,Typhoid,14,0,Under Surveillance,14-06-2024,2024-06-14,,,2024-06-24,2024-06-30,TEXT,HIGH,,UNVALIDATED,Official IDSP unique ID: MH/PNE/2024/26/1375
MAHA-2024-W26-018,2024,26,NCDC weekly outbreaks/2024/week26_1788951715.pdf,26,26,MATCH,Maharashtra,Raigad,Raigad,Dengue,Dengue,84,0,Under Surveillance,16-06-2024,2024-06-16,30-05-2024,2024-05-30,2024-06-24,2024-06-30,TEXT,HIGH,,UNVALIDATED,Official IDSP unique ID: MH/RGD/2024/26/1376
MAHA-2024-W27-001,2024,27,NCDC weekly outbreaks/2024/week27_1788951732.pdf,15,27,MATCH,Maharashtra,Akola,Akola,Cholera,Cholera,18,0,Under Control,03-07-2024,2024-07-03,03-07-2024,2024-07-03,2024-07-01,2024-07-07,TEXT,HIGH,,UNVALIDATED,Official IDSP unique ID: MH/AKL/2024/27/1423
MAHA-2024-W27-002,2024,27,NCDC weekly outbreaks/2024/week27_1788951732.pdf,16,27,MATCH,Maharashtra,Chandrapur,Chandrapur,Dengue,Dengue,24,0,Under Surveillance,04-07-2024,2024-07-04,05-07-2024,2024-07-05,2024-07-01,2024-07-07,TEXT,HIGH,,UNVALIDATED,Official IDSP unique ID: MH/CND/2024/27/1424
MAHA-2024-W27-003,2024,27,NCDC weekly outbreaks/2024/week27_1788951732.pdf,16,27,MATCH,Maharashtra,Gadchiroli,Gadchiroli,Food Poisoning,Food_Poisoning,28,0,Under Control,04-07-2024,2024-07-04,05-07-2024,2024-07-05,2024-07-01,2024-07-07,TEXT,HIGH,,UNVALIDATED,Official IDSP unique ID: MH/GAD/2024/27/1425
MAHA-2024-W27-004,2024,27,NCDC weekly outbreaks/2024/week27_1788951732.pdf,16,27,MATCH,Maharashtra,Pune,Pune,Zika Virus,Zika_Virus,8,0,Under Surveillance,25-06-2024,2024-06-25,03-07-2024,2024-07-03,2024-07-01,2024-07-07,TEXT,HIGH,,UNVALIDATED,Official IDSP unique ID: MH/PNE/2024/27/1426
MAHA-2024-W27-005,2024,27,NCDC weekly outbreaks/2024/week27_1788951732.pdf,16,27,MATCH,Maharashtra,Raigad,Raigad,Dengue,Dengue,13,0,Under Surveillance,26-06-2024,2024-06-26,02-07-2024,2024-07-02,2024-07-01,2024-07-07,TEXT,HIGH,,UNVALIDATED,Official IDSP unique ID: MH/RIG/2024/27/1427
MAHA-2024-W28-001,2024,28,NCDC weekly outbreaks/2024/week28_1788951744.pdf,20,28,MATCH,Maharashtra,Akola,Akola,Acute Diarrheal Disease,Acute_Diarrheal_Disease,93,0,Under Control,12-07-2024,2024-07-12,12-07-2024,2024-07-12,2024-07-08,2024-07-14,TEXT,HIGH,,UNVALIDATED,Official IDSP unique ID: MH/AKO/2024/28/1498
MAHA-2024-W28-002,2024,28,NCDC weekly outbreaks/2024/week28_1788951744.pdf,21,28,MATCH,Maharashtra,Chandrapur,Chandrapur,Acute Diarrheal Disease,Acute_Diarrheal_Disease,12,1,Under Control,12-07-2024,2024-07-12,12-07-2024,2024-07-12,2024-07-08,2024-07-14,TEXT,HIGH,,UNVALIDATED,Official IDSP unique ID: MH/CDP/2024/28/1499
MAHA-2024-W28-003,2024,28,NCDC weekly outbreaks/2024/week28_1788951744.pdf,21,28,MATCH,Maharashtra,Gadchiroli,Gadchiroli,Malaria,Malaria,3,1,Under Control,10-07-2024,2024-07-10,10-07-2024,2024-07-10,2024-07-08,2024-07-14,TEXT,HIGH,,UNVALIDATED,Official IDSP unique ID: MH/GAD/2024/28/1500
MAHA-2024-W28-004,2024,28,NCDC weekly outbreaks/2024/week28_1788951744.pdf,21,28,MATCH,Maharashtra,Hingoli,Hingoli,Acute Diarrheal Disease,Acute_Diarrheal_Disease,7,0,Under Surveillance,08-07-2024,2024-07-08,08-07-2024,2024-07-08,2024-07-08,2024-07-14,TEXT,HIGH,,UNVALIDATED,Official IDSP unique ID: MH/HNG/2024/28/1501
MAHA-2024-W28-005,2024,28,NCDC weekly outbreaks/2024/week28_1788951744.pdf,22,28,MATCH,Maharashtra,Latur,Latur,Dengue,Dengue,7,1,Under Control,08-07-2024,2024-07-08,08-07-2024,2024-07-08,2024-07-08,2024-07-14,TEXT,HIGH,,UNVALIDATED,Official IDSP unique ID: MH/LAT/2024/28/1502
MAHA-2024-W28-006,2024,28,NCDC weekly outbreaks/2024/week28_1788951744.pdf,22,28,MATCH,Maharashtra,Latur,Latur,Hepatitis A,Hepatitis,9,0,Under Control,08-07-2024,2024-07-08,08-07-2024,2024-07-08,2024-07-08,2024-07-14,TEXT,HIGH,,UNVALIDATED,Official IDSP unique ID: MH/LAT/2024/28/1503
MAHA-2024-W28-007,2024,28,NCDC weekly outbreaks/2024/week28_1788951744.pdf,22,28,MATCH,Maharashtra,Pune,Pune,Zika Virus,Zika_Virus,2,0,Under Surveillance,10-07-2024,2024-07-10,12-07-2024,2024-07-12,2024-07-08,2024-07-14,TEXT,HIGH,,UNVALIDATED,Official IDSP unique ID: MH/PNE/2024/28/1504
MAHA-2024-W28-008,2024,28,NCDC weekly outbreaks/2024/week28_1788951744.pdf,22,28,MATCH,Maharashtra,Pune,Pune,Zika Virus,Zika_Virus,3,0,Under Surveillance,06-07-2024,2024-07-06,09-07-2024,2024-07-09,2024-07-08,2024-07-14,TEXT,HIGH,,UNVALIDATED,Official IDSP unique ID: MH/PNE/2024/28/1505
MAHA-2024-W28-009,2024,28,NCDC weekly outbreaks/2024/week28_1788951744.pdf,23,28,MATCH,Maharashtra,Mumbai,Mumbai City,Raigad Dengue,Dengue,1,1,Under Surveillance,11-07-2024,2024-07-11,12-07-2024,2024-07-12,2024-07-08,2024-07-14,TEXT,HIGH,,UNVALIDATED,Official IDSP unique ID: MH/RIG/2024/28/1506
MAHA-2024-W28-010,2024,28,NCDC weekly outbreaks/2024/week28_1788951744.pdf,23,28,MATCH,Maharashtra,Sangli,Sangli,Dengue,Dengue,2,1,Under Control,11-07-2024,2024-07-11,12-07-2024,2024-07-12,2024-07-08,2024-07-14,TEXT,HIGH,,UNVALIDATED,Official IDSP unique ID: MH/ESAGRN/2024/28/1507
MAHA-2024-W28-011,2024,28,NCDC weekly outbreaks/2024/week28_1788951744.pdf,23,28,MATCH,Maharashtra,Thane,Thane,Dengue,Dengue,2,1,Under Surveillance,09-07-2024,2024-07-09,09-07-2024,2024-07-09,2024-07-08,2024-07-14,TEXT,HIGH,,UNVALIDATED,Official IDSP unique ID: MH/THN/2024/28/1508
MAHA-2024-W28-012,2024,28,NCDC weekly outbreaks/2024/week28_1788951744.pdf,24,28,MATCH,Maharashtra,Akola,Akola,Washim Dengue,Dengue,6,0,Under Control,12-07-2024,2024-07-12,12-07-2024,2024-07-12,2024-07-08,2024-07-14,TEXT,HIGH,,UNVALIDATED,Official IDSP unique ID: MH/WHI/2024/28/1509
MAHA-2024-W28-013,2024,28,NCDC weekly outbreaks/2024/week28_1788951744.pdf,24,28,MATCH,Maharashtra,Yavatmal,Yavatmal,Acute Diarrheal Disease,Acute_Diarrheal_Disease,43,0,Under Control,13-07-2024,2024-07-13,13-07-2024,2024-07-13,2024-07-08,2024-07-14,TEXT,HIGH,,UNVALIDATED,Official IDSP unique ID: MH/YVT/2024/28/1510
MAHA-2024-W28-014,2024,28,NCDC weekly outbreaks/2024/week28_1788951744.pdf,24,28,MATCH,Maharashtra,Yavatmal,Yavatmal,Cholera,Cholera,7,0,Under Control,12-07-2024,2024-07-12,12-07-2024,2024-07-12,2024-07-08,2024-07-14,TEXT,HIGH,,UNVALIDATED,Official IDSP unique ID: MH/YVT/2024/28/1511
MAHA-2024-W28-015,2024,28,NCDC weekly outbreaks/2024/week28_1788951744.pdf,24,28,MATCH,Maharashtra,Yavatmal,Yavatmal,Cholera,Cholera,30,0,Under Control,08-07-2024,2024-07-08,09-07-2024,2024-07-09,2024-07-08,2024-07-14,TEXT,HIGH,,UNVALIDATED,Official IDSP unique ID: MH/YVT/2024/28/1512
MAHA-2024-W28-016,2024,28,NCDC weekly outbreaks/2024/week28_1788951744.pdf,36,28,MATCH,Maharashtra,Pune,Pune,Zika Virus,Zika_Virus,1,0,Under Surveillance,03-07-2024,2024-07-03,24-04-2024,2024-04-24,2024-07-08,2024-07-14,TEXT,HIGH,,UNVALIDATED,Official IDSP unique ID: MH/PNE/2024/28/1547
MAHA-2024-W29-001,2024,29,NCDC weekly outbreaks/2024/week29_1788951764.pdf,19,29,MATCH,Maharashtra,Ahmednagar,Ahmednagar,Zika Virus,Zika_Virus,3,0,Under Surveillance,17-07-2024,2024-07-17,18-07-2024,2024-07-18,2024-07-15,2024-07-21,TEXT,HIGH,,UNVALIDATED,Official IDSP unique ID: MH/AHM/2024/29/1604
MAHA-2024-W29-002,2024,29,NCDC weekly outbreaks/2024/week29_1788951764.pdf,19,29,MATCH,Maharashtra,Akola,Akola,Acute Diarrheal Disease,Acute_Diarrheal_Disease,23,0,Under Control,19-07-2024,2024-07-19,19-07-2024,2024-07-19,2024-07-15,2024-07-21,TEXT,HIGH,,UNVALIDATED,Official IDSP unique ID: MH/AKL/2024/29/1605
MAHA-2024-W29-003,2024,29,NCDC weekly outbreaks/2024/week29_1788951764.pdf,19,29,MATCH,Maharashtra,Amravati,Amravati,Acute Diarrheal Disease,Acute_Diarrheal_Disease,89,1,Under Surveillance,16-07-2024,2024-07-16,16-07-2024,2024-07-16,2024-07-15,2024-07-21,TEXT,HIGH,,UNVALIDATED,Official IDSP unique ID: MH/AMV/2024/29/1606
MAHA-2024-W29-004,2024,29,NCDC weekly outbreaks/2024/week29_1788951764.pdf,20,29,MATCH,Maharashtra,Amravati,Amravati,Acute Diarrheal Disease,Acute_Diarrheal_Disease,70,0,Under Surveillance,15-07-2024,2024-07-15,15-07-2024,2024-07-15,2024-07-15,2024-07-21,TEXT,HIGH,,UNVALIDATED,Official IDSP unique ID: MH/AMV/2024/29/1607
MAHA-2024-W29-005,2024,29,NCDC weekly outbreaks/2024/week29_1788951764.pdf,20,29,MATCH,Maharashtra,Chandrapur,Chandrapur,Malaria,Malaria,30,1,Under Surveillance,18-07-2024,2024-07-18,19-07-2024,2024-07-19,2024-07-15,2024-07-21,TEXT,HIGH,,UNVALIDATED,Official IDSP unique ID: MH/CDP/2024/29/1608
MAHA-2024-W29-006,2024,29,NCDC weekly outbreaks/2024/week29_1788951764.pdf,20,29,MATCH,Maharashtra,Dhule,Dhule,Acute Diarrheal Disease,Acute_Diarrheal_Disease,22,0,Under Surveillance,19-07-2024,2024-07-19,20-07-2024,2024-07-20,2024-07-15,2024-07-21,TEXT,HIGH,,UNVALIDATED,Official IDSP unique ID: MH/DHL/2024/29/1609
MAHA-2024-W29-007,2024,29,NCDC weekly outbreaks/2024/week29_1788951764.pdf,21,29,MATCH,Maharashtra,Kolhapur,Kolhapur,Dysentery,Dysentery,98,0,Under Surveillance,20-07-2024,2024-07-20,20-07-2024,2024-07-20,2024-07-15,2024-07-21,TEXT,HIGH,,UNVALIDATED,Official IDSP unique ID: MH/KOP/2024/29/1610
MAHA-2024-W29-008,2024,29,NCDC weekly outbreaks/2024/week29_1788951764.pdf,21,29,MATCH,Maharashtra,Parbhani,Parbhani,Acute Diarrheal Disease,Acute_Diarrheal_Disease,79,0,Under Control,11-07-2024,2024-07-11,15-07-2024,2024-07-15,2024-07-15,2024-07-21,TEXT,HIGH,,UNVALIDATED,Official IDSP unique ID: MH/PRB/2024/29/1611
MAHA-2024-W29-009,2024,29,NCDC weekly outbreaks/2024/week29_1788951764.pdf,21,29,MATCH,Maharashtra,Pune,Pune,Zika Virus,Zika_Virus,11,0,Under Surveillance,08-07-2024,2024-07-08,16-07-2024,2024-07-16,2024-07-15,2024-07-21,TEXT,HIGH,,UNVALIDATED,Official IDSP unique ID: MH/PNE/2024/29/1612
MAHA-2024-W29-010,2024,29,NCDC weekly outbreaks/2024/week29_1788951764.pdf,22,29,MATCH,Maharashtra,Pune,Pune,Zika Virus,Zika_Virus,1,0,Under Surveillance,13-07-2024,2024-07-13,15-07-2024,2024-07-15,2024-07-15,2024-07-21,TEXT,HIGH,,UNVALIDATED,Official IDSP unique ID: MH/PNE/2024/29/1613
MAHA-2024-W29-011,2024,29,NCDC weekly outbreaks/2024/week29_1788951764.pdf,22,29,MATCH,Maharashtra,Satara,Satara,Dengue,Dengue,17,0,Under Surveillance,16-07-2024,2024-07-16,19-07-2024,2024-07-19,2024-07-15,2024-07-21,TEXT,HIGH,,UNVALIDATED,Official IDSP unique ID: MH/STR/2024/29/1614
MAHA-2024-W30-001,2024,30,NCDC weekly outbreaks/2024/week30_1788951797.pdf,30,30,MATCH,Maharashtra,Ahmednagar,Ahmednagar,Cholera,Cholera,6,0,Under Control,25-07-2024,2024-07-25,26-07-2024,2024-07-26,2024-07-22,2024-07-28,TEXT,HIGH,,UNVALIDATED,Official IDSP unique ID: MH/AMN/2024/30/1723
MAHA-2024-W30-002,2024,30,NCDC weekly outbreaks/2024/week30_1788951797.pdf,30,30,MATCH,Maharashtra,Amravati,Amravati,Acute Diarrheal Disease,Acute_Diarrheal_Disease,47,0,Under Surveillance,22-07-2024,2024-07-22,25-07-2024,2024-07-25,2024-07-22,2024-07-28,TEXT,HIGH,,UNVALIDATED,Official IDSP unique ID: MH/AVT/2024/30/1724
MAHA-2024-W30-003,2024,30,NCDC weekly outbreaks/2024/week30_1788951797.pdf,30,30,MATCH,Maharashtra,Gadchiroli,Gadchiroli,Malaria,Malaria,6,1,Under Control,26-07-2024,2024-07-26,26-07-2024,2024-07-26,2024-07-22,2024-07-28,TEXT,HIGH,,UNVALIDATED,Official IDSP unique ID: MH/GDC/2024/30/1725
MAHA-2024-W30-004,2024,30,NCDC weekly outbreaks/2024/week30_1788951797.pdf,31,30,MATCH,Maharashtra,Gadchiroli,Gadchiroli,Malaria,Malaria,2,1,Under Control,26-07-2024,2024-07-26,26-07-2024,2024-07-26,2024-07-22,2024-07-28,TEXT,HIGH,,UNVALIDATED,Official IDSP unique ID: MH/GDC/2024/30/1726
MAHA-2024-W30-005,2024,30,NCDC weekly outbreaks/2024/week30_1788951797.pdf,31,30,MATCH,Maharashtra,Chandrapur,Chandrapur,Malaria,Malaria,4,1,Under Control,22-07-2024,2024-07-22,22-07-2024,2024-07-22,2024-07-22,2024-07-28,TEXT,HIGH,,UNVALIDATED,Official IDSP unique ID: MH/GDC/2024/30/1727
MAHA-2024-W30-006,2024,30,NCDC weekly outbreaks/2024/week30_1788951797.pdf,31,30,MATCH,Maharashtra,Aurangabad,Aurangabad,Cholera,Cholera,13,3,Under Control,22-07-2024,2024-07-22,26-07-2024,2024-07-26,2024-07-22,2024-07-28,TEXT,HIGH,,UNVALIDATED,Official IDSP unique ID: MH/JLG/2024/30/1728
MAHA-2024-W30-007,2024,30,NCDC weekly outbreaks/2024/week30_1788951797.pdf,32,30,MATCH,Maharashtra,Nashik,Nashik,Dengue,Dengue,3,1,Under Surveillance,14-07-2024,2024-07-14,23-07-2024,2024-07-23,2024-07-22,2024-07-28,TEXT,HIGH,,UNVALIDATED,Official IDSP unique ID: MH/NSK/2024/30/1729
MAHA-2024-W30-008,2024,30,NCDC weekly outbreaks/2024/week30_1788951797.pdf,32,30,MATCH,Maharashtra,Nashik,Nashik,Dengue,Dengue,1,1,Under Control,08-07-2024,2024-07-08,23-07-2024,2024-07-23,2024-07-22,2024-07-28,TEXT,HIGH,,UNVALIDATED,Official IDSP unique ID: MH/NSK/2024/30/1730
MAHA-2024-W30-009,2024,30,NCDC weekly outbreaks/2024/week30_1788951797.pdf,32,30,MATCH,Maharashtra,Nashik,Nashik,Acute Diarrheal Disease,Acute_Diarrheal_Disease,79,0,Under Control,16-07-2024,2024-07-16,23-07-2024,2024-07-23,2024-07-22,2024-07-28,TEXT,HIGH,,UNVALIDATED,Official IDSP unique ID: MH/NSK/2024/30/1731
MAHA-2024-W30-010,2024,30,NCDC weekly outbreaks/2024/week30_1788951797.pdf,33,30,MATCH,Maharashtra,Akola,Akola,Yavatmal Cholera,Cholera,8,0,Under Control,19-07-2024,2024-07-19,22-07-2024,2024-07-22,2024-07-22,2024-07-28,TEXT,HIGH,,UNVALIDATED,Official IDSP unique ID: MH/YVT/2024/30/1732
MAHA-2024-W31-001,2024,31,NCDC weekly outbreaks/2024/week31_1788951810.pdf,15,31,MATCH,Maharashtra,Amravati,Amravati,Acute Diarrheal Disease,Acute_Diarrheal_Disease,25,0,Under Surveillance,27-07-2024,2024-07-27,29-07-2024,2024-07-29,2024-07-29,2024-08-04,TEXT,HIGH,,UNVALIDATED,Official IDSP unique ID: MH/AMR/2024/31/1816
MAHA-2024-W31-002,2024,31,NCDC weekly outbreaks/2024/week31_1788951810.pdf,16,31,MATCH,Maharashtra,Chandrapur,Chandrapur,Malaria,Malaria,2,1,Under Control,30-07-2024,2024-07-30,01-08-2024,2024-08-01,2024-07-29,2024-08-04,TEXT,HIGH,,UNVALIDATED,Official IDSP unique ID: MH/CDP/2024/31/1817
MAHA-2024-W31-003,2024,31,NCDC weekly outbreaks/2024/week31_1788951810.pdf,16,31,MATCH,Maharashtra,Dhule,Dhule,Dengue,Dengue,15,0,Under Control,29-07-2024,2024-07-29,29-07-2024,2024-07-29,2024-07-29,2024-08-04,TEXT,HIGH,,UNVALIDATED,Official IDSP unique ID: MH/DHL/2024/31/1818
MAHA-2024-W31-004,2024,31,NCDC weekly outbreaks/2024/week31_1788951810.pdf,16,31,MATCH,Maharashtra,Dhule,Dhule,Dengue,Dengue,22,0,Under Control,29-07-2024,2024-07-29,29-07-2024,2024-07-29,2024-07-29,2024-08-04,TEXT,HIGH,,UNVALIDATED,Official IDSP unique ID: MH/DHL/2024/31/1819
MAHA-2024-W31-005,2024,31,NCDC weekly outbreaks/2024/week31_1788951810.pdf,17,31,MATCH,Maharashtra,Nagpur,Nagpur,Dengue,Dengue,17,0,Under Control,29-07-2024,2024-07-29,30-07-2024,2024-07-30,2024-07-29,2024-08-04,TEXT,HIGH,,UNVALIDATED,Official IDSP unique ID: MH/NGP/2024/31/1820
MAHA-2024-W31-006,2024,31,NCDC weekly outbreaks/2024/week31_1788951810.pdf,17,31,MATCH,Maharashtra,Nanded,Nanded,Parbhani Chikungunya,Chikungunya,23,0,Under Surveillance,30-07-2024,2024-07-30,31-07-2024,2024-07-31,2024-07-29,2024-08-04,TEXT,HIGH,,UNVALIDATED,Official IDSP unique ID: MH/PRB/2024/31/1821
MAHA-2024-W31-007,2024,31,NCDC weekly outbreaks/2024/week31_1788951810.pdf,17,31,MATCH,Maharashtra,Pune,Pune,Zika Virus,Zika_Virus,1,0,Under Surveillance,30-07-2024,2024-07-30,02-08-2024,2024-08-02,2024-07-29,2024-08-04,TEXT,HIGH,,UNVALIDATED,Official IDSP unique ID: MH/PUN/2024/31/1822
MAHA-2024-W31-008,2024,31,NCDC weekly outbreaks/2024/week31_1788951810.pdf,17,31,MATCH,Maharashtra,Satara,Satara,Acute Diarrheal Disease,Acute_Diarrheal_Disease,16,1,Under Control,28-07-2024,2024-07-28,29-07-2024,2024-07-29,2024-07-29,2024-08-04,TEXT,HIGH,,UNVALIDATED,Official IDSP unique ID: MH/SAT/2024/31/1823
MAHA-2024-W31-009,2024,31,NCDC weekly outbreaks/2024/week31_1788951810.pdf,18,31,MATCH,Maharashtra,Pune,Pune,Zika Virus,Zika_Virus,1,0,Under Control,27-07-2024,2024-07-27,29-07-2024,2024-07-29,2024-07-29,2024-08-04,TEXT,HIGH,,UNVALIDATED,Official IDSP unique ID: MH/SLP/2024/31/1824
MAHA-2024-W31-010,2024,31,NCDC weekly outbreaks/2024/week31_1788951810.pdf,18,31,MATCH,Maharashtra,Akola,Akola,Chikungunya,Chikungunya,19,0,Under Control,30-07-2024,2024-07-30,30-07-2024,2024-07-30,2024-07-29,2024-08-04,TEXT,HIGH,,UNVALIDATED,Official IDSP unique ID: MH/WSM/2024/31/1825
MAHA-2024-W31-011,2024,31,NCDC weekly outbreaks/2024/week31_1788951810.pdf,26,31,MATCH,Maharashtra,Pune,Pune,Zika Virus,Zika_Virus,9,0,Under Surveillance,19-07-2024,2024-07-19,,,2024-07-29,2024-08-04,TEXT,HIGH,,UNVALIDATED,Official IDSP unique ID: MH/PUN/2024/31/1852
MAHA-2024-W31-012,2024,31,NCDC weekly outbreaks/2024/week31_1788951810.pdf,26,31,MATCH,Maharashtra,Pune,Pune,Zika Virus,Zika_Virus,5,0,Under Surveillance,13-07-2024,2024-07-13,,,2024-07-29,2024-08-04,TEXT,HIGH,,UNVALIDATED,Official IDSP unique ID: MH/PUN/2024/31/1853
MAHA-2024-W31-013,2024,31,NCDC weekly outbreaks/2024/week31_1788951810.pdf,26,31,MATCH,Maharashtra,Pune,Pune,Zika Virus,Zika_Virus,7,0,Under Surveillance,20-07-2024,2024-07-20,23-07-2024,2024-07-23,2024-07-29,2024-08-04,TEXT,HIGH,,UNVALIDATED,Official IDSP unique ID: MH/PUN/2024/31/1854
MAHA-2024-W32-001,2024,32,NCDC weekly outbreaks/2024/week32_1788951820.pdf,24,32,MATCH,Maharashtra,Ahmednagar,Ahmednagar,Acute Diarrheal Disease,Acute_Diarrheal_Disease,20,0,Under Surveillance,08-08-2024,2024-08-08,09-08-2024,2024-08-09,2024-08-05,2024-08-11,TEXT,HIGH,,UNVALIDATED,Official IDSP unique ID: MH/AHM/2024/32/1925
MAHA-2024-W32-002,2024,32,NCDC weekly outbreaks/2024/week32_1788951820.pdf,24,32,MATCH,Maharashtra,Amravati,Amravati,Acute Gastroenterit is,Acute Gastroenterit is,26,0,Under Surveillance,05-08-2024,2024-08-05,05-08-2024,2024-08-05,2024-08-05,2024-08-11,TEXT,HIGH,,UNVALIDATED,Official IDSP unique ID: MH/AMT/2024/32/1926
MAHA-2024-W32-003,2024,32,NCDC weekly outbreaks/2024/week32_1788951820.pdf,24,32,MATCH,Maharashtra,Bhandara,Bhandara,Chickenpox,Chickenpox,18,0,Under Control,05-08-2024,2024-08-05,05-08-2024,2024-08-05,2024-08-05,2024-08-11,TEXT,HIGH,,UNVALIDATED,Official IDSP unique ID: MH/BND/2024/32/1927
MAHA-2024-W32-004,2024,32,NCDC weekly outbreaks/2024/week32_1788951820.pdf,24,32,MATCH,Maharashtra,Palghar,Palghar,Acute Diarrheal Disease,Acute_Diarrheal_Disease,249,1,Under Control,06-08-2024,2024-08-06,06-08-2024,2024-08-06,2024-08-05,2024-08-11,TEXT,HIGH,,UNVALIDATED,Official IDSP unique ID: MH/PLG/2024/32/1928
MAHA-2024-W32-005,2024,32,NCDC weekly outbreaks/2024/week32_1788951820.pdf,25,32,MATCH,Maharashtra,Pune,Pune,Zika Virus,Zika_Virus,1,0,Under Control,03-08-2024,2024-08-03,07-08-2024,2024-08-07,2024-08-05,2024-08-11,TEXT,HIGH,,UNVALIDATED,Official IDSP unique ID: MH/PNE/2024/32/1929
MAHA-2024-W32-006,2024,32,NCDC weekly outbreaks/2024/week32_1788951820.pdf,35,32,MATCH,Maharashtra,Pune,Pune,Zika Virus,Zika_Virus,3,0,Under Surveillance,30-07-2024,2024-07-30,,,2024-08-05,2024-08-11,TEXT,HIGH,,UNVALIDATED,Official IDSP unique ID: MH/PNE/2024/32/1961
MAHA-2024-W32-007,2024,32,NCDC weekly outbreaks/2024/week32_1788951820.pdf,35,32,MATCH,Maharashtra,Pune,Pune,Zika Virus,Zika_Virus,2,0,Under Surveillance,29-07-2024,2024-07-29,,,2024-08-05,2024-08-11,TEXT,HIGH,,UNVALIDATED,Official IDSP unique ID: MH/PNE/2024/32/1962
MAHA-2024-W32-008,2024,32,NCDC weekly outbreaks/2024/week32_1788951820.pdf,36,32,MATCH,Maharashtra,Pune,Pune,Zika Virus,Zika_Virus,1,0,Under Control,01-08-2024,2024-08-01,28-07-2024,2024-07-28,2024-08-05,2024-08-11,TEXT,HIGH,,UNVALIDATED,Official IDSP unique ID: MH/PNE/2024/32/1963
MAHA-2024-W33-001,2024,33,NCDC weekly outbreaks/2024/week33_1788951845.pdf,14,2007,MATCH,Maharashtra,Unknown,,Madhya Pradesh Damoh Acute Diarrheal Disease,Acute_Diarrheal_Disease,56,0,Under Control,09-08-2024,2024-08-09,13-08-2024,2024-08-13,2024-08-12,2024-08-18,TEXT,MEDIUM,,UNVALIDATED,Official IDSP unique ID: MH/2024/33/2007
MAHA-2024-W33-002,2024,33,NCDC weekly outbreaks/2024/week33_1788951845.pdf,16,33,MATCH,Maharashtra,Amravati,Amravati,Acute Diarrheal Disease,Acute_Diarrheal_Disease,87,0,Under Surveillance,14-08-2024,2024-08-14,16-08-2024,2024-08-16,2024-08-12,2024-08-18,TEXT,HIGH,,UNVALIDATED,Official IDSP unique ID: MH/AMR/2024/33/2013
MAHA-2024-W33-003,2024,33,NCDC weekly outbreaks/2024/week33_1788951845.pdf,16,33,MATCH,Maharashtra,Pune,Pune,Satara Chikungunya,Chikungunya,28,0,Under Control,06-08-2024,2024-08-06,12-08-2024,2024-08-12,2024-08-12,2024-08-18,TEXT,HIGH,,UNVALIDATED,Official IDSP unique ID: MH/STA/2024/33/2014
MAHA-2024-W33-004,2024,33,NCDC weekly outbreaks/2024/week33_1788951845.pdf,24,33,MATCH,Maharashtra,Pune,Pune,Zika Virus,Zika_Virus,2,0,Under Surveillance,02-08-2024,2024-08-02,17-07-2024,2024-07-17,2024-08-12,2024-08-18,TEXT,HIGH,,UNVALIDATED,Official IDSP unique ID: MH/PNE/2024/33/2040
MAHA-2024-W34-001,2024,34,NCDC weekly outbreaks/2024/week34_1788951861.pdf,13,34,MATCH,Maharashtra,Amravati,Amravati,Food Poisoning,Food_Poisoning,6,1,Under Control,16-08-2024,2024-08-16,20-08-2024,2024-08-20,2024-08-19,2024-08-25,TEXT,HIGH,,UNVALIDATED,Official IDSP unique ID: MH/AMR/2024/34/2074
MAHA-2024-W34-002,2024,34,NCDC weekly outbreaks/2024/week34_1788951861.pdf,14,34,MATCH,Maharashtra,Aurangabad,Aurangabad,Food Poisoning,Food_Poisoning,181,0,Under Control,17-08-2024,2024-08-17,19-08-2024,2024-08-19,2024-08-19,2024-08-25,TEXT,HIGH,,UNVALIDATED,Official IDSP unique ID: MH/ARG/2024/34/2075
MAHA-2024-W34-003,2024,34,NCDC weekly outbreaks/2024/week34_1788951861.pdf,14,34,MATCH,Maharashtra,Palghar,Palghar,Dengue,Dengue,3,1,Under Surveillance,22-08-2024,2024-08-22,23-08-2024,2024-08-23,2024-08-19,2024-08-25,TEXT,HIGH,,UNVALIDATED,Official IDSP unique ID: MH/PLG/2024/34/2076
MAHA-2024-W34-004,2024,34,NCDC weekly outbreaks/2024/week34_1788951861.pdf,27,34,MATCH,Maharashtra,Pune,Pune,Zika Virus,Zika_Virus,1,0,Under Surveillance,15-08-2024,2024-08-15,,,2024-08-19,2024-08-25,TEXT,HIGH,,UNVALIDATED,Official IDSP unique ID: MH/PNE/2024/34/2113
MAHA-2024-W34-005,2024,34,NCDC weekly outbreaks/2024/week34_1788951861.pdf,27,34,MATCH,Maharashtra,Mumbai,Mumbai City,Zika Virus,Zika_Virus,1,0,Under Surveillance,14-08-2024,2024-08-14,01-08-2024,2024-08-01,2024-08-19,2024-08-25,TEXT,HIGH,,UNVALIDATED,Official IDSP unique ID: MH/PNE/2024/34/2114
MAHA-2024-W35-001,2024,35,NCDC weekly outbreaks/2024/week35_1788951873.pdf,12,35,MATCH,Maharashtra,Beed,Beed,Hepatitis A,Hepatitis,9,0,Under Surveillance,28-08-2024,2024-08-28,29-08-2024,2024-08-29,2024-08-26,2024-09-01,TEXT,HIGH,,UNVALIDATED,Official IDSP unique ID: MH/BED/2024/35/2153
MAHA-2024-W35-002,2024,35,NCDC weekly outbreaks/2024/week35_1788951873.pdf,12,35,MATCH,Maharashtra,Palghar,Palghar,Malaria,Malaria,41,0,Under Surveillance,28-08-2024,2024-08-28,29-08-2024,2024-08-29,2024-08-26,2024-09-01,TEXT,HIGH,,UNVALIDATED,Official IDSP unique ID: MH/PLG/2024/35/2154
MAHA-2024-W35-003,2024,35,NCDC weekly outbreaks/2024/week35_1788951873.pdf,20,2180,MATCH,Maharashtra,Unknown,,Madhya Pradesh Damoh Acute Diarrheal Disease,Acute_Diarrheal_Disease,301,3,Under Control,12-08-2024,2024-08-12,13-08-2024,2024-08-13,2024-08-26,2024-09-01,TEXT,MEDIUM,,UNVALIDATED,Official IDSP unique ID: MH/2024/35/2180
MAHA-2024-W35-004,2024,35,NCDC weekly outbreaks/2024/week35_1788951873.pdf,20,35,MATCH,Maharashtra,Pune,Pune,Dengue,Dengue,37,0,Under Surveillance,01-07-2024,2024-07-01,12-08-2024,2024-08-12,2024-08-26,2024-09-01,TEXT,HIGH,,UNVALIDATED,Official IDSP unique ID: MH/PNE/2024/35/2182
MAHA-2024-W36-001,2024,36,NCDC weekly outbreaks/2024/week36_1788951892.pdf,13,36,MATCH,Maharashtra,Hingoli,Hingoli,Acute Diarrheal Disease,Acute_Diarrheal_Disease,7,0,Under Control,05-09-2024,2024-09-05,07-09-2024,2024-09-07,2024-09-02,2024-09-08,TEXT,HIGH,,UNVALIDATED,Official IDSP unique ID: MH/HNG/2024/36/2221
MAHA-2024-W36-002,2024,36,NCDC weekly outbreaks/2024/week36_1788951892.pdf,14,36,MATCH,Maharashtra,Kolhapur,Kolhapur,Hepatitis A,Hepatitis,48,0,Under Surveillance,02-09-2024,2024-09-02,03-09-2024,2024-09-03,2024-09-02,2024-09-08,TEXT,HIGH,,UNVALIDATED,Official IDSP unique ID: MH/KOP/2024/36/2222
MAHA-2024-W36-003,2024,36,NCDC weekly outbreaks/2024/week36_1788951892.pdf,14,36,MATCH,Maharashtra,Nanded,Nanded,Dengue,Dengue,7,0,Under Surveillance,05-09-2024,2024-09-05,06-09-2024,2024-09-06,2024-09-02,2024-09-08,TEXT,HIGH,,UNVALIDATED,Official IDSP unique ID: MH/NAN/2024/36/2223
MAHA-2024-W36-004,2024,36,NCDC weekly outbreaks/2024/week36_1788951892.pdf,14,36,MATCH,Maharashtra,Osmanabad,Osmanabad,Dengue,Dengue,21,1,Under Control,02-09-2024,2024-09-02,04-09-2024,2024-09-04,2024-09-02,2024-09-08,TEXT,HIGH,,UNVALIDATED,Official IDSP unique ID: MH/OSM/2024/36/2224
MAHA-2024-W36-005,2024,36,NCDC weekly outbreaks/2024/week36_1788951892.pdf,14,36,MATCH,Maharashtra,Thane,Thane,Malaria,Malaria,1,1,Under Surveillance,06-09-2024,2024-09-06,06-09-2024,2024-09-06,2024-09-02,2024-09-08,TEXT,HIGH,,UNVALIDATED,Official IDSP unique ID: MH/THE/2024/36/2225
MAHA-2024-W36-006,2024,36,NCDC weekly outbreaks/2024/week36_1788951892.pdf,15,36,MATCH,Maharashtra,Thane,Thane,Dengue,Dengue,7,1,Under Surveillance,31-08-2024,2024-08-31,05-09-2024,2024-09-05,2024-09-02,2024-09-08,TEXT,HIGH,,UNVALIDATED,Official IDSP unique ID: MH/THE/2024/36/2226
MAHA-2024-W36-007,2024,36,NCDC weekly outbreaks/2024/week36_1788951892.pdf,23,36,MATCH,Maharashtra,Thane,Thane,Malaria,Malaria,4,1,Under Surveillance,22-08-2024,2024-08-22,22-08-2024,2024-08-22,2024-09-02,2024-09-08,TEXT,HIGH,,UNVALIDATED,Official IDSP unique ID: MH/THE/2024/36/2252
MAHA-2024-W37-001,2024,37,NCDC weekly outbreaks/2024/week37_1788951903.pdf,12,37,MATCH,Maharashtra,Amravati,Amravati,Acute Diarrheal Diseases,Acute_Diarrheal_Disease,67,2,Under Surveillance,11-09-2024,2024-09-11,12-09-2024,2024-09-12,2024-09-09,2024-09-15,TEXT,HIGH,,UNVALIDATED,Official IDSP unique ID: MH/AMR/2024/37/2284
MAHA-2024-W37-002,2024,37,NCDC weekly outbreaks/2024/week37_1788951903.pdf,12,37,MATCH,Maharashtra,Bhandara,Bhandara,Acute Diarrheal Disease,Acute_Diarrheal_Disease,20,0,Under Surveillance,14-09-2024,2024-09-14,14-09-2024,2024-09-14,2024-09-09,2024-09-15,TEXT,HIGH,,UNVALIDATED,Official IDSP unique ID: MH/BHD/2024/37/2285
MAHA-2024-W37-003,2024,37,NCDC weekly outbreaks/2024/week37_1788951903.pdf,13,37,MATCH,Maharashtra,Buldhana,Buldhana,Acute Diarrheal Disease,Acute_Diarrheal_Disease,26,0,Under Surveillance,07-09-2024,2024-09-07,10-09-2024,2024-09-10,2024-09-09,2024-09-15,TEXT,HIGH,,UNVALIDATED,Official IDSP unique ID: MH/BUL/2024/37/2286
MAHA-2024-W37-004,2024,37,NCDC weekly outbreaks/2024/week37_1788951903.pdf,13,37,MATCH,Maharashtra,Nandurbar,Nandurbar,Acute Diarrheal Disease,Acute_Diarrheal_Disease,16,0,Under Surveillance,08-09-2024,2024-09-08,09-09-2024,2024-09-09,2024-09-09,2024-09-15,TEXT,HIGH,,UNVALIDATED,Official IDSP unique ID: MH/NDB/2024/37/2287
MAHA-2024-W37-005,2024,37,NCDC weekly outbreaks/2024/week37_1788951903.pdf,20,37,MATCH,Maharashtra,Gadchiroli,Gadchiroli,Malaria,Malaria,5,2,Under Control,05-09-2024,2024-09-05,04-09-2024,2024-09-04,2024-09-09,2024-09-15,TEXT,HIGH,,UNVALIDATED,Official IDSP unique ID: MH/GDC/2024/37/2309
MAHA-2024-W38-001,2024,38,NCDC weekly outbreaks/2024/week38_1788951915.pdf,10,38,MATCH,Maharashtra,Gadchiroli,Gadchiroli,Scrub Typhus,Scrub_Typhus,1,1,Under Control,17-09-2024,2024-09-17,17-09-2024,2024-09-17,2024-09-16,2024-09-22,TEXT,HIGH,,UNVALIDATED,Official IDSP unique ID: MH/GDC/2024/38/2337
MAHA-2024-W38-002,2024,38,NCDC weekly outbreaks/2024/week38_1788951915.pdf,10,38,MATCH,Maharashtra,Latur,Latur,Hepatitis A,Hepatitis,65,0,Under Surveillance,18-09-2024,2024-09-18,18-09-2024,2024-09-18,2024-09-16,2024-09-22,TEXT,HIGH,,UNVALIDATED,Official IDSP unique ID: MH/LAT/2024/38/2338
MAHA-2024-W38-003,2024,38,NCDC weekly outbreaks/2024/week38_1788951915.pdf,10,38,MATCH,Maharashtra,Pune,Pune,Cholera,Cholera,6,0,Under Surveillance,16-09-2024,2024-09-16,19-09-2024,2024-09-19,2024-09-16,2024-09-22,TEXT,HIGH,,UNVALIDATED,Official IDSP unique ID: MH/PNE/2024/38/2339
MAHA-2024-W38-004,2024,38,NCDC weekly outbreaks/2024/week38_1788951915.pdf,18,38,MATCH,Maharashtra,Pune,Pune,Dengue,Dengue,6,0,Under Surveillance,05-09-2024,2024-09-05,10-09-2024,2024-09-10,2024-09-16,2024-09-22,TEXT,HIGH,,UNVALIDATED,Official IDSP unique ID: MH/PNE/2024/38/2363
MAHA-2024-W39-001,2024,39,NCDC weekly outbreaks/2024/week39_1788951925.pdf,10,39,MATCH,Maharashtra,Beed,Beed,Hepatitis A,Hepatitis,10,0,Under Surveillance,21-09-2024,2024-09-21,23-09-2024,2024-09-23,2024-09-23,2024-09-29,TEXT,HIGH,,UNVALIDATED,Official IDSP unique ID: MH/BED/2024/39/2393
MAHA-2024-W39-002,2024,39,NCDC weekly outbreaks/2024/week39_1788951925.pdf,10,39,MATCH,Maharashtra,Bhandara,Bhandara,Food Poisoning,Food_Poisoning,42,0,Under Surveillance,26-09-2024,2024-09-26,26-09-2024,2024-09-26,2024-09-23,2024-09-29,TEXT,HIGH,,UNVALIDATED,Official IDSP unique ID: MH/BND/2024/39/2394
MAHA-2024-W39-003,2024,39,NCDC weekly outbreaks/2024/week39_1788951925.pdf,10,39,MATCH,Maharashtra,Kolhapur,Kolhapur,Hepatitis A,Hepatitis,12,0,Under Surveillance,27-09-2024,2024-09-27,27-09-2024,2024-09-27,2024-09-23,2024-09-29,TEXT,HIGH,,UNVALIDATED,Official IDSP unique ID: MH/KOP/2024/39/2395
MAHA-2024-W39-004,2024,39,NCDC weekly outbreaks/2024/week39_1788951925.pdf,11,39,MATCH,Maharashtra,Nanded,Nanded,Acute Diarrheal Disease,Acute_Diarrheal_Disease,26,0,Under Surveillance,28-09-2024,2024-09-28,28-09-2024,2024-09-28,2024-09-23,2024-09-29,TEXT,HIGH,,UNVALIDATED,Official IDSP unique ID: MH/NND/2024/39/2396
MAHA-2024-W39-005,2024,39,NCDC weekly outbreaks/2024/week39_1788951925.pdf,11,39,MATCH,Maharashtra,Akola,Akola,Chikungunya,Chikungunya,9,0,Under Surveillance,26-09-2024,2024-09-26,27-09-2024,2024-09-27,2024-09-23,2024-09-29,TEXT,HIGH,,UNVALIDATED,Official IDSP unique ID: MH/WAS/2024/39/2397
MAHA-2024-W39-006,2024,39,NCDC weekly outbreaks/2024/week39_1788951925.pdf,15,39,MATCH,Maharashtra,Thane,Thane,Cholera,Cholera,7,1,Under Surveillance,10-09-2024,2024-09-10,10-09-2024,2024-09-10,2024-09-23,2024-09-29,TEXT,HIGH,,UNVALIDATED,Official IDSP unique ID: MH/THE/2024/39/2411
MAHA-2024-W39-007,2024,39,NCDC weekly outbreaks/2024/week39_1788951925.pdf,15,39,MATCH,Maharashtra,Thane,Thane,Cholera,Cholera,18,0,Under Surveillance,18-09-2024,2024-09-18,19-09-2024,2024-09-19,2024-09-23,2024-09-29,TEXT,HIGH,,UNVALIDATED,Official IDSP unique ID: MH/THE/2024/39/2412
MAHA-2024-W40-001,2024,40,NCDC weekly outbreaks/2024/week40_1788951939.pdf,14,40,MATCH,Maharashtra,Amravati,Amravati,Food Poisoning,Food_Poisoning,10,0,Under Surveillance,04-10-2024,2024-10-04,04-10-2024,2024-10-04,2024-09-30,2024-10-06,TEXT,HIGH,,UNVALIDATED,Official IDSP unique ID: MH/AMR/2024/40/2450
MAHA-2024-W40-002,2024,40,NCDC weekly outbreaks/2024/week40_1788951939.pdf,14,40,MATCH,Maharashtra,Gondia,Gondia,Cholera,Cholera,17,0,Under Surveillance,03-10-2024,2024-10-03,03-10-2024,2024-10-03,2024-09-30,2024-10-06,TEXT,HIGH,,UNVALIDATED,Official IDSP unique ID: MH/GOG/2024/40/2451
MAHA-2024-W40-003,2024,40,NCDC weekly outbreaks/2024/week40_1788951939.pdf,15,40,MATCH,Maharashtra,Latur,Latur,Food Poisoning,Food_Poisoning,55,0,Under Surveillance,05-10-2024,2024-10-05,06-10-2024,2024-10-06,2024-09-30,2024-10-06,TEXT,HIGH,,UNVALIDATED,Official IDSP unique ID: MH/LAT/2024/40/2452
MAHA-2024-W40-004,2024,40,NCDC weekly outbreaks/2024/week40_1788951939.pdf,15,40,MATCH,Maharashtra,Pune,Pune,Raigad Chikungunya,Chikungunya,19,0,Under Surveillance,30-09-2024,2024-09-30,30-09-2024,2024-09-30,2024-09-30,2024-10-06,TEXT,HIGH,,UNVALIDATED,Official IDSP unique ID: MH/RIG/2024/40/2453
MAHA-2024-W40-005,2024,40,NCDC weekly outbreaks/2024/week40_1788951939.pdf,15,40,MATCH,Maharashtra,Sangli,Sangli,Food Poisoning,Food_Poisoning,246,0,Under Surveillance,05-10-2024,2024-10-05,05-10-2024,2024-10-05,2024-09-30,2024-10-06,TEXT,HIGH,,UNVALIDATED,Official IDSP unique ID: MH/SAB/2024/40/2454
MAHA-2024-W40-006,2024,40,NCDC weekly outbreaks/2024/week40_1788951939.pdf,16,40,MATCH,Maharashtra,Thane,Thane,Acute Diarrheal Disease,Acute_Diarrheal_Disease,47,0,Under Surveillance,02-10-2024,2024-10-02,04-10-2024,2024-10-04,2024-09-30,2024-10-06,TEXT,HIGH,,UNVALIDATED,Official IDSP unique ID: MH/THE/2024/40/2455
MAHA-2024-W41-001,2024,41,NCDC weekly outbreaks/2024/week41_1788951950.pdf,9,41,MATCH,Maharashtra,Nagpur,Nagpur,Acute Diarrheal Disease,Acute_Diarrheal_Disease,136,0,Under Surveillance,11-10-2024,2024-10-11,11-10-2024,2024-10-11,2024-10-07,2024-10-13,TEXT,HIGH,,UNVALIDATED,Official IDSP unique ID: MH/NAG/2024/41/2492
MAHA-2024-W41-002,2024,41,NCDC weekly outbreaks/2024/week41_1788951950.pdf,9,41,MATCH,Maharashtra,Parbhani,Parbhani,Acute Diarrheal Disease,Acute_Diarrheal_Disease,30,0,Under Control,05-10-2024,2024-10-05,07-10-2024,2024-10-07,2024-10-07,2024-10-13,TEXT,HIGH,,UNVALIDATED,Official IDSP unique ID: MH/PRB/2024/41/2493
MAHA-2024-W41-003,2024,41,NCDC weekly outbreaks/2024/week41_1788951950.pdf,9,41,MATCH,Maharashtra,Pune,Pune,Acute Diarrheal Disease,Acute_Diarrheal_Disease,28,0,Under Surveillance,10-10-2024,2024-10-10,11-10-2024,2024-10-11,2024-10-07,2024-10-13,TEXT,HIGH,,UNVALIDATED,Official IDSP unique ID: MH/PNE/2024/41/2494
MAHA-2024-W42-001,2024,42,NCDC weekly outbreaks/2024/week42_1788951961.pdf,20,42,MATCH,Maharashtra,Ahmednagar,Ahmednagar,Cholera,Cholera,8,0,Under Control,14-10-2024,2024-10-14,14-10-2024,2024-10-14,2024-10-14,2024-10-20,TEXT,HIGH,,UNVALIDATED,Official IDSP unique ID: MH/AMN/2024/42/2562
MAHA-2024-W42-002,2024,42,NCDC weekly outbreaks/2024/week42_1788951961.pdf,21,42,MATCH,Maharashtra,Dhule,Dhule,Acute Diarrheal Disease,Acute_Diarrheal_Disease,30,1,Under Control,17-10-2024,2024-10-17,17-10-2024,2024-10-17,2024-10-14,2024-10-20,TEXT,HIGH,,UNVALIDATED,Official IDSP unique ID: MH/DHL/2024/42/2563
MAHA-2024-W42-003,2024,42,NCDC weekly outbreaks/2024/week42_1788951961.pdf,21,42,MATCH,Maharashtra,Kolhapur,Kolhapur,Food Poisoning,Food_Poisoning,88,0,Under Control,14-10-2024,2024-10-14,14-10-2024,2024-10-14,2024-10-14,2024-10-20,TEXT,HIGH,,UNVALIDATED,Official IDSP unique ID: MH/KOP/2024/42/2564
MAHA-2024-W42-004,2024,42,NCDC weekly outbreaks/2024/week42_1788951961.pdf,21,42,MATCH,Maharashtra,Nanded,Nanded,Chikungunya,Chikungunya,7,0,Under Surveillance,16-10-2024,2024-10-16,17-10-2024,2024-10-17,2024-10-14,2024-10-20,TEXT,HIGH,,UNVALIDATED,Official IDSP unique ID: MH/NAD/2024/42/2565
MAHA-2024-W42-005,2024,42,NCDC weekly outbreaks/2024/week42_1788951961.pdf,21,42,MATCH,Maharashtra,Nashik,Nashik,Acute Diarrheal Disease,Acute_Diarrheal_Disease,10,0,Under Surveillance,14-10-2024,2024-10-14,15-10-2024,2024-10-15,2024-10-14,2024-10-20,TEXT,HIGH,,UNVALIDATED,Official IDSP unique ID: MH/NAS/2024/42/2566
MAHA-2024-W42-006,2024,42,NCDC weekly outbreaks/2024/week42_1788951961.pdf,22,42,MATCH,Maharashtra,Nanded,Nanded,Parbhani Chikungunya,Chikungunya,6,0,Under Control,17-10-2024,2024-10-17,17-10-2024,2024-10-17,2024-10-14,2024-10-20,TEXT,HIGH,,UNVALIDATED,Official IDSP unique ID: MH/PRB/2024/42/2567
MAHA-2024-W42-007,2024,42,NCDC weekly outbreaks/2024/week42_1788951961.pdf,22,42,MATCH,Maharashtra,Thane,Thane,Acute Gastroenteritis,Gastroenteritis,10,0,Under Surveillance,17-10-2024,2024-10-17,19-10-2024,2024-10-19,2024-10-14,2024-10-20,TEXT,HIGH,,UNVALIDATED,Official IDSP unique ID: MH/THE/2024/42/2568
MAHA-2024-W42-008,2024,42,NCDC weekly outbreaks/2024/week42_1788951961.pdf,22,42,MATCH,Maharashtra,Mumbai,Mumbai City,Thane Hepatitis A,Hepatitis,6,1,Under Surveillance,15-10-2024,2024-10-15,19-10-2024,2024-10-19,2024-10-14,2024-10-20,TEXT,HIGH,,UNVALIDATED,Official IDSP unique ID: MH/THE/2024/42/2569
MAHA-2024-W42-009,2024,42,NCDC weekly outbreaks/2024/week42_1788951961.pdf,23,42,MATCH,Maharashtra,Wardha,Wardha,Acute Diarrheal Disease,Acute_Diarrheal_Disease,12,0,Under Surveillance,17-10-2024,2024-10-17,18-10-2024,2024-10-18,2024-10-14,2024-10-20,TEXT,HIGH,,UNVALIDATED,Official IDSP unique ID: MH/WRD/2024/42/2570
MAHA-2024-W42-010,2024,42,NCDC weekly outbreaks/2024/week42_1788951961.pdf,29,2587,MATCH,Maharashtra,Unknown,,Madhya Pradesh Damoh Acute Diarrheal Disease,Acute_Diarrheal_Disease,16,0,Under Surveillance,09-10-2024,2024-10-09,30-08-2024,2024-08-30,2024-10-14,2024-10-20,TEXT,MEDIUM,,UNVALIDATED,Official IDSP unique ID: MH/2024/42/2587
MAHA-2024-W43-001,2024,43,NCDC weekly outbreaks/2024/week43_1788951974.pdf,10,43,MATCH,Maharashtra,Ahmednagar,Ahmednagar,Acute Diarrheal Disease,Acute_Diarrheal_Disease,129,0,Under Control,20-10-2024,2024-10-20,22-10-2024,2024-10-22,2024-10-21,2024-10-27,TEXT,HIGH,,UNVALIDATED,Official IDSP unique ID: MH/AHM/2024/43/2618
MAHA-2024-W43-002,2024,43,NCDC weekly outbreaks/2024/week43_1788951974.pdf,15,43,MATCH,Maharashtra,Nashik,Nashik,Acute Diarrheal Disease,Acute_Diarrheal_Disease,171,0,Under Surveillance,17-10-2024,2024-10-17,,,2024-10-21,2024-10-27,TEXT,HIGH,,UNVALIDATED,Official IDSP unique ID: MH/NAS/2024/43/2632
MAHA-2024-W43-003,2024,43,NCDC weekly outbreaks/2024/week43_1788951974.pdf,15,43,MATCH,Maharashtra,Mumbai,Mumbai City,Raigad Hepatitis A,Hepatitis,37,0,Under Surveillance,17-10-2024,2024-10-17,20-09-2024,2024-09-20,2024-10-21,2024-10-27,TEXT,HIGH,,UNVALIDATED,Official IDSP unique ID: MH/RIG/2024/43/2633
MAHA-2024-W44-001,2024,44,NCDC weekly outbreaks/2024/week44_1788951993.pdf,10,44,MATCH,Maharashtra,Palghar,Palghar,Dengue,Dengue,22,1,Under Surveillance,29-10-2024,2024-10-29,30-10-2024,2024-10-30,2024-10-28,2024-11-03,TEXT,HIGH,,UNVALIDATED,Official IDSP unique ID: MH/PLG/2024/44/2659
MAHA-2024-W44-002,2024,44,NCDC weekly outbreaks/2024/week44_1788951993.pdf,10,44,MATCH,Maharashtra,Thane,Thane,Acute Diarrheal Disease,Acute_Diarrheal_Disease,97,0,Under Surveillance,28-10-2024,2024-10-28,31-10-2024,2024-10-31,2024-10-28,2024-11-03,TEXT,HIGH,,UNVALIDATED,Official IDSP unique ID: MH/THN/2024/44/2660
MAHA-2024-W44-003,2024,44,NCDC weekly outbreaks/2024/week44_1788951993.pdf,17,44,MATCH,Maharashtra,Nashik,Nashik,Acute Diarrheal Disease,Acute_Diarrheal_Disease,18,0,Under Control,24-10-2024,2024-10-24,15-10-2024,2024-10-15,2024-10-28,2024-11-03,TEXT,HIGH,,UNVALIDATED,Official IDSP unique ID: MH/NAS/2024/44/2679
MAHA-2024-W45-001,2024,45,NCDC weekly outbreaks/2024/week45_1788952004.pdf,8,45,MATCH,Maharashtra,Ahmednagar,Ahmednagar,Dengue,Dengue,23,0,Under Surveillance,06-11-2024,2024-11-06,07-11-2024,2024-11-07,2024-11-04,2024-11-10,TEXT,HIGH,,UNVALIDATED,Official IDSP unique ID: MH/AHM/2024/45/2701
MAHA-2024-W45-002,2024,45,NCDC weekly outbreaks/2024/week45_1788952004.pdf,9,45,MATCH,Maharashtra,Chandrapur,Chandrapur,Acute Diarrheal Disease,Acute_Diarrheal_Disease,61,0,Under Control,05-11-2024,2024-11-05,07-11-2024,2024-11-07,2024-11-04,2024-11-10,TEXT,HIGH,,UNVALIDATED,Official IDSP unique ID: MH/CHN/2024/45/2702
MAHA-2024-W46-001,2024,46,NCDC weekly outbreaks/2024/week46_1788952017.pdf,13,46,MATCH,Maharashtra,Nashik,Nashik,Acute Diarrheal Disease,Acute_Diarrheal_Disease,21,1,Under Surveillance,13-11-2024,2024-11-13,14-11-2024,2024-11-14,2024-11-11,2024-11-17,TEXT,HIGH,,UNVALIDATED,Official IDSP unique ID: MH/NSH/2024/46/2749
MAHA-2024-W46-002,2024,46,NCDC weekly outbreaks/2024/week46_1788952017.pdf,13,46,MATCH,Maharashtra,Nanded,Nanded,Parbhani Chikungunya,Chikungunya,14,0,Under Control,12-11-2024,2024-11-12,14-11-2024,2024-11-14,2024-11-11,2024-11-17,TEXT,HIGH,,UNVALIDATED,Official IDSP unique ID: MH/PRB/2024/46/2750
MAHA-2024-W46-003,2024,46,NCDC weekly outbreaks/2024/week46_1788952017.pdf,13,46,MATCH,Maharashtra,Raigad,Raigad,Chikungunya,Chikungunya,27,0,Under Surveillance,09-11-2024,2024-11-09,14-11-2024,2024-11-14,2024-11-11,2024-11-17,TEXT,HIGH,,UNVALIDATED,Official IDSP unique ID: MH/RIG/2024/46/2751
MAHA-2024-W46-004,2024,46,NCDC weekly outbreaks/2024/week46_1788952017.pdf,14,46,MATCH,Maharashtra,Sindhudurg,Sindhudurg,Leptospirosis,Leptospirosis,1,1,Under Surveillance,14-11-2024,2024-11-14,14-11-2024,2024-11-14,2024-11-11,2024-11-17,TEXT,HIGH,,UNVALIDATED,Official IDSP unique ID: MH/SDG/2024/46/2752
MAHA-2024-W47-001,2024,47,NCDC weekly outbreaks/2024/week47_1788952028.pdf,14,47,MATCH,Maharashtra,Wardha,Wardha,Dengue,Dengue,5,1,Under Surveillance,21-11-2024,2024-11-21,22-11-2024,2024-11-22,2024-11-18,2024-11-24,TEXT,HIGH,,UNVALIDATED,Official IDSP unique ID: MH/WHD/2024/47/2809
MAHA-2024-W48-001,2024,48,NCDC weekly outbreaks/2024/week48_1788952041.pdf,11,48,MATCH,Maharashtra,Amravati,Amravati,Chikungunya,Chikungunya,12,0,Under Surveillance,25-11-2024,2024-11-25,26-11-2024,2024-11-26,2024-11-25,2024-12-01,TEXT,HIGH,,UNVALIDATED,Official IDSP unique ID: MH/AMR/2024/48/2847
MAHA-2024-W48-002,2024,48,NCDC weekly outbreaks/2024/week48_1788952041.pdf,11,48,MATCH,Maharashtra,Kolhapur,Kolhapur,Acute Diarrheal Disease,Acute_Diarrheal_Disease,165,0,Under Surveillance,30-11-2024,2024-11-30,30-11-2024,2024-11-30,2024-11-25,2024-12-01,TEXT,HIGH,,UNVALIDATED,Official IDSP unique ID: MH/KOH/2024/48/2848
MAHA-2024-W48-003,2024,48,NCDC weekly outbreaks/2024/week48_1788952041.pdf,11,48,MATCH,Maharashtra,Kolhapur,Kolhapur,Acute Hepatitis A,Hepatitis,18,0,Under Surveillance,25-11-2024,2024-11-25,25-11-2024,2024-11-25,2024-11-25,2024-12-01,TEXT,HIGH,,UNVALIDATED,Official IDSP unique ID: MH/KOH/2024/48/2849
MAHA-2024-W48-004,2024,48,NCDC weekly outbreaks/2024/week48_1788952041.pdf,12,48,MATCH,Maharashtra,Nanded,Nanded,Chikungunya,Chikungunya,14,0,Under Surveillance,26-11-2024,2024-11-26,27-11-2024,2024-11-27,2024-11-25,2024-12-01,TEXT,HIGH,,UNVALIDATED,Official IDSP unique ID: MH/NAN/2024/48/2850
MAHA-2024-W48-005,2024,48,NCDC weekly outbreaks/2024/week48_1788952041.pdf,12,48,MATCH,Maharashtra,Palghar,Palghar,Leptospirosis,Leptospirosis,7,1,Under Control,23-11-2024,2024-11-23,25-11-2024,2024-11-25,2024-11-25,2024-12-01,TEXT,HIGH,,UNVALIDATED,Official IDSP unique ID: MH/PLG/2024/48/2851
MAHA-2024-W48-006,2024,48,NCDC weekly outbreaks/2024/week48_1788952041.pdf,12,48,MATCH,Maharashtra,Pune,Pune,Zika Virus,Zika_Virus,1,0,Under Surveillance,25-11-2024,2024-11-25,27-11-2024,2024-11-27,2024-11-25,2024-12-01,TEXT,HIGH,,UNVALIDATED,Official IDSP unique ID: MH/PNE/2024/48/2852
MAHA-2024-W48-007,2024,48,NCDC weekly outbreaks/2024/week48_1788952041.pdf,13,48,MATCH,Maharashtra,Pune,Pune,Hepatitis A,Hepatitis,10,0,Under Surveillance,30-11-2024,2024-11-30,30-11-2024,2024-11-30,2024-11-25,2024-12-01,TEXT,HIGH,,UNVALIDATED,Official IDSP unique ID: MH/SIN/2024/48/2853
MAHA-2024-W48-008,2024,48,NCDC weekly outbreaks/2024/week48_1788952041.pdf,13,48,MATCH,Maharashtra,Akola,Akola,Dengue,Dengue,9,0,Under Surveillance,30-11-2024,2024-11-30,30-11-2024,2024-11-30,2024-11-25,2024-12-01,TEXT,HIGH,,UNVALIDATED,Official IDSP unique ID: MH/WAS/2024/48/2854
MAHA-2024-W49-001,2024,49,NCDC weekly outbreaks/2024/week49_1788952055.pdf,8,49,MATCH,Maharashtra,Sangli,Sangli,Hepatitis A,Hepatitis,9,0,Under Surveillance,05-12-2024,2024-12-05,06-12-2024,2024-12-06,2024-12-02,2024-12-08,TEXT,HIGH,,UNVALIDATED,Official IDSP unique ID: MH/SAN/2024/49/2887
MAHA-2024-W50-001,2024,50,NCDC weekly outbreaks/2024/week50_1788952068.pdf,13,50,MATCH,Maharashtra,Gadchiroli,Gadchiroli,Malaria,Malaria,2,1,Under Control,09/12/2024,2024-12-09,09/12/2024,2024-12-09,2024-12-09,2024-12-15,TEXT,HIGH,,UNVALIDATED,Official IDSP unique ID: MH/GDC/2024/50/2935
MAHA-2024-W50-002,2024,50,NCDC weekly outbreaks/2024/week50_1788952068.pdf,14,50,MATCH,Maharashtra,Thane,Thane,Acute Diarrheal Disease,Acute_Diarrheal_Disease,5,1,Under Control,06/12/2024,2024-12-06,09/12/2024,2024-12-09,2024-12-09,2024-12-15,TEXT,HIGH,,UNVALIDATED,Official IDSP unique ID: MH/THE/2024/50/2936
MAHA-2024-W50-003,2024,50,NCDC weekly outbreaks/2024/week50_1788952068.pdf,14,50,MATCH,Maharashtra,Wardha,Wardha,Food Poisoning,Food_Poisoning,39,0,Under Surveillance,11/12/2024,2024-12-11,12/12/2024,2024-12-12,2024-12-09,2024-12-15,TEXT,HIGH,,UNVALIDATED,Official IDSP unique ID: MH/WRD/2024/50/2937
MAHA-2024-W51-001,2024,51,NCDC weekly outbreaks/2024/week51_1788952079.pdf,11,51,MATCH,Maharashtra,Bhandara,Bhandara,Leptospirosis,Leptospirosis,3,0,Under Surveillance,19-12-2024,2024-12-19,19-12-2024,2024-12-19,2024-12-16,2024-12-22,TEXT,HIGH,,UNVALIDATED,Official IDSP unique ID: MH/BHN/2024/51/2975
MAHA-2024-W51-002,2024,51,NCDC weekly outbreaks/2024/week51_1788952079.pdf,11,51,MATCH,Maharashtra,Nandurbar,Nandurbar,Food Poisoning,Food_Poisoning,22,0,Under Surveillance,11-12-2024,2024-12-11,16-12-2024,2024-12-16,2024-12-16,2024-12-22,TEXT,HIGH,,UNVALIDATED,Official IDSP unique ID: MH/NAN/2024/51/2976
MAHA-2024-W51-003,2024,51,NCDC weekly outbreaks/2024/week51_1788952079.pdf,12,51,MATCH,Maharashtra,Sangli,Sangli,Acute Diarrheal Disease,Acute_Diarrheal_Disease,49,0,Under Surveillance,17-12-2024,2024-12-17,17-12-2024,2024-12-17,2024-12-16,2024-12-22,TEXT,HIGH,,UNVALIDATED,Official IDSP unique ID: MH/SNG/2024/51/2977
MAHA-2024-W52-001,2024,52,NCDC weekly outbreaks/2024/week52_1788952090.pdf,10,52,MATCH,Maharashtra,Buldhana,Buldhana,Food Poisoning,Food_Poisoning,93,0,Under Control,24-12-2024,2024-12-24,26-12-2024,2024-12-26,2024-12-23,2024-12-29,TEXT,HIGH,,UNVALIDATED,Official IDSP unique ID: MH/BUL/2024/52/3007
MAHA-2024-W52-002,2024,52,NCDC weekly outbreaks/2024/week52_1788952090.pdf,10,52,MATCH,Maharashtra,Osmanabad,Osmanabad,Chikungunya,Chikungunya,5,0,Under Surveillance,22-12-2024,2024-12-22,23-12-2024,2024-12-23,2024-12-23,2024-12-29,TEXT,HIGH,,UNVALIDATED,Official IDSP unique ID: MH/OSM/2024/52/3008
MAHA-2024-W52-003,2024,52,NCDC weekly outbreaks/2024/week52_1788952090.pdf,13,52,MATCH,Maharashtra,Thane,Thane,Human Rabies,Rabies,1,1,Under Control,10-12-2024,2024-12-10,10/12/2024,2024-12-10,2024-12-23,2024-12-29,TEXT,HIGH,,UNVALIDATED,Official IDSP unique ID: MH/THE/2024/52/3019
MAHA-2025-W01-001,2025,1,NCDC weekly outbreaks/2025/week1_1788948201.pdf,7,01,MATCH,Maharashtra,Amravati,Amravati,Acute Diarrheal Disease,Acute_Diarrheal_Disease,20,0,Under Surveillance,29-12-2024,2024-12-29,30-12-2024,2024-12-30,2024-12-30,2025-01-05,TEXT,HIGH,,UNVALIDATED,Official IDSP unique ID: MH/AMR/2025/01/15
MAHA-2025-W01-002,2025,1,NCDC weekly outbreaks/2025/week1_1788948201.pdf,7,01,MATCH,Maharashtra,Mumbai,Mumbai City,Raigad Acute Diarrheal Disease,Acute_Diarrheal_Disease,62,0,Under Surveillance,29-12-2024,2024-12-29,30-12-2024,2024-12-30,2024-12-30,2025-01-05,TEXT,HIGH,,UNVALIDATED,Official IDSP unique ID: MH/RIG/2025/01/16
MAHA-2025-W01-003,2025,1,NCDC weekly outbreaks/2025/week1_1788948201.pdf,8,01,MATCH,Maharashtra,Pune,Pune,Chikungunya,Chikungunya,17,0,Under Surveillance,01-01-2025,2025-01-01,01-01-2025,2025-01-01,2024-12-30,2025-01-05,TEXT,HIGH,,UNVALIDATED,Official IDSP unique ID: MH/STR/2025/01/17
MAHA-2025-W02-001,2025,2,NCDC weekly outbreaks/2025/week2_1788950093.pdf,11,02,MATCH,Maharashtra,Raigad,Raigad,Leptospirosis,Leptospirosis,15,1,Under Control,31-12-2024,2024-12-31,06-01-2025,2025-01-06,2025-01-06,2025-01-12,TEXT,HIGH,,UNVALIDATED,Official IDSP unique ID: MH/RAI/2025/02/25
MAHA-2025-W03-001,2025,3,NCDC weekly outbreaks/2025/week3_1788950195.pdf,7,03,MATCH,Maharashtra,Amravati,Amravati,Food Poisoning,Food_Poisoning,133,0,Under Surveillance,12-01-2025,2025-01-12,13-01-2025,2025-01-13,2025-01-13,2025-01-19,TEXT,HIGH,,UNVALIDATED,Official IDSP unique ID: MH/AMR/2025/03/79
MAHA-2025-W03-002,2025,3,NCDC weekly outbreaks/2025/week3_1788950195.pdf,7,03,MATCH,Maharashtra,Buldhana,Buldhana,Acute Diarrheal Disease,Acute_Diarrheal_Disease,12,1,Under Surveillance,14-01-2025,2025-01-14,14-01-2025,2025-01-14,2025-01-13,2025-01-19,TEXT,HIGH,,UNVALIDATED,Official IDSP unique ID: MH/BLD/2025/03/80
MAHA-2025-W04-001,2025,4,NCDC weekly outbreaks/2025/week4_1788950209.pdf,12,04,MATCH,Maharashtra,Nanded,Nanded,Food Poisoning,Food_Poisoning,54,0,Under Surveillance,26-01-2025,2025-01-26,26-01-2025,2025-01-26,2025-01-20,2025-01-26,TEXT,HIGH,,UNVALIDATED,Official IDSP unique ID: MH/NAN/2025/04/121
MAHA-2025-W04-002,2025,4,NCDC weekly outbreaks/2025/week4_1788950209.pdf,12,04,MATCH,Maharashtra,Osmanabad,Osmanabad,Chickenpox,Chickenpox,15,0,Under Surveillance,17-01-2025,2025-01-17,20-01-2025,2025-01-20,2025-01-20,2025-01-26,TEXT,HIGH,,UNVALIDATED,Official IDSP unique ID: MH/OSM/2025/04/122
MAHA-2025-W04-003,2025,4,NCDC weekly outbreaks/2025/week4_1788950209.pdf,12,04,MATCH,Maharashtra,Palghar,Palghar,Chikunguny a & Dengue,Dengue,13,0,Under Surveillance,22-01-2025,2025-01-22,23-01-2025,2025-01-23,2025-01-20,2025-01-26,TEXT,HIGH,,UNVALIDATED,Official IDSP unique ID: MH/PAL/2025/04/123
MAHA-2025-W04-004,2025,4,NCDC weekly outbreaks/2025/week4_1788950209.pdf,13,04,MATCH,Maharashtra,Sangli,Sangli,Food Poisoning,Food_Poisoning,29,0,Under Surveillance,20-01-2025,2025-01-20,22-01-2025,2025-01-22,2025-01-20,2025-01-26,TEXT,HIGH,,UNVALIDATED,Official IDSP unique ID: MH/SAN/2025/04/124
MAHA-2025-W04-005,2025,4,NCDC weekly outbreaks/2025/week4_1788950209.pdf,20,04,MATCH,Maharashtra,Jalgaon,Jalgaon,Measles,Measles,17,0,Under Surveillance,13-01-2025,2025-01-13,,,2025-01-20,2025-01-26,TEXT,HIGH,,UNVALIDATED,Official IDSP unique ID: MH/JAL/2025/04/145
MAHA-2025-W05-001,2025,5,NCDC weekly outbreaks/2025/week5_1788950221.pdf,11,05,MATCH,Maharashtra,Pune,Pune,Food Poisoning,Food_Poisoning,20,0,Under Surveillance,28/01/2025,2025-01-28,29/01/2025,2025-01-29,2025-01-27,2025-02-02,TEXT,HIGH,,UNVALIDATED,Official IDSP unique ID: MH/PNE/2025/05/171
MAHA-2025-W05-002,2025,5,NCDC weekly outbreaks/2025/week5_1788950221.pdf,11,05,MATCH,Maharashtra,Sangli,Sangli,Food Poisoning,Food_Poisoning,34,0,Under Surveillance,28/01/2025,2025-01-28,29/01/2025,2025-01-29,2025-01-27,2025-02-02,TEXT,HIGH,,UNVALIDATED,Official IDSP unique ID: MH/SNG/2025/05/172
MAHA-2025-W06-001,2025,6,NCDC weekly outbreaks/2025/week6_1788950233.pdf,12,06,MATCH,Maharashtra,Amravati,Amravati,Acute Gastroenterit is,Acute Gastroenterit is,16,0,Under Surveillance,03-02-2025,2025-02-03,04-02-2025,2025-02-04,2025-02-03,2025-02-09,TEXT,HIGH,,UNVALIDATED,Official IDSP unique ID: MH/AMR/2025/06/222
MAHA-2025-W06-002,2025,6,NCDC weekly outbreaks/2025/week6_1788950233.pdf,13,06,MATCH,Maharashtra,Kolhapur,Kolhapur,Food Poisoning,Food_Poisoning,651,0,Under Surveillance,05-02-2025,2025-02-05,05-02-2025,2025-02-05,2025-02-03,2025-02-09,TEXT,HIGH,,UNVALIDATED,Official IDSP unique ID: MH/KOL/2025/06/223
MAHA-2025-W06-003,2025,6,NCDC weekly outbreaks/2025/week6_1788950233.pdf,13,06,MATCH,Maharashtra,Thane,Thane,Chikungunya,Chikungunya,15,0,Under Surveillance,01-02-2025,2025-02-01,06-02-2025,2025-02-06,2025-02-03,2025-02-09,TEXT,HIGH,,UNVALIDATED,Official IDSP unique ID: MH/THN/2025/06/224
MAHA-2025-W07-001,2025,7,NCDC weekly outbreaks/2025/week7_1789017204.pdf,3,241,MATCH,Maharashtra,Unknown,,Assam Dima Hasao Chickenpox,Chickenpox,19,0,Under Surveillance,14-02-2025,2025-02-14,16-02-2025,2025-02-16,2025-02-10,2025-02-16,TEXT,MEDIUM,,UNVALIDATED,Official IDSP unique ID: MH/2025/07/241
MAHA-2025-W07-002,2025,7,NCDC weekly outbreaks/2025/week7_1789017204.pdf,10,07,MATCH,Maharashtra,Akola,Akola,Typhoid,Typhoid,30,0,Under Surveillance,14-02-2025,2025-02-14,14-02-2025,2025-02-14,2025-02-10,2025-02-16,TEXT,HIGH,,UNVALIDATED,Official IDSP unique ID: MH/AKL/2025/07/265
MAHA-2025-W07-003,2025,7,NCDC weekly outbreaks/2025/week7_1789017204.pdf,10,07,MATCH,Maharashtra,Amravati,Amravati,Fever,Fever,10,1,Under Surveillance,12-02-2025,2025-02-12,14-02-2025,2025-02-14,2025-02-10,2025-02-16,TEXT,HIGH,,UNVALIDATED,Official IDSP unique ID: MH/AMR/2025/07/266
MAHA-2025-W07-004,2025,7,NCDC weekly outbreaks/2025/week7_1789017204.pdf,10,07,MATCH,Maharashtra,Aurangabad,Aurangabad,Fever,Fever,18,2,Under Surveillance,08-02-2025,2025-02-08,10-02-2025,2025-02-10,2025-02-10,2025-02-16,TEXT,HIGH,,UNVALIDATED,Official IDSP unique ID: MH/AUR/2025/07/267
MAHA-2025-W07-005,2025,7,NCDC weekly outbreaks/2025/week7_1789017204.pdf,11,07,MATCH,Maharashtra,Bhandara,Bhandara,Acute Diarrheal Disease,Acute_Diarrheal_Disease,21,0,Under Surveillance,08-02-2025,2025-02-08,10-02-2025,2025-02-10,2025-02-10,2025-02-16,TEXT,HIGH,,UNVALIDATED,Official IDSP unique ID: MH/BND/2025/07/268
MAHA-2025-W07-006,2025,7,NCDC weekly outbreaks/2025/week7_1789017204.pdf,11,07,MATCH,Maharashtra,Latur,Latur,Measles,Measles,27,0,Under Surveillance,10-02-2025,2025-02-10,10-02-2025,2025-02-10,2025-02-10,2025-02-16,TEXT,HIGH,,UNVALIDATED,Official IDSP unique ID: MH/LAT/2025/07/269
MAHA-2025-W07-007,2025,7,NCDC weekly outbreaks/2025/week7_1789017204.pdf,11,07,MATCH,Maharashtra,Nagpur,Nagpur,Acute Diarrheal Disease,Acute_Diarrheal_Disease,51,0,Under Control,07-02-2025,2025-02-07,10-02-2025,2025-02-10,2025-02-10,2025-02-16,TEXT,HIGH,,UNVALIDATED,Official IDSP unique ID: MH/NGP/2025/07/270
MAHA-2025-W07-008,2025,7,NCDC weekly outbreaks/2025/week7_1789017204.pdf,12,07,MATCH,Maharashtra,Nanded,Nanded,Food Poisoning,Food_Poisoning,77,0,Under Surveillance,08-02-2025,2025-02-08,10-02-2025,2025-02-10,2025-02-10,2025-02-16,TEXT,HIGH,,UNVALIDATED,Official IDSP unique ID: MH/NAN/2025/07/271
MAHA-2025-W07-009,2025,7,NCDC weekly outbreaks/2025/week7_1789017204.pdf,12,07,MATCH,Maharashtra,Wardha,Wardha,Food Poisoning,Food_Poisoning,29,0,Under Surveillance,10-02-2025,2025-02-10,11-02-2025,2025-02-11,2025-02-10,2025-02-16,TEXT,HIGH,,UNVALIDATED,Official IDSP unique ID: MH/WRD/2025/07/272
MAHA-2025-W08-001,2025,8,NCDC weekly outbreaks/2025/week8_1788950267.pdf,15,08,MATCH,Maharashtra,Kolhapur,Kolhapur,Hepatitis A,Hepatitis,25,0,Under Surveillance,19-02-2025,2025-02-19,19-02-2025,2025-02-19,2025-02-17,2025-02-23,TEXT,HIGH,,UNVALIDATED,Official IDSP unique ID: MH/KOL/2025/08/329
MAHA-2025-W08-002,2025,8,NCDC weekly outbreaks/2025/week8_1788950267.pdf,16,08,MATCH,Maharashtra,Sangli,Sangli,Acute Hepatitis A,Hepatitis,12,0,Under Surveillance,18-02-2025,2025-02-18,20-02-2025,2025-02-20,2025-02-17,2025-02-23,TEXT,HIGH,,UNVALIDATED,Official IDSP unique ID: MH/SAN/2025/08/330
MAHA-2025-W09-001,2025,9,NCDC weekly outbreaks/2025/week9_1788950284.pdf,13,09,MATCH,Maharashtra,Jalgaon,Jalgaon,Jaundice,Hepatitis,12,0,Under Surveillance,26-02-2025,2025-02-26,01-03-2025,2025-03-01,2025-02-24,2025-03-02,TEXT,HIGH,,UNVALIDATED,Official IDSP unique ID: MH/JAL/2025/09/386
MAHA-2025-W09-002,2025,9,NCDC weekly outbreaks/2025/week9_1788950284.pdf,14,09,MATCH,Maharashtra,Kolhapur,Kolhapur,Food Poisoning,Food_Poisoning,24,0,Under Surveillance,01-03-2025,2025-03-01,01-03-2025,2025-03-01,2025-02-24,2025-03-02,TEXT,HIGH,,UNVALIDATED,Official IDSP unique ID: MH/KLP/2025/09/387
MAHA-2025-W09-003,2025,9,NCDC weekly outbreaks/2025/week9_1788950284.pdf,14,09,MATCH,Maharashtra,Palghar,Palghar,Palaghar Acute Diarrheal Disease,Acute_Diarrheal_Disease,23,0,Under Surveillance,01-03-2025,2025-03-01,02-03-2025,2025-03-02,2025-02-24,2025-03-02,TEXT,HIGH,,UNVALIDATED,Official IDSP unique ID: MH/PLG/2025/09/388
MAHA-2025-W09-004,2025,9,NCDC weekly outbreaks/2025/week9_1788950284.pdf,14,09,MATCH,Maharashtra,Sangli,Sangli,Hepatitis A,Hepatitis,34,0,Under Surveillance,25-02-2025,2025-02-25,25-02-2025,2025-02-25,2025-02-24,2025-03-02,TEXT,HIGH,,UNVALIDATED,Official IDSP unique ID: MH/SNG/2025/09/389
MAHA-2025-W09-005,2025,9,NCDC weekly outbreaks/2025/week9_1788950284.pdf,15,09,MATCH,Maharashtra,Sangli,Sangli,Food Poisoning,Food_Poisoning,67,0,Under Surveillance,24-02-2025,2025-02-24,25-02-2025,2025-02-25,2025-02-24,2025-03-02,TEXT,HIGH,,UNVALIDATED,Official IDSP unique ID: MH/SNG/2025/09/390
MAHA-2025-W10-001,2025,10,NCDC weekly outbreaks/2025/week10_1788950298.pdf,12,10,MATCH,Maharashtra,Latur,Latur,Chickenpox,Chickenpox,22,0,Under Surveillance,07-03-2025,2025-03-07,07-03-2025,2025-03-07,2025-03-03,2025-03-09,TEXT,HIGH,,UNVALIDATED,Official IDSP unique ID: MH/LAT/2025/10/431
MAHA-2025-W10-002,2025,10,NCDC weekly outbreaks/2025/week10_1788950298.pdf,12,10,MATCH,Maharashtra,Nagpur,Nagpur,Acute Diarrheal Disease,Acute_Diarrheal_Disease,109,0,Under Surveillance,27-02-2025,2025-02-27,03-03-2025,2025-03-03,2025-03-03,2025-03-09,TEXT,HIGH,,UNVALIDATED,Official IDSP unique ID: MH/NAG/2025/10/432
MAHA-2025-W10-003,2025,10,NCDC weekly outbreaks/2025/week10_1788950298.pdf,12,10,MATCH,Maharashtra,Nagpur,Nagpur,Acute Diarrheal Disease,Acute_Diarrheal_Disease,61,0,Under Surveillance,02-03-2025,2025-03-02,03-03-2025,2025-03-03,2025-03-03,2025-03-09,TEXT,HIGH,,UNVALIDATED,Official IDSP unique ID: MH/NAG/2025/10/433
MAHA-2025-W10-004,2025,10,NCDC weekly outbreaks/2025/week10_1788950298.pdf,13,10,MATCH,Maharashtra,Washim,Washim,Chikungunya,Chikungunya,7,0,Under Surveillance,07-03-2025,2025-03-07,07-03-2025,2025-03-07,2025-03-03,2025-03-09,TEXT,HIGH,,UNVALIDATED,Official IDSP unique ID: MH/WAS/2025/10/434
MAHA-2025-W11-001,2025,11,NCDC weekly outbreaks/2025/week11_1788950540.pdf,10,11,MATCH,Maharashtra,Bhandara,Bhandara,Acute Diarrheal Disease,Acute_Diarrheal_Disease,24,0,Under Surveillance,12-03-2025,2025-03-12,12-03-2025,2025-03-12,2025-03-10,2025-03-16,TEXT,HIGH,,UNVALIDATED,Official IDSP unique ID: MH/BHN/2025/11/481
MAHA-2025-W11-002,2025,11,NCDC weekly outbreaks/2025/week11_1788950540.pdf,10,11,MATCH,Maharashtra,Bhandara,Bhandara,Fever with Rash,Fever,13,0,Under Surveillance,10-03-2025,2025-03-10,10-03-2025,2025-03-10,2025-03-10,2025-03-16,TEXT,HIGH,,UNVALIDATED,Official IDSP unique ID: MH/BHN/2025/11/482
MAHA-2025-W11-003,2025,11,NCDC weekly outbreaks/2025/week11_1788950540.pdf,11,11,MATCH,Maharashtra,Jalgaon,Jalgaon,Measles,Measles,3,0,Under Surveillance,10-03-2025,2025-03-10,13-03-2025,2025-03-13,2025-03-10,2025-03-16,TEXT,HIGH,,UNVALIDATED,Official IDSP unique ID: MH/JAL/2025/11/483
MAHA-2025-W12-001,2025,12,NCDC weekly outbreaks/2025/week12_1788950562.pdf,12,12,MATCH,Maharashtra,Kolhapur,Kolhapur,Hepatitis A,Hepatitis,15,1,Under Surveillance,17-03-2025,2025-03-17,17-03-2025,2025-03-17,2025-03-17,2025-03-23,TEXT,HIGH,,UNVALIDATED,Official IDSP unique ID: MH/KOL/2025/12/528
MAHA-2025-W15-001,2025,15,NCDC weekly outbreaks/2025/week15_1788950605.pdf,9,15,MATCH,Maharashtra,Amravati,Amravati,Acute Diarrheal Disease,Acute_Diarrheal_Disease,11,0,Under Surveillance,07-04-2025,2025-04-07,08-04-2025,2025-04-08,2025-04-07,2025-04-13,TEXT,HIGH,,UNVALIDATED,Official IDSP unique ID: MH/AMR/2025/15/643
MAHA-2025-W15-002,2025,15,NCDC weekly outbreaks/2025/week15_1788950605.pdf,10,15,MATCH,Maharashtra,Osmanabad,Osmanabad,Dharashiv Chikungunya,Chikungunya,11,0,Under Surveillance,07-04-2025,2025-04-07,08-04-2025,2025-04-08,2025-04-07,2025-04-13,TEXT,HIGH,,UNVALIDATED,Official IDSP unique ID: MH/DHR/2025/15/644
MAHA-2025-W15-003,2025,15,NCDC weekly outbreaks/2025/week15_1788950605.pdf,10,15,MATCH,Maharashtra,Gondia,Gondia,Food Poisoning,Food_Poisoning,60,0,Under Surveillance,05-04-2025,2025-04-05,07-04-2025,2025-04-07,2025-04-07,2025-04-13,TEXT,HIGH,,UNVALIDATED,Official IDSP unique ID: MH/GON/2025/15/645
MAHA-2025-W16-001,2025,16,NCDC weekly outbreaks/2025/week16_1788950618.pdf,13,16,MATCH,Maharashtra,Solapur,Solapur,Dharashiv Food Poisoning,Food_Poisoning,122,0,Under Surveillance,17-04-2025,2025-04-17,17-04-2025,2025-04-17,2025-04-14,2025-04-20,TEXT,HIGH,,UNVALIDATED,Official IDSP unique ID: MH/DHR/2025/16/690
MAHA-2025-W16-002,2025,16,NCDC weekly outbreaks/2025/week16_1788950618.pdf,13,16,MATCH,Maharashtra,Mumbai,Mumbai City,Suburban Acute Diarrheal Disease,Acute_Diarrheal_Disease,17,0,Under Control,15-04-2025,2025-04-15,17-04-2025,2025-04-17,2025-04-14,2025-04-20,TEXT,HIGH,,UNVALIDATED,Official IDSP unique ID: MH/MBS/2025/16/691
MAHA-2025-W16-003,2025,16,NCDC weekly outbreaks/2025/week16_1788950618.pdf,14,16,MATCH,Maharashtra,Nanded,Nanded,Food Poisoning,Food_Poisoning,52,0,Under Surveillance,17-04-2025,2025-04-17,18-04-2025,2025-04-18,2025-04-14,2025-04-20,TEXT,HIGH,,UNVALIDATED,Official IDSP unique ID: MH/NAN/2025/16/692
MAHA-2025-W17-001,2025,17,NCDC weekly outbreaks/2025/week17_1788950632.pdf,10,17,MATCH,Maharashtra,Bhandara,Bhandara,Food Poisoning,Food_Poisoning,28,0,Under Surveillance,21-04-2025,2025-04-21,21-04-2025,2025-04-21,2025-04-21,2025-04-27,TEXT,HIGH,,UNVALIDATED,Official IDSP unique ID: MH/BHA/2025/17/723
MAHA-2025-W18-001,2025,18,NCDC weekly outbreaks/2025/week18_1788950653.pdf,16,18,MATCH,Maharashtra,Unknown,,Chhatrapati Sambhajinaga r Food Poisoning,Food_Poisoning,255,1,Under Surveillance,26-04-2025,2025-04-26,28-04-2025,2025-04-28,2025-04-28,2025-05-04,TEXT,MEDIUM,,UNVALIDATED,Official IDSP unique ID: MH/CHH/2025/18/768
MAHA-2025-W18-002,2025,18,NCDC weekly outbreaks/2025/week18_1788950653.pdf,16,18,MATCH,Maharashtra,Kolhapur,Kolhapur,Suspected Food Poisoning,Food_Poisoning,22,0,Under Surveillance,02-05-2025,2025-05-02,02-05-2025,2025-05-02,2025-04-28,2025-05-04,TEXT,HIGH,,UNVALIDATED,Official IDSP unique ID: MH/KOL/2025/18/769
MAHA-2025-W19-001,2025,19,NCDC weekly outbreaks/2025/week19_1788950700.pdf,10,19,MATCH,Maharashtra,Beed,Beed,Suspected Food Poisoning,Food_Poisoning,206,0,Under Surveillance,08-05-2025,2025-05-08,09-05-2025,2025-05-09,2025-05-05,2025-05-11,TEXT,HIGH,,UNVALIDATED,Official IDSP unique ID: MH/BEE/2025/19/808
MAHA-2025-W19-002,2025,19,NCDC weekly outbreaks/2025/week19_1788950700.pdf,11,19,MATCH,Maharashtra,Mumbai,Mumbai City,Suspected Food Poisoning,Food_Poisoning,52,0,Under Control,05-05-2025,2025-05-05,06-05-2025,2025-05-06,2025-05-05,2025-05-11,TEXT,HIGH,,UNVALIDATED,Official IDSP unique ID: MH/RAI/2025/19/809
MAHA-2025-W20-001,2025,20,NCDC weekly outbreaks/2025/week20_1788950712.pdf,12,20,MATCH,Maharashtra,Satara,Satara,Dengue,Dengue,20,0,Under Surveillance,14-05-2025,2025-05-14,14-05-2025,2025-05-14,2025-05-12,2025-05-18,TEXT,HIGH,,UNVALIDATED,Official IDSP unique ID: MH/SAT/2025/20/855
MAHA-2025-W20-002,2025,20,NCDC weekly outbreaks/2025/week20_1788950712.pdf,12,20,MATCH,Maharashtra,Satara,Satara,Meghala ya South West Garo Hills Acute Diarrheal Disease,Acute_Diarrheal_Disease,13,0,Under Surveillance,12-05-2025,2025-05-12,13-05-2025,2025-05-13,2025-05-12,2025-05-18,TEXT,HIGH,,UNVALIDATED,Official IDSP unique ID: MH/SAT/2025/20/856
MAHA-2025-W21-001,2025,21,NCDC weekly outbreaks/2025/week21_1788950729.pdf,14,21,MATCH,Maharashtra,Pune,Pune,Hepatitis A,Hepatitis,38,0,Under Surveillance,20-05-2025,2025-05-20,20-05-2025,2025-05-20,2025-05-19,2025-05-25,TEXT,HIGH,,UNVALIDATED,Official IDSP unique ID: MH/RAI/2025/21/903
MAHA-2025-W21-002,2025,21,NCDC weekly outbreaks/2025/week21_1788950729.pdf,18,21,MATCH,Maharashtra,Jalgaon,Jalgaon,Dengue,Dengue,22,0,Under Surveillance,23-04-2025,2025-04-23,,,2025-05-19,2025-05-25,TEXT,HIGH,,UNVALIDATED,Official IDSP unique ID: MH/JAL/2025/21/914
MAHA-2025-W22-001,2025,22,NCDC weekly outbreaks/2025/week22_1788950742.pdf,11,22,MATCH,Maharashtra,Jalgaon,Jalgaon,Dengue,Dengue,16,0,Under Surveillance,28-05-2025,2025-05-28,29-05-2025,2025-05-29,2025-05-26,2025-06-01,TEXT,HIGH,,UNVALIDATED,Official IDSP unique ID: MH/JAL/2025/22/940
MAHA-2025-W22-002,2025,22,NCDC weekly outbreaks/2025/week22_1788950742.pdf,12,22,MATCH,Maharashtra,Nanded,Nanded,Suspected Food Poisoning,Food_Poisoning,9,0,Under Surveillance,30-05-2025,2025-05-30,30-05-2025,2025-05-30,2025-05-26,2025-06-01,TEXT,HIGH,,UNVALIDATED,Official IDSP unique ID: MH/NAN/2025/22/941
MAHA-2025-W22-003,2025,22,NCDC weekly outbreaks/2025/week22_1788950742.pdf,12,22,MATCH,Maharashtra,Thane,Thane,Human Rabies,Rabies,1,1,Under Surveillance,23-05-2025,2025-05-23,30-05-2025,2025-05-30,2025-05-26,2025-06-01,TEXT,HIGH,,UNVALIDATED,Official IDSP unique ID: MH/THA/2025/22/942
MAHA-2025-W22-004,2025,22,NCDC weekly outbreaks/2025/week22_1788950742.pdf,18,22,MATCH,Maharashtra,Thane,Thane,Dengue,Dengue,6,0,Under Surveillance,20-05-2025,2025-05-20,,,2025-05-26,2025-06-01,TEXT,HIGH,,UNVALIDATED,Official IDSP unique ID: MH/THA/2025/22/958
MAHA-2025-W23-001,2025,23,NCDC weekly outbreaks/2025/week23_1788950756.pdf,10,23,MATCH,Maharashtra,Bhandara,Bhandara,Food Poisoning,Food_Poisoning,74,0,Under Surveillance,07-06-2025,2025-06-07,07-06-2025,2025-06-07,2025-06-02,2025-06-08,TEXT,HIGH,,UNVALIDATED,Official IDSP unique ID: MH/BHA/2025/23/979
MAHA-2025-W23-002,2025,23,NCDC weekly outbreaks/2025/week23_1788950756.pdf,10,23,MATCH,Maharashtra,Chandrapur,Chandrapur,Malaria,Malaria,5,1,Under Surveillance,07-06-2025,2025-06-07,07-06-2025,2025-06-07,2025-06-02,2025-06-08,TEXT,HIGH,,UNVALIDATED,Official IDSP unique ID: MH/CHA/2025/23/980
MAHA-2025-W23-003,2025,23,NCDC weekly outbreaks/2025/week23_1788950756.pdf,10,23,MATCH,Maharashtra,Solapur,Solapur,Dharashiv Fever of unknown origin,Fever,21,0,Under Surveillance,05-06-2025,2025-06-05,05-06-2025,2025-06-05,2025-06-02,2025-06-08,TEXT,HIGH,,UNVALIDATED,Official IDSP unique ID: MH/DHA/2025/23/981
MAHA-2025-W24-001,2025,24,NCDC weekly outbreaks/2025/week24_1788950775.pdf,15,24,MATCH,Maharashtra,Amravati,Amravati,Malaria (P.vivax),Malaria,27,0,Under Surveillance,11-06-2025,2025-06-11,12-06-2025,2025-06-12,2025-06-09,2025-06-15,TEXT,HIGH,,UNVALIDATED,Official IDSP unique ID: MH/AMR/2025/24/1031
MAHA-2025-W24-002,2025,24,NCDC weekly outbreaks/2025/week24_1788950775.pdf,15,24,MATCH,Maharashtra,Gadchiroli,Gadchiroli,Malaria (P.falciparum ),Malaria,3,1,Under Surveillance,10-06-2025,2025-06-10,12-06-2025,2025-06-12,2025-06-09,2025-06-15,TEXT,HIGH,,UNVALIDATED,Official IDSP unique ID: MH/GAD/2025/24/1032
MAHA-2025-W24-003,2025,24,NCDC weekly outbreaks/2025/week24_1788950775.pdf,16,24,MATCH,Maharashtra,Kolhapur,Kolhapur,Dengue,Dengue,6,1,Under Surveillance,10-06-2025,2025-06-10,12-06-2025,2025-06-12,2025-06-09,2025-06-15,TEXT,HIGH,,UNVALIDATED,Official IDSP unique ID: MH/KOL/2025/24/1033
MAHA-2025-W24-004,2025,24,NCDC weekly outbreaks/2025/week24_1788950775.pdf,16,24,MATCH,Maharashtra,Nagpur,Nagpur,Suspected Food Poisoning,Food_Poisoning,73,0,Under Control,13-06-2025,2025-06-13,13-06-2025,2025-06-13,2025-06-09,2025-06-15,TEXT,HIGH,,UNVALIDATED,Official IDSP unique ID: MH/NAG/2025/24/1034
MAHA-2025-W24-005,2025,24,NCDC weekly outbreaks/2025/week24_1788950775.pdf,17,24,MATCH,Maharashtra,Nagpur,Nagpur,Acute Diarrheal Disease,Acute_Diarrheal_Disease,31,0,Under Surveillance,09-06-2025,2025-06-09,10-06-2025,2025-06-10,2025-06-09,2025-06-15,TEXT,HIGH,,UNVALIDATED,Official IDSP unique ID: MH/NAG/2025/24/1035
MAHA-2025-W24-006,2025,24,NCDC weekly outbreaks/2025/week24_1788950775.pdf,17,24,MATCH,Maharashtra,Raigad,Raigad,Dengue,Dengue,8,1,Under Control,12-06-2025,2025-06-12,13-06-2025,2025-06-13,2025-06-09,2025-06-15,TEXT,HIGH,,UNVALIDATED,Official IDSP unique ID: MH/RAI/2025/24/1036
MAHA-2025-W24-007,2025,24,NCDC weekly outbreaks/2025/week24_1788950775.pdf,30,24,MATCH,Maharashtra,Yavatmal,Yavatmal,Malaria (P.vivax),Malaria,4,0,Under Surveillance,05-06-2025,2025-06-05,,,2025-06-09,2025-06-15,TEXT,HIGH,,UNVALIDATED,Official IDSP unique ID: MH/YAV/2025/24/1065
MAHA-2025-W25-001,2025,25,NCDC weekly outbreaks/2025/week25_1788950790.pdf,14,25,MATCH,Maharashtra,Chandrapur,Chandrapur,a Chandrapu r Acute Diarrheal Disease,Acute_Diarrheal_Disease,48,0,Under Control,14-06-2025,2025-06-14,17-06-2025,2025-06-17,2025-06-16,2025-06-22,TEXT,HIGH,,UNVALIDATED,Official IDSP unique ID: MH/CHA/2025/25/1096
MAHA-2025-W26-001,2025,26,NCDC weekly outbreaks/2025/week26_1788950806.pdf,21,26,MATCH,Maharashtra,Akola,Akola,Acute Diarrheal Disease,Acute_Diarrheal_Disease,15,0,Under Control,26-06-2025,2025-06-26,26-06-2025,2025-06-26,2025-06-23,2025-06-29,TEXT,HIGH,,UNVALIDATED,Official IDSP unique ID: MH/AKO/2025/26/1156
MAHA-2025-W26-002,2025,26,NCDC weekly outbreaks/2025/week26_1788950806.pdf,22,26,MATCH,Maharashtra,Chandrapur,Chandrapur,Scrub Typhus,Scrub_Typhus,9,1,Under Surveillance,24-06-2025,2025-06-24,24-06-2025,2025-06-24,2025-06-23,2025-06-29,TEXT,HIGH,,UNVALIDATED,Official IDSP unique ID: MH/CHA/2025/26/1157
MAHA-2025-W26-003,2025,26,NCDC weekly outbreaks/2025/week26_1788950806.pdf,22,26,MATCH,Maharashtra,Unknown,,Maharasht ra Dharashiv Malaria,Malaria,24,0,Under Surveillance,28-06-2025,2025-06-28,29-06-2025,2025-06-29,2025-06-23,2025-06-29,TEXT,MEDIUM,,UNVALIDATED,Official IDSP unique ID: MH/DHA/2025/26/1158
MAHA-2025-W26-004,2025,26,NCDC weekly outbreaks/2025/week26_1788950806.pdf,23,26,MATCH,Maharashtra,Dhule,Dhule,Malaria,Malaria,7,0,Under Control,24-06-2025,2025-06-24,24-06-2025,2025-06-24,2025-06-23,2025-06-29,TEXT,HIGH,,UNVALIDATED,Official IDSP unique ID: MH/DHU/2025/26/1159
MAHA-2025-W26-005,2025,26,NCDC weekly outbreaks/2025/week26_1788950806.pdf,23,26,MATCH,Maharashtra,Dhule,Dhule,Cholera,Cholera,12,0,Under Control,25-06-2025,2025-06-25,25-06-2025,2025-06-25,2025-06-23,2025-06-29,TEXT,HIGH,,UNVALIDATED,Official IDSP unique ID: MH/DHU/2025/26/1160
MAHA-2025-W26-006,2025,26,NCDC weekly outbreaks/2025/week26_1788950806.pdf,24,26,MATCH,Maharashtra,Gadchiroli,Gadchiroli,Malaria (P.falciparu m & P.vivax),Malaria,4,1,Under Surveillance,21-06-2025,2025-06-21,24-06-2025,2025-06-24,2025-06-23,2025-06-29,TEXT,HIGH,,UNVALIDATED,Official IDSP unique ID: MH/GAD/2025/26/1161
MAHA-2025-W26-007,2025,26,NCDC weekly outbreaks/2025/week26_1788950806.pdf,24,26,MATCH,Maharashtra,Pune,Pune,Acute Diarrheal Disease,Acute_Diarrheal_Disease,5,0,Under Surveillance,21-06-2025,2025-06-21,27-06-2025,2025-06-27,2025-06-23,2025-06-29,TEXT,HIGH,,UNVALIDATED,Official IDSP unique ID: MH/PUN/2025/26/1162
MAHA-2025-W27-001,2025,27,NCDC weekly outbreaks/2025/week27_1788950821.pdf,12,27,MATCH,Maharashtra,Unknown,,Dharashiv Suspected Food Poisoning,Food_Poisoning,19,0,Under Control,04-07-2025,2025-07-04,05-07-2025,2025-07-05,2025-06-30,2025-07-06,TEXT,MEDIUM,,UNVALIDATED,Official IDSP unique ID: MH/DHA/2025/27/1205
MAHA-2025-W27-002,2025,27,NCDC weekly outbreaks/2025/week27_1788950821.pdf,12,27,MATCH,Maharashtra,Gadchiroli,Gadchiroli,Complicate d Malaria (Plasmodiu m falciparum),Malaria,2,2,Under Surveillance,04-07-2025,2025-07-04,05-07-2025,2025-07-05,2025-06-30,2025-07-06,TEXT,HIGH,,UNVALIDATED,Official IDSP unique ID: MH/GAD/2025/27/1206
MAHA-2025-W27-003,2025,27,NCDC weekly outbreaks/2025/week27_1788950821.pdf,13,27,MATCH,Maharashtra,Gadchiroli,Gadchiroli,Mixed Malaria (Plasmodiu m falciparum & Plasmodiu m vivax),Malaria,9,1,Under Control,28-06-2025,2025-06-28,01-07-2025,2025-07-01,2025-06-30,2025-07-06,TEXT,HIGH,,UNVALIDATED,Official IDSP unique ID: MH/GAD/2025/27/1207
MAHA-2025-W27-004,2025,27,NCDC weekly outbreaks/2025/week27_1788950821.pdf,13,27,MATCH,Maharashtra,Nanded,Nanded,Acute Diarrheal Disease,Acute_Diarrheal_Disease,27,0,Under Surveillance,30-06-2025,2025-06-30,30-06-2025,2025-06-30,2025-06-30,2025-07-06,TEXT,HIGH,,UNVALIDATED,Official IDSP unique ID: MH/NAN/2025/27/1208
MAHA-2025-W28-001,2025,28,NCDC weekly outbreaks/2025/week28_1788950832.pdf,23,28,MATCH,Maharashtra,Buldhana,Buldhana,Acute Diarrheal Disease,Acute_Diarrheal_Disease,69,0,Under Control,09-07-2025,2025-07-09,09-07-2025,2025-07-09,2025-07-07,2025-07-13,TEXT,HIGH,,UNVALIDATED,Official IDSP unique ID: MH/BUL/2025/28/1266
MAHA-2025-W28-002,2025,28,NCDC weekly outbreaks/2025/week28_1788950832.pdf,24,28,MATCH,Maharashtra,Beed,Beed,Dharashiv Dengue & Malaria (P.vivax),Dengue,64,1,Under Surveillance,07-07-2025,2025-07-07,08-07-2025,2025-07-08,2025-07-07,2025-07-13,TEXT,HIGH,,UNVALIDATED,Official IDSP unique ID: MH/DHA/2025/28/1267
MAHA-2025-W28-003,2025,28,NCDC weekly outbreaks/2025/week28_1788950832.pdf,24,28,MATCH,Maharashtra,Gadchiroli,Gadchiroli,Acute Diarrheal Disease,Acute_Diarrheal_Disease,76,0,Under Surveillance,11-07-2025,2025-07-11,12-07-2025,2025-07-12,2025-07-07,2025-07-13,TEXT,HIGH,,UNVALIDATED,Official IDSP unique ID: MH/GAD/2025/28/1268
MAHA-2025-W28-004,2025,28,NCDC weekly outbreaks/2025/week28_1788950832.pdf,25,28,MATCH,Maharashtra,Chandrapur,Chandrapur,Malaria (P.falciparum),Malaria,4,1,Under Control,07-07-2025,2025-07-07,09-07-2025,2025-07-09,2025-07-07,2025-07-13,TEXT,HIGH,,UNVALIDATED,Official IDSP unique ID: MH/GAD/2025/28/1269
MAHA-2025-W28-005,2025,28,NCDC weekly outbreaks/2025/week28_1788950832.pdf,25,28,MATCH,Maharashtra,Gadchiroli,Gadchiroli,Malaria (P.vivax & P.falciparum),Malaria,6,1,Under Control,06-07-2025,2025-07-06,07-07-2025,2025-07-07,2025-07-07,2025-07-13,TEXT,HIGH,,UNVALIDATED,Official IDSP unique ID: MH/GAD/2025/28/1270
MAHA-2025-W28-006,2025,28,NCDC weekly outbreaks/2025/week28_1788950832.pdf,26,28,MATCH,Maharashtra,Chandrapur,Chandrapur,Malaria (P.vivax & P.falciparum),Malaria,6,1,Under Control,06-07-2025,2025-07-06,07-07-2025,2025-07-07,2025-07-07,2025-07-13,TEXT,HIGH,,UNVALIDATED,Official IDSP unique ID: MH/GAD/2025/28/1271
MAHA-2025-W28-007,2025,28,NCDC weekly outbreaks/2025/week28_1788950832.pdf,26,28,MATCH,Maharashtra,Nandurbar,Nandurbar,Acute Diarrheal Disease,Acute_Diarrheal_Disease,50,0,Under Control,11-07-2025,2025-07-11,13-07-2025,2025-07-13,2025-07-07,2025-07-13,TEXT,HIGH,,UNVALIDATED,Official IDSP unique ID: MH/NAN/2025/28/1272
MAHA-2025-W28-008,2025,28,NCDC weekly outbreaks/2025/week28_1788950832.pdf,27,28,MATCH,Maharashtra,Palghar,Palghar,Malaria (P.vivax),Malaria,11,0,Under Control,13-07-2025,2025-07-13,13-07-2025,2025-07-13,2025-07-07,2025-07-13,TEXT,HIGH,,UNVALIDATED,Official IDSP unique ID: MH/PAL/2025/28/1273
MAHA-2025-W29-001,2025,29,NCDC weekly outbreaks/2025/week29_1788950846.pdf,21,29,MATCH,Maharashtra,Kolhapur,Kolhapur,Hepatitis A,Hepatitis,8,0,Under Surveillance,16-07-2025,2025-07-16,16-07-2025,2025-07-16,2025-07-14,2025-07-20,TEXT,HIGH,,UNVALIDATED,Official IDSP unique ID: MH/KOL/2025/29/1325
MAHA-2025-W29-002,2025,29,NCDC weekly outbreaks/2025/week29_1788950846.pdf,21,29,MATCH,Maharashtra,Thane,Thane,Acute Diarrheal Disease,Acute_Diarrheal_Disease,35,0,Under Surveillance,13-07-2025,2025-07-13,14-07-2025,2025-07-14,2025-07-14,2025-07-20,TEXT,HIGH,,UNVALIDATED,Official IDSP unique ID: MH/THA/2025/29/1326
MAHA-2025-W29-003,2025,29,NCDC weekly outbreaks/2025/week29_1788950846.pdf,33,29,MATCH,Maharashtra,Mumbai,Mumbai City,Acute Diarrheal Disease,Acute_Diarrheal_Disease,12,0,Under Surveillance,08-07-2025,2025-07-08,02-07-2025,2025-07-02,2025-07-14,2025-07-20,TEXT,HIGH,,UNVALIDATED,Official IDSP unique ID: MH/RAI/2025/29/1346
MAHA-2025-W30-001,2025,30,NCDC weekly outbreaks/2025/week30_1788950862.pdf,21,30,MATCH,Maharashtra,Jalgaon,Jalgaon,Measles,Measles,67,0,Under Surveillance,16-07-2025,2025-07-16,27-07-2025,2025-07-27,2025-07-21,2025-07-27,TEXT,HIGH,,UNVALIDATED,Official IDSP unique ID: MH/JAL/2025/30/1377
MAHA-2025-W31-001,2025,31,NCDC weekly outbreaks/2025/week31_1788950885.pdf,19,31,MATCH,Maharashtra,Amravati,Amravati,Dengue & Chikungunya,Dengue_Chikungunya,20,0,Under Surveillance,28-07-2025,2025-07-28,28-07-2025,2025-07-28,2025-07-28,2025-08-03,TEXT,HIGH,,UNVALIDATED,Official IDSP unique ID: MH/AMR/2025/31/1424
MAHA-2025-W31-002,2025,31,NCDC weekly outbreaks/2025/week31_1788950885.pdf,20,31,MATCH,Maharashtra,Raigad,Raigad,Fever,Fever,20,0,Under Surveillance,28-07-2025,2025-07-28,31-07-2025,2025-07-31,2025-07-28,2025-08-03,TEXT,HIGH,,UNVALIDATED,Official IDSP unique ID: MH/RAI/2025/31/1425
MAHA-2025-W32-001,2025,32,NCDC weekly outbreaks/2025/week32_1788950897.pdf,23,32,MATCH,Maharashtra,Bhandara,Bhandara,Fever of unknown origin,Fever,58,0,Under Surveillance,07-08-2025,2025-08-07,07-08-2025,2025-08-07,2025-08-04,2025-08-10,TEXT,HIGH,,UNVALIDATED,Official IDSP unique ID: MH/BHA/2025/32/1475
MAHA-2025-W32-002,2025,32,NCDC weekly outbreaks/2025/week32_1788950897.pdf,24,32,MATCH,Maharashtra,Chandrapur,Chandrapur,Acute Diarrhoeal Disease,Acute_Diarrheal_Disease,103,0,Under Surveillance,04-08-2025,2025-08-04,05-08-2025,2025-08-05,2025-08-04,2025-08-10,TEXT,HIGH,,UNVALIDATED,Official IDSP unique ID: MH/CHA/2025/32/1476
MAHA-2025-W32-003,2025,32,NCDC weekly outbreaks/2025/week32_1788950897.pdf,25,32,MATCH,Maharashtra,Mumbai,Mumbai City,Maharasht ra Dharashiv Malaria,Malaria,21,0,Under Surveillance,07-08-2025,2025-08-07,07-08-2025,2025-08-07,2025-08-04,2025-08-10,TEXT,HIGH,,UNVALIDATED,Official IDSP unique ID: MH/DHA/2025/32/1477
MAHA-2025-W32-004,2025,32,NCDC weekly outbreaks/2025/week32_1788950897.pdf,25,32,MATCH,Maharashtra,Unknown,,Maharasht ra Dharashiv Food Poisoning,Food_Poisoning,27,0,Under Control,04-08-2025,2025-08-04,04-08-2025,2025-08-04,2025-08-04,2025-08-10,TEXT,MEDIUM,,UNVALIDATED,Official IDSP unique ID: MH/DHA/2025/32/1478
MAHA-2025-W32-005,2025,32,NCDC weekly outbreaks/2025/week32_1788950897.pdf,26,32,MATCH,Maharashtra,Kolhapur,Kolhapur,Hepatitis A,Hepatitis,83,0,Under Surveillance,06-08-2025,2025-08-06,06-08-2025,2025-08-06,2025-08-04,2025-08-10,TEXT,HIGH,,UNVALIDATED,Official IDSP unique ID: MH/KOL/2025/32/1479
MAHA-2025-W32-006,2025,32,NCDC weekly outbreaks/2025/week32_1788950897.pdf,35,32,MATCH,Maharashtra,Jalgaon,Jalgaon,Measles,Measles,20,0,Under Surveillance,14-07-2025,2025-07-14,,,2025-08-04,2025-08-10,TEXT,HIGH,,UNVALIDATED,Official IDSP unique ID: MH/JAL/2025/32/1495
MAHA-2025-W33-001,2025,33,NCDC weekly outbreaks/2025/week33_1788950912.pdf,22,33,MATCH,Maharashtra,Bhandara,Bhandara,Acute Diarrhoeal Disease,Acute_Diarrheal_Disease,64,0,Under Surveillance,11-08-2025,2025-08-11,12-08-2025,2025-08-12,2025-08-11,2025-08-17,TEXT,HIGH,,UNVALIDATED,Official IDSP unique ID: MH/BHA/2025/33/1520
MAHA-2025-W33-002,2025,33,NCDC weekly outbreaks/2025/week33_1788950912.pdf,23,33,MATCH,Maharashtra,Chandrapur,Chandrapur,Dengue,Dengue,16,2,Under Surveillance,14-07-2025,2025-07-14,14-08-2025,2025-08-14,2025-08-11,2025-08-17,TEXT,HIGH,,UNVALIDATED,Official IDSP unique ID: MH/GAD/2025/33/1521
MAHA-2025-W33-003,2025,33,NCDC weekly outbreaks/2025/week33_1788950912.pdf,24,33,MATCH,Maharashtra,Gadchiroli,Gadchiroli,Dengue,Dengue,68,2,Under Surveillance,08-08-2025,2025-08-08,11-08-2025,2025-08-11,2025-08-11,2025-08-17,TEXT,HIGH,,UNVALIDATED,Official IDSP unique ID: MH/GAD/2025/33/1522
MAHA-2025-W33-004,2025,33,NCDC weekly outbreaks/2025/week33_1788950912.pdf,24,33,MATCH,Maharashtra,Gadchiroli,Gadchiroli,Suspected Food Poisoning,Food_Poisoning,41,0,Under Control,14-08-2025,2025-08-14,14-08-2025,2025-08-14,2025-08-11,2025-08-17,TEXT,HIGH,,UNVALIDATED,Official IDSP unique ID: MH/GAD/2025/33/1523
MAHA-2025-W33-005,2025,33,NCDC weekly outbreaks/2025/week33_1788950912.pdf,25,33,MATCH,Maharashtra,Nagpur,Nagpur,Acute Diarrhoeal Disease,Acute_Diarrheal_Disease,40,0,Under Control,12-08-2025,2025-08-12,13-08-2025,2025-08-13,2025-08-11,2025-08-17,TEXT,HIGH,,UNVALIDATED,Official IDSP unique ID: MH/NAG/2025/33/1524
MAHA-2025-W33-006,2025,33,NCDC weekly outbreaks/2025/week33_1788950912.pdf,25,33,MATCH,Maharashtra,Nanded,Nanded,Chikungunya,Chikungunya,10,0,Under Surveillance,04-08-2025,2025-08-04,11-08-2025,2025-08-11,2025-08-11,2025-08-17,TEXT,HIGH,,UNVALIDATED,Official IDSP unique ID: MH/NAN/2025/33/1525
MAHA-2025-W34-001,2025,34,NCDC weekly outbreaks/2025/week34_1788950927.pdf,22,34,MATCH,Maharashtra,Akola,Akola,Chikungunya,Chikungunya,10,0,Under Surveillance,18-08-2025,2025-08-18,18-08-2025,2025-08-18,2025-08-18,2025-08-24,TEXT,HIGH,,UNVALIDATED,Official IDSP unique ID: MH/AKO/2025/34/1575
MAHA-2025-W34-002,2025,34,NCDC weekly outbreaks/2025/week34_1788950927.pdf,23,34,MATCH,Maharashtra,Unknown,,Maharasht ra Dharashiv Malaria,Malaria,21,0,Under Surveillance,22-08-2025,2025-08-22,22-08-2025,2025-08-22,2025-08-18,2025-08-24,TEXT,MEDIUM,,UNVALIDATED,Official IDSP unique ID: MH/DHA/2025/34/1576
MAHA-2025-W34-003,2025,34,NCDC weekly outbreaks/2025/week34_1788950927.pdf,23,34,MATCH,Maharashtra,Kolhapur,Kolhapur,Hepatitis A,Hepatitis,33,0,Under Surveillance,21-08-2025,2025-08-21,21-08-2025,2025-08-21,2025-08-18,2025-08-24,TEXT,HIGH,,UNVALIDATED,Official IDSP unique ID: MH/KOL/2025/34/1577
MAHA-2025-W35-001,2025,35,NCDC weekly outbreaks/2025/week35_1788950942.pdf,13,35,MATCH,Maharashtra,Chandrapur,Chandrapur,Fever,Fever,49,0,Under Surveillance,24-08-2025,2025-08-24,25-08-2025,2025-08-25,2025-08-25,2025-08-31,TEXT,HIGH,,UNVALIDATED,Official IDSP unique ID: MH/CHA/2025/35/1621
MAHA-2025-W35-002,2025,35,NCDC weekly outbreaks/2025/week35_1788950942.pdf,13,35,MATCH,Maharashtra,Solapur,Solapur,a Dharashiv Dengue,Dengue,54,0,Under Surveillance,29-08-2025,2025-08-29,29-08-2025,2025-08-29,2025-08-25,2025-08-31,TEXT,HIGH,,UNVALIDATED,Official IDSP unique ID: MH/DHA/2025/35/1622
MAHA-2025-W35-003,2025,35,NCDC weekly outbreaks/2025/week35_1788950942.pdf,14,35,MATCH,Maharashtra,Jalgaon,Jalgaon,Dengue,Dengue,48,0,Under Surveillance,21-08-2025,2025-08-21,25-08-2025,2025-08-25,2025-08-25,2025-08-31,TEXT,HIGH,,UNVALIDATED,Official IDSP unique ID: MH/JAL/2025/35/1623
MAHA-2025-W35-004,2025,35,NCDC weekly outbreaks/2025/week35_1788950942.pdf,19,35,MATCH,Maharashtra,Jalgaon,Jalgaon,Dengue,Dengue,47,0,Under Surveillance,25-07-2025,2025-07-25,27-07-2025,2025-07-27,2025-08-25,2025-08-31,TEXT,HIGH,,UNVALIDATED,Official IDSP unique ID: MH/JAL/2025/35/1635
MAHA-2025-W37-001,2025,37,NCDC weekly outbreaks/2025/week37_1788950985.pdf,22,37,MATCH,Maharashtra,Dhule,Dhule,Fever,Fever,11,1,Under Surveillance,11-09-2025,2025-09-11,12-09-2025,2025-09-12,2025-09-08,2025-09-14,TEXT,HIGH,,UNVALIDATED,Official IDSP unique ID: MH/DHU/2025/37/1714
MAHA-2025-W37-002,2025,37,NCDC weekly outbreaks/2025/week37_1788950985.pdf,23,37,MATCH,Maharashtra,Parbhani,Parbhani,Suspected Food Poisoning,Food_Poisoning,17,0,Under Control,12-09-2025,2025-09-12,12-09-2025,2025-09-12,2025-09-08,2025-09-14,TEXT,HIGH,,UNVALIDATED,Official IDSP unique ID: MH/PAR/2025/37/1715
MAHA-2025-W37-003,2025,37,NCDC weekly outbreaks/2025/week37_1788950985.pdf,23,37,MATCH,Maharashtra,Yavatmal,Yavatmal,Suspected Food Poisoning,Food_Poisoning,17,0,Under Surveillance,09-09-2025,2025-09-09,12-09-2025,2025-09-12,2025-09-08,2025-09-14,TEXT,HIGH,,UNVALIDATED,Official IDSP unique ID: MH/YAV/2025/37/1716
MAHA-2025-W37-004,2025,37,NCDC weekly outbreaks/2025/week37_1788950985.pdf,33,37,MATCH,Maharashtra,Kolhapur,Kolhapur,Dengue,Dengue,20,0,Under Surveillance,28-08-2025,2025-08-28,10-08-2025,2025-08-10,2025-09-08,2025-09-14,TEXT,HIGH,,UNVALIDATED,Official IDSP unique ID: MH/KOL/2025/37/1732
MAHA-2025-W38-001,2025,38,NCDC weekly outbreaks/2025/week38_1788950998.pdf,37,38,MATCH,Maharashtra,Gadchiroli,Gadchiroli,Acute Gastroenter itis,Acute Gastroenter itis,40,0,Under Control,15-09-2025,2025-09-15,16-09-2025,2025-09-16,2025-09-15,2025-09-21,TEXT,HIGH,,UNVALIDATED,Official IDSP unique ID: MH/GAD/2025/38/1770
MAHA-2025-W38-002,2025,38,NCDC weekly outbreaks/2025/week38_1788950998.pdf,38,38,MATCH,Maharashtra,Nagpur,Nagpur,Acute Encephalitis Syndrome,AES,36,25,Under Surveillance,18-09-2025,2025-09-18,18-09-2025,2025-09-18,2025-09-15,2025-09-21,TEXT,HIGH,,UNVALIDATED,Official IDSP unique ID: MH/NAG/2025/38/1771
MAHA-2025-W38-003,2025,38,NCDC weekly outbreaks/2025/week38_1788950998.pdf,39,38,MATCH,Maharashtra,Raigad,Raigad,Malaria,Malaria,98,0,Under Surveillance,16-09-2025,2025-09-16,19-09-2025,2025-09-19,2025-09-15,2025-09-21,TEXT,HIGH,,UNVALIDATED,Official IDSP unique ID: MH/RAI/2025/38/1772
MAHA-2025-W38-004,2025,38,NCDC weekly outbreaks/2025/week38_1788950998.pdf,40,38,MATCH,Maharashtra,Raigad,Raigad,Fever,Fever,13,1,Under Surveillance,17-09-2025,2025-09-17,19-09-2025,2025-09-19,2025-09-15,2025-09-21,TEXT,HIGH,,UNVALIDATED,Official IDSP unique ID: MH/RAI/2025/38/1773
MAHA-2025-W38-005,2025,38,NCDC weekly outbreaks/2025/week38_1788950998.pdf,41,38,MATCH,Maharashtra,Thane,Thane,Cholera,Cholera,21,0,Under Surveillance,18-09-2025,2025-09-18,18-09-2025,2025-09-18,2025-09-15,2025-09-21,TEXT,HIGH,,UNVALIDATED,Official IDSP unique ID: MH/THA/2025/38/1774
MAHA-2025-W39-001,2025,39,NCDC weekly outbreaks/2025/week39_1788951010.pdf,27,39,MATCH,Maharashtra,Osmanabad,Osmanabad,a Dharashiv Dengue,Dengue,14,0,Under Control,26-09-2025,2025-09-26,26-09-2025,2025-09-26,2025-09-22,2025-09-28,TEXT,HIGH,,UNVALIDATED,Official IDSP unique ID: MH/DHA/2025/39/1810
MAHA-2025-W39-002,2025,39,NCDC weekly outbreaks/2025/week39_1788951010.pdf,28,39,MATCH,Maharashtra,Unknown,,a Dharashiv Suspected Food Poisoning,Food_Poisoning,24,0,Under Control,23-09-2025,2025-09-23,24-09-2025,2025-09-24,2025-09-22,2025-09-28,TEXT,MEDIUM,,UNVALIDATED,Official IDSP unique ID: MH/DHA/2025/39/1811
MAHA-2025-W39-003,2025,39,NCDC weekly outbreaks/2025/week39_1788951010.pdf,29,39,MATCH,Maharashtra,Nandurbar,Nandurbar,Acute Diarrhoeal Disease,Acute_Diarrheal_Disease,19,0,Under Surveillance,04-09-2025,2025-09-04,24-09-2025,2025-09-24,2025-09-22,2025-09-28,TEXT,HIGH,,UNVALIDATED,Official IDSP unique ID: MH/NAN/2025/39/1812
MAHA-2025-W39-004,2025,39,NCDC weekly outbreaks/2025/week39_1788951010.pdf,30,39,MATCH,Maharashtra,Satara,Satara,Suspected Food Poisoning,Food_Poisoning,35,0,Under Control,26-09-2025,2025-09-26,26-09-2025,2025-09-26,2025-09-22,2025-09-28,TEXT,HIGH,,UNVALIDATED,Official IDSP unique ID: MH/SAT/2025/39/1813
MAHA-2025-W40-001,2025,40,NCDC weekly outbreaks/2025/week40_1788951022.pdf,13,40,MATCH,Maharashtra,Akola,Akola,Acute Diarrhoeal Disease,Acute_Diarrheal_Disease,15,0,Under Control,01-10-2025,2025-10-01,01-10-2025,2025-10-01,2025-09-29,2025-10-05,TEXT,HIGH,,UNVALIDATED,Official IDSP unique ID: MH/AKO/2025/40/1840
MAHA-2025-W40-002,2025,40,NCDC weekly outbreaks/2025/week40_1788951022.pdf,14,40,MATCH,Maharashtra,Buldhana,Buldhana,Acute Diarrhoeal Disease,Acute_Diarrheal_Disease,19,0,Under Control,01-10-2025,2025-10-01,01-10-2025,2025-10-01,2025-09-29,2025-10-05,TEXT,HIGH,,UNVALIDATED,Official IDSP unique ID: MH/BUL/2025/40/1841
MAHA-2025-W40-003,2025,40,NCDC weekly outbreaks/2025/week40_1788951022.pdf,14,40,MATCH,Maharashtra,Unknown,,a Dharashiv Malaria,Malaria,12,0,Under Surveillance,01-10-2025,2025-10-01,01-10-2025,2025-10-01,2025-09-29,2025-10-05,TEXT,MEDIUM,,UNVALIDATED,Official IDSP unique ID: MH/DHA/2025/40/1842
MAHA-2025-W40-004,2025,40,NCDC weekly outbreaks/2025/week40_1788951022.pdf,19,40,MATCH,Maharashtra,Aurangabad,Aurangabad,Chhatrapati Sambhajinag ar Dengue,Dengue,17,0,Under Surveillance,30-08-2025,2025-08-30,25-09-2025,2025-09-25,2025-09-29,2025-10-05,TEXT,HIGH,,UNVALIDATED,Official IDSP unique ID: MH/CHH/2025/40/1847
MAHA-2025-W41-001,2025,41,NCDC weekly outbreaks/2025/week41_1788951032.pdf,14,41,MATCH,Maharashtra,Jalgaon,Jalgaon,Measles,Measles,23,0,Under Surveillance,01-10-2025,2025-10-01,10-10-2025,2025-10-10,2025-10-06,2025-10-12,TEXT,HIGH,,UNVALIDATED,Official IDSP unique ID: MH/JAL/2025/41/1865
MAHA-2025-W41-002,2025,41,NCDC weekly outbreaks/2025/week41_1788951032.pdf,15,41,MATCH,Maharashtra,Kolhapur,Kolhapur,Malaria,Malaria,30,0,Under Surveillance,07-10-2025,2025-10-07,07-10-2025,2025-10-07,2025-10-06,2025-10-12,TEXT,HIGH,,UNVALIDATED,Official IDSP unique ID: MH/KOL/2025/41/1866
MAHA-2025-W42-001,2025,42,NCDC weekly outbreaks/2025/week42_1788951043.pdf,29,42,MATCH,Maharashtra,Buldhana,Buldhana,Acute Diarrhoeal Disease,Acute_Diarrheal_Disease,25,0,Under Surveillance,13-10-2025,2025-10-13,13-10-2025,2025-10-13,2025-10-13,2025-10-19,TEXT,HIGH,,UNVALIDATED,Official IDSP unique ID: MH/BUL/2025/42/1903
MAHA-2025-W42-002,2025,42,NCDC weekly outbreaks/2025/week42_1788951043.pdf,29,42,MATCH,Maharashtra,Gadchiroli,Gadchiroli,Acute Diarrhoeal Disease,Acute_Diarrheal_Disease,31,0,Under Control,17-10-2025,2025-10-17,17-10-2025,2025-10-17,2025-10-13,2025-10-19,TEXT,HIGH,,UNVALIDATED,Official IDSP unique ID: MH/GAD/2025/42/1904
MAHA-2025-W42-003,2025,42,NCDC weekly outbreaks/2025/week42_1788951043.pdf,30,42,MATCH,Maharashtra,Nanded,Nanded,Acute Diarrhoeal Disease,Acute_Diarrheal_Disease,97,0,Under Surveillance,17-10-2025,2025-10-17,18-10-2025,2025-10-18,2025-10-13,2025-10-19,TEXT,HIGH,,UNVALIDATED,Official IDSP unique ID: MH/NAN/2025/42/1905
MAHA-2025-W42-004,2025,42,NCDC weekly outbreaks/2025/week42_1788951043.pdf,31,1906,MATCH,Maharashtra,Parbhani,Parbhani,Acute Diarrhoeal Disease,Acute_Diarrheal_Disease,242,0,Under Surveillance,16-10-2025,2025-10-16,16-10-2025,2025-10-16,2025-10-13,2025-10-19,TEXT,HIGH,,UNVALIDATED,Official IDSP unique ID: MH/PAR/2025/1906
MAHA-2025-W42-005,2025,42,NCDC weekly outbreaks/2025/week42_1788951043.pdf,32,42,MATCH,Maharashtra,Pune,Pune,Fever,Fever,21,0,Under Surveillance,14-10-2025,2025-10-14,14-10-2025,2025-10-14,2025-10-13,2025-10-19,TEXT,HIGH,,UNVALIDATED,Official IDSP unique ID: MH/WAS/2025/42/1907
MAHA-2025-W43-001,2025,43,NCDC weekly outbreaks/2025/week43_1788951058.pdf,18,43,MATCH,Maharashtra,Bhandara,Bhandara,Scrub Typhus,Scrub_Typhus,12,0,Under Surveillance,20-10-2025,2025-10-20,20-10-2025,2025-10-20,2025-10-20,2025-10-26,TEXT,HIGH,,UNVALIDATED,Official IDSP unique ID: MH/BHA/2025/43/1943
MAHA-2025-W44-001,2025,44,NCDC weekly outbreaks/2025/week44_1788951072.pdf,20,44,MATCH,Maharashtra,Amravati,Amravati,Scrub Typhus,Scrub_Typhus,9,1,Under Surveillance,26-10-2025,2025-10-26,30-10-2025,2025-10-30,2025-10-27,2025-11-02,TEXT,HIGH,,UNVALIDATED,Official IDSP unique ID: MH/AMR/2025/44/1977
MAHA-2025-W44-002,2025,44,NCDC weekly outbreaks/2025/week44_1788951072.pdf,21,44,MATCH,Maharashtra,Bhandara,Bhandara,Acute Diarrhoeal Disease,Acute_Diarrheal_Disease,33,0,Under Surveillance,31-10-2025,2025-10-31,31-10-2025,2025-10-31,2025-10-27,2025-11-02,TEXT,HIGH,,UNVALIDATED,Official IDSP unique ID: MH/BHA/2025/44/1978
MAHA-2025-W44-003,2025,44,NCDC weekly outbreaks/2025/week44_1788951072.pdf,22,44,MATCH,Maharashtra,Unknown,,a Dharashiv Malaria,Malaria,13,0,Under Surveillance,30-10-2025,2025-10-30,31-10-2025,2025-10-31,2025-10-27,2025-11-02,TEXT,MEDIUM,,UNVALIDATED,Official IDSP unique ID: MH/DHA/2025/44/1979
MAHA-2025-W44-004,2025,44,NCDC weekly outbreaks/2025/week44_1788951072.pdf,23,44,MATCH,Maharashtra,Nashik,Nashik,Acute Diarrhoeal Disease,Acute_Diarrheal_Disease,55,0,Under Surveillance,31-10-2025,2025-10-31,31-10-2025,2025-10-31,2025-10-27,2025-11-02,TEXT,HIGH,,UNVALIDATED,Official IDSP unique ID: MH/PAL/2025/44/1980
MAHA-2025-W44-005,2025,44,NCDC weekly outbreaks/2025/week44_1788951072.pdf,24,44,MATCH,Maharashtra,Sindhudurg,Sindhudurg,a Sindhudur g Acute Diarrhoeal Disease,Acute_Diarrheal_Disease,20,0,Under Surveillance,29-10-2025,2025-10-29,29-10-2025,2025-10-29,2025-10-27,2025-11-02,TEXT,HIGH,,UNVALIDATED,Official IDSP unique ID: MH/SIN/2025/44/1981
MAHA-2025-W44-006,2025,44,NCDC weekly outbreaks/2025/week44_1788951072.pdf,25,44,MATCH,Maharashtra,Solapur,Solapur,Dysentry,Dysentry,107,0,Under Control,27-10-2025,2025-10-27,29-10-2025,2025-10-29,2025-10-27,2025-11-02,TEXT,HIGH,,UNVALIDATED,Official IDSP unique ID: MH/SOL/2025/44/1982
MAHA-2025-W45-001,2025,45,NCDC weekly outbreaks/2025/week45_1788951083.pdf,19,45,MATCH,Maharashtra,Akola,Akola,Chikungunya,Chikungunya,11,0,Under Control,03-11-2025,2025-11-03,04-11-2025,2025-11-04,2025-11-03,2025-11-09,TEXT,HIGH,,UNVALIDATED,Official IDSP unique ID: MH/AKO/2025/45/2020
MAHA-2025-W45-002,2025,45,NCDC weekly outbreaks/2025/week45_1788951083.pdf,20,45,MATCH,Maharashtra,Jalgaon,Jalgaon,Dengue,Dengue,10,0,Under Surveillance,31-10-2025,2025-10-31,03-11-2025,2025-11-03,2025-11-03,2025-11-09,TEXT,HIGH,,UNVALIDATED,Official IDSP unique ID: MH/JAL/2025/45/2021
MAHA-2025-W45-003,2025,45,NCDC weekly outbreaks/2025/week45_1788951083.pdf,20,45,MATCH,Maharashtra,Pune,Pune,Acute Diarrhoeal Disease,Acute_Diarrheal_Disease,24,0,Under Control,01-11-2025,2025-11-01,04-11-2025,2025-11-04,2025-11-03,2025-11-09,TEXT,HIGH,,UNVALIDATED,Official IDSP unique ID: MH/PUN/2025/45/2022
MAHA-2025-W45-004,2025,45,NCDC weekly outbreaks/2025/week45_1788951083.pdf,21,45,MATCH,Maharashtra,Raigad,Raigad,Dengue,Dengue,12,0,Under Surveillance,07-11-2025,2025-11-07,08-11-2025,2025-11-08,2025-11-03,2025-11-09,TEXT,HIGH,,UNVALIDATED,Official IDSP unique ID: MH/RAI/2025/45/2023
MAHA-2025-W46-001,2025,46,NCDC weekly outbreaks/2025/week46_1788951104.pdf,26,46,MATCH,Maharashtra,Kolhapur,Kolhapur,Acute Diarrhoeal Disease,Acute_Diarrheal_Disease,29,0,Under Control,10-11-2025,2025-11-10,10-11-2025,2025-11-10,2025-11-10,2025-11-16,TEXT,HIGH,,UNVALIDATED,Official IDSP unique ID: MH/KOL/2025/46/2064
MAHA-2025-W47-001,2025,47,NCDC weekly outbreaks/2025/week47_1788951120.pdf,22,47,MATCH,Maharashtra,Amravati,Amravati,Acute Gastroenterit is,Acute Gastroenterit is,12,0,Under Surveillance,16-11-2025,2025-11-16,18-11-2025,2025-11-18,2025-11-17,2025-11-23,TEXT,HIGH,,UNVALIDATED,Official IDSP unique ID: MH/AMR/2025/47/2104
MAHA-2025-W47-002,2025,47,NCDC weekly outbreaks/2025/week47_1788951120.pdf,23,47,MATCH,Maharashtra,Mumbai,Mumbai City,Measles,Measles,14,0,Under Surveillance,20-11-2025,2025-11-20,21-11-2025,2025-11-21,2025-11-17,2025-11-23,TEXT,HIGH,,UNVALIDATED,Official IDSP unique ID: MH/THA/2025/47/2105
MAHA-2025-W48-001,2025,48,NCDC weekly outbreaks/2025/week48_1788951132.pdf,16,48,MATCH,Maharashtra,Gadchiroli,Gadchiroli,Hepatitis A,Hepatitis,40,0,Under Surveillance,27-11-2025,2025-11-27,27-11-2025,2025-11-27,2025-11-24,2025-11-30,TEXT,HIGH,,UNVALIDATED,Official IDSP unique ID: MH/GAD/2025/48/2148
MAHA-2025-W48-002,2025,48,NCDC weekly outbreaks/2025/week48_1788951132.pdf,16,48,MATCH,Maharashtra,Nanded,Nanded,Cholera,Cholera,10,0,Under Surveillance,28-11-2025,2025-11-28,30-11-2025,2025-11-30,2025-11-24,2025-11-30,TEXT,HIGH,,UNVALIDATED,Official IDSP unique ID: MH/NAN/2025/48/2149
MAHA-2025-W48-003,2025,48,NCDC weekly outbreaks/2025/week48_1788951132.pdf,17,48,MATCH,Maharashtra,Raigad,Raigad,Fever,Fever,17,1,Under Surveillance,25-11-2025,2025-11-25,26-11-2025,2025-11-26,2025-11-24,2025-11-30,TEXT,HIGH,,UNVALIDATED,Official IDSP unique ID: MH/RAI/2025/48/2150
MAHA-2025-W48-004,2025,48,NCDC weekly outbreaks/2025/week48_1788951132.pdf,21,48,MATCH,Maharashtra,Thane,Thane,Dengue,Dengue,10,0,Under Control,01-11-2025,2025-11-01,28-10-2025,2025-10-28,2025-11-24,2025-11-30,TEXT,HIGH,,UNVALIDATED,Official IDSP unique ID: MH/THA/2025/48/2158
MAHA-2025-W49-001,2025,49,NCDC weekly outbreaks/2025/week49_1788951145.pdf,12,49,MATCH,Maharashtra,Chandrapur,Chandrapur,Acute Diarrhoeal Disease 113 0 05/12/,Acute_Diarrheal_Disease,2,25,Under Surveillance,06/12/2025,2025-12-06,,,2025-12-01,2025-12-07,TEXT,HIGH,,UNVALIDATED,Official IDSP unique ID: MH/CHA/2025/49/2181
MAHA-2025-W49-002,2025,49,NCDC weekly outbreaks/2025/week49_1788951145.pdf,13,49,MATCH,Maharashtra,Unknown,,a Dharashiv Measles 17 0 02/12/,Measles,2,25,Under Surveillance,02/12/2025,2025-12-02,,,2025-12-01,2025-12-07,TEXT,MEDIUM,,UNVALIDATED,Official IDSP unique ID: MH/DHA/2025/49/2182
MAHA-2025-W49-003,2025,49,NCDC weekly outbreaks/2025/week49_1788951145.pdf,13,49,MATCH,Maharashtra,Kolhapur,Kolhapur,Acute Diarrhoeal Disease 98 0 04/12/,Acute_Diarrheal_Disease,2,25,Under Surveillance,04/12/2025,2025-12-04,,,2025-12-01,2025-12-07,TEXT,HIGH,,UNVALIDATED,Official IDSP unique ID: MH/KOL/2025/49/2183
MAHA-2025-W49-004,2025,49,NCDC weekly outbreaks/2025/week49_1788951145.pdf,14,49,MATCH,Maharashtra,Kolhapur,Kolhapur,Acute Diarrhoeal Disease 19 0 02/12/,Acute_Diarrheal_Disease,2,25,Under Surveillance,02/12/2025,2025-12-02,,,2025-12-01,2025-12-07,TEXT,HIGH,,UNVALIDATED,Official IDSP unique ID: MH/KOL/2025/49/2184
MAHA-2025-W49-005,2025,49,NCDC weekly outbreaks/2025/week49_1788951145.pdf,15,49,MATCH,Maharashtra,Kolhapur,Kolhapur,Suspected Food Poisoning 408 0 05/12/,Food_Poisoning,2,25,Under Control,05/12/2025,2025-12-05,,,2025-12-01,2025-12-07,TEXT,HIGH,,UNVALIDATED,Official IDSP unique ID: MH/KOL/2025/49/2185
MAHA-2025-W49-006,2025,49,NCDC weekly outbreaks/2025/week49_1788951145.pdf,15,49,MATCH,Maharashtra,Parbhani,Parbhani,Fever 36 0 29/11/,Fever,2,25,Under Surveillance,02/12/2025,2025-12-02,01/12/2025,2025-12-01,2025-12-01,2025-12-07,TEXT,HIGH,,UNVALIDATED,Official IDSP unique ID: MH/PAR/2025/49/2186
MAHA-2025-W50-001,2025,50,NCDC weekly outbreaks/2025/week50_1788951159.pdf,14,50,MATCH,Maharashtra,Dhule,Dhule,Fever,Fever,14,1,Under Surveillance,07-12-2025,2025-12-07,08-12-2025,2025-12-08,2025-12-08,2025-12-14,TEXT,HIGH,,UNVALIDATED,Official IDSP unique ID: MH/DHU/2025/50/2225
MAHA-2025-W50-002,2025,50,NCDC weekly outbreaks/2025/week50_1788951159.pdf,14,50,MATCH,Maharashtra,Nagpur,Nagpur,Japanese Encephalitis,Japanese Encephalitis,1,0,Under Surveillance,12-12-2025,2025-12-12,12-12-2025,2025-12-12,2025-12-08,2025-12-14,TEXT,HIGH,,UNVALIDATED,Official IDSP unique ID: MH/NAG/2025/50/2226
MAHA-2025-W52-001,2025,52,NCDC weekly outbreaks/2025/week52_1788951185.pdf,9,52,MATCH,Maharashtra,Nagpur,Nagpur,Acute Encephalitic Syndrome,Acute Encephalitic Syndrome,10,0,Under Surveillance,24-12-2025,2025-12-24,24-12-2025,2025-12-24,2025-12-22,2025-12-28,TEXT,HIGH,,UNVALIDATED,Official IDSP unique ID: MH/NAG/2025/52/2278
MAHA-2026-W01-001,2026,1,NCDC weekly outbreaks/2026/week1_1788853592.pdf,13,01,MATCH,Maharashtra,Jalgaon,Jalgaon,Suspected Food Poisoning,Food_Poisoning,173,0,Under Surveillance,31-12-2025,2025-12-31,31-12-2025,2025-12-31,2025-12-29,2026-01-04,TEXT,HIGH,,UNVALIDATED,Official IDSP unique ID: MH/JAL/2026/01/19
MAHA-2026-W01-002,2026,1,NCDC weekly outbreaks/2026/week1_1788853592.pdf,13,01,MATCH,Maharashtra,Mumbai,Mumbai City,Measles,Measles,6,0,Under Surveillance,31-12-2025,2025-12-31,02-01-2026,2026-01-02,2025-12-29,2026-01-04,TEXT,HIGH,,UNVALIDATED,Official IDSP unique ID: MH/PAR/2026/01/20
MAHA-2026-W02-001,2026,2,NCDC weekly outbreaks/2026/week2_1788856445.pdf,11,2,MATCH,Maharashtra,Nagpur,Nagpur,Acute Diarrhoeal Disease,Acute_Diarrheal_Disease,15,0,Under Surveillance,07-01-2026,2026-01-07,09-01-2026,2026-01-09,2026-01-05,2026-01-11,TEXT,HIGH,,UNVALIDATED,Official IDSP unique ID: MH/NAG/2026/2/46
MAHA-2026-W02-002,2026,2,NCDC weekly outbreaks/2026/week2_1788856445.pdf,11,2,MATCH,Maharashtra,Satara,Satara,Acute Diarrhoeal Disease,Acute_Diarrheal_Disease,82,0,Under Surveillance,07-01-2026,2026-01-07,07-01-2026,2026-01-07,2026-01-05,2026-01-11,TEXT,HIGH,,UNVALIDATED,Official IDSP unique ID: MH/SAT/2026/2/47
MAHA-2026-W03-001,2026,3,NCDC weekly outbreaks/2026/week3_1788857181.pdf,11,3,MATCH,Maharashtra,Chandrapur,Chandrapur,Acute Diarrhoeal Disease,Acute_Diarrheal_Disease,19,0,Under Surveillance,12-01-2026,2026-01-12,12-01-2026,2026-01-12,2026-01-12,2026-01-18,TEXT,HIGH,,UNVALIDATED,Official IDSP unique ID: MH/CHA/2026/3/70
MAHA-2026-W03-002,2026,3,NCDC weekly outbreaks/2026/week3_1788857181.pdf,11,3,MATCH,Maharashtra,Nanded,Nanded,Acute Diarrhoeal Disease,Acute_Diarrheal_Disease,17,0,Under Surveillance,14-01-2026,2026-01-14,15-01-2026,2026-01-15,2026-01-12,2026-01-18,TEXT,HIGH,,UNVALIDATED,Official IDSP unique ID: MH/NAN/2026/3/71
MAHA-2026-W04-001,2026,4,NCDC weekly outbreaks/2026/week4_1788856484.pdf,14,4,MATCH,Maharashtra,Thane,Thane,Suspected Food Poisoning,Food_Poisoning,80,0,Under Surveillance,19-01-2026,2026-01-19,23-01-2026,2026-01-23,2026-01-19,2026-01-25,TEXT,HIGH,,UNVALIDATED,Official IDSP unique ID: MH/THA/2026/4/105
MAHA-2026-W05-001,2026,5,NCDC weekly outbreaks/2026/week5_1788856507.pdf,14,5,MATCH,Maharashtra,Unknown,,a Dharashiv Measles,Measles,6,0,Under Surveillance,30-01-2026,2026-01-30,30-01-2026,2026-01-30,2026-01-26,2026-02-01,TEXT,MEDIUM,,UNVALIDATED,Official IDSP unique ID: MH/DHA/2026/5/148
MAHA-2026-W05-002,2026,5,NCDC weekly outbreaks/2026/week5_1788856507.pdf,15,5,MATCH,Maharashtra,Gadchiroli,Gadchiroli,Suspected Food Poisoning,Food_Poisoning,107,0,Under Surveillance,28-01-2026,2026-01-28,29-01-2026,2026-01-29,2026-01-26,2026-02-01,TEXT,HIGH,,UNVALIDATED,Official IDSP unique ID: MH/GAD/2026/5/149
MAHA-2026-W06-001,2026,6,NCDC weekly outbreaks/2026/week6_1788856531.pdf,15,6,MATCH,Maharashtra,Nanded,Nanded,Hepatitis A,Hepatitis,12,0,Under Surveillance,03-02-2026,2026-02-03,03-02-2026,2026-02-03,2026-02-02,2026-02-08,TEXT,HIGH,,UNVALIDATED,Official IDSP unique ID: MH/NAN/2026/6/191
MAHA-2026-W07-001,2026,7,NCDC weekly outbreaks/2026/week7_1788856546.pdf,20,7,MATCH,Maharashtra,Latur,Latur,Suspected Food Poisoning,Food_Poisoning,36,0,Under Surveillance,11-02-2026,2026-02-11,12-02-2026,2026-02-12,2026-02-09,2026-02-15,TEXT,HIGH,,UNVALIDATED,Official IDSP unique ID: MH/LAT/2026/7/232
MAHA-2026-W07-002,2026,7,NCDC weekly outbreaks/2026/week7_1788856546.pdf,20,7,MATCH,Maharashtra,Mumbai,Mumbai City,Measles,Measles,10,0,Under Surveillance,11-02-2026,2026-02-11,11-02-2026,2026-02-11,2026-02-09,2026-02-15,TEXT,HIGH,,UNVALIDATED,Official IDSP unique ID: MH/PAR/2026/7/233
MAHA-2026-W07-003,2026,7,NCDC weekly outbreaks/2026/week7_1788856546.pdf,21,7,MATCH,Maharashtra,Mumbai,Mumbai City,Measles,Measles,5,0,Under Surveillance,11-02-2026,2026-02-11,11-02-2026,2026-02-11,2026-02-09,2026-02-15,TEXT,HIGH,,UNVALIDATED,Official IDSP unique ID: MH/PAR/2026/7/234
MAHA-2026-W08-001,2026,8,NCDC weekly outbreaks/2026/week8_1788856560.pdf,16,8,MATCH,Maharashtra,Nagpur,Nagpur,Suspected Food Poisoning,Food_Poisoning,90,0,Under Surveillance,19-02-2026,2026-02-19,20-02-2026,2026-02-20,2026-02-16,2026-02-22,TEXT,HIGH,,UNVALIDATED,Official IDSP unique ID: MH/NAG/2026/8/274
MAHA-2026-W08-002,2026,8,NCDC weekly outbreaks/2026/week8_1788856560.pdf,17,8,MATCH,Maharashtra,Nagpur,Nagpur,Hepatitis A,Hepatitis,5,0,Under Surveillance,18-02-2026,2026-02-18,18-02-2026,2026-02-18,2026-02-16,2026-02-22,TEXT,HIGH,,UNVALIDATED,Official IDSP unique ID: MH/NAG/2026/8/275
MAHA-2026-W08-003,2026,8,NCDC weekly outbreaks/2026/week8_1788856560.pdf,17,8,MATCH,Maharashtra,Sangli,Sangli,Acute Diarrhoeal Disease,Acute_Diarrheal_Disease,63,0,Under Surveillance,20-02-2026,2026-02-20,20-02-2026,2026-02-20,2026-02-16,2026-02-22,TEXT,HIGH,,UNVALIDATED,Official IDSP unique ID: MH/SAN/2026/8/276
MAHA-2026-W09-001,2026,9,NCDC weekly outbreaks/2026/week9_1788856576.pdf,35,9,MATCH,Maharashtra,Aurangabad,Aurangabad,a Chhatrapati Sambhajinaga r Measles,Measles,15,0,Under Surveillance,18-02-2026,2026-02-18,24-01-2026,2026-01-24,2026-02-23,2026-03-01,TEXT,HIGH,,UNVALIDATED,Official IDSP unique ID: MH/CHH/2026/9/368
MAHA-2026-W10-001,2026,10,NCDC weekly outbreaks/2026/week10_1788856598.pdf,11,10,MATCH,Maharashtra,Gadchiroli,Gadchiroli,Fever,Fever,25,0,Under Surveillance,04-03-2026,2026-03-04,07-03-2026,2026-03-07,2026-03-02,2026-03-08,TEXT,HIGH,,UNVALIDATED,Official IDSP unique ID: MH/GAD/2026/10/390
MAHA-2026-W10-002,2026,10,NCDC weekly outbreaks/2026/week10_1788856598.pdf,12,10,MATCH,Maharashtra,Latur,Latur,Measles,Measles,9,0,Under Surveillance,05-03-2026,2026-03-05,05-03-2026,2026-03-05,2026-03-02,2026-03-08,TEXT,HIGH,,UNVALIDATED,Official IDSP unique ID: MH/LAT/2026/10/391
MAHA-2026-W10-003,2026,10,NCDC weekly outbreaks/2026/week10_1788856598.pdf,12,10,MATCH,Maharashtra,Latur,Latur,Measles,Measles,5,0,Under Surveillance,04-03-2026,2026-03-04,04-03-2026,2026-03-04,2026-03-02,2026-03-08,TEXT,HIGH,,UNVALIDATED,Official IDSP unique ID: MH/LAT/2026/10/392
MAHA-2026-W10-004,2026,10,NCDC weekly outbreaks/2026/week10_1788856598.pdf,13,10,MATCH,Maharashtra,Nashik,Nashik,Hepatitis A,Hepatitis,37,0,Under Surveillance,06-03-2026,2026-03-06,07-03-2026,2026-03-07,2026-03-02,2026-03-08,TEXT,HIGH,,UNVALIDATED,Official IDSP unique ID: MH/NAS/2026/10/393
MAHA-2026-W12-001,2026,12,NCDC weekly outbreaks/2026/week12_1788856634.pdf,11,12,MATCH,Maharashtra,Kolhapur,Kolhapur,Suspected Food Poisoning,Food_Poisoning,46,0,Under Control,15-03-2026,2026-03-15,16-03-2026,2026-03-16,2026-03-16,2026-03-22,TEXT,HIGH,,UNVALIDATED,Official IDSP unique ID: MH/KOL/2026/12/467
MAHA-2026-W12-002,2026,12,NCDC weekly outbreaks/2026/week12_1788856634.pdf,11,12,MATCH,Maharashtra,Latur,Latur,Measles,Measles,11,0,Under Surveillance,20-03-2026,2026-03-20,20-03-2026,2026-03-20,2026-03-16,2026-03-22,TEXT,HIGH,,UNVALIDATED,Official IDSP unique ID: MH/LAT/2026/12/468
MAHA-2026-W12-003,2026,12,NCDC weekly outbreaks/2026/week12_1788856634.pdf,12,12,MATCH,Maharashtra,Pune,Pune,Acute Diarrhoeal Disease,Acute_Diarrheal_Disease,27,0,Under Surveillance,13-03-2026,2026-03-13,16-03-2026,2026-03-16,2026-03-16,2026-03-22,TEXT,HIGH,,UNVALIDATED,Official IDSP unique ID: MH/PUN/2026/12/469
MAHA-2026-W12-004,2026,12,NCDC weekly outbreaks/2026/week12_1788856634.pdf,20,12,MATCH,Maharashtra,Nashik,Nashik,Fever with Rash,Fever,6,0,Under Surveillance,27-02-2026,2026-02-27,,,2026-03-16,2026-03-22,TEXT,HIGH,,UNVALIDATED,Official IDSP unique ID: MH/NAS/2026/12/486
MAHA-2026-W13-001,2026,13,NCDC weekly outbreaks/2026/week13_1788856653.pdf,12,13,MATCH,Maharashtra,Amravati,Amravati,Dengue,Dengue,11,0,Under Surveillance,27-03-2026,2026-03-27,28-03-2026,2026-03-28,2026-03-23,2026-03-29,TEXT,HIGH,,UNVALIDATED,Official IDSP unique ID: MH/AMR/2026/13/510
MAHA-2026-W13-002,2026,13,NCDC weekly outbreaks/2026/week13_1788856653.pdf,12,13,MATCH,Maharashtra,Gondia,Gondia,Suspected Food Poisoning,Food_Poisoning,52,0,Under Surveillance,26-03-2026,2026-03-26,26-03-2026,2026-03-26,2026-03-23,2026-03-29,TEXT,HIGH,,UNVALIDATED,Official IDSP unique ID: MH/GON/2026/13/511
MAHA-2026-W14-001,2026,14,NCDC weekly outbreaks/2026/week14_1788856669.pdf,12,14,MATCH,Maharashtra,Raigad,Raigad,Dengue,Dengue,10,0,Under Surveillance,31-03-2026,2026-03-31,01-04-2026,2026-04-01,2026-03-30,2026-04-05,TEXT,HIGH,,UNVALIDATED,Official IDSP unique ID: MH/RAI/2026/14/550
MAHA-2026-W14-002,2026,14,NCDC weekly outbreaks/2026/week14_1788856669.pdf,13,14,MATCH,Maharashtra,Sindhudurg,Sindhudurg,Chickenpox,Chickenpox,23,0,Under Surveillance,05-04-2026,2026-04-05,05-04-2026,2026-04-05,2026-03-30,2026-04-05,TEXT,HIGH,,UNVALIDATED,Official IDSP unique ID: MH/SIN/2026/14/551
MAHA-2026-W15-001,2026,15,NCDC weekly outbreaks/2026/week15_1788856683.pdf,19,15,MATCH,Maharashtra,Unknown,,Maharash tra Dharashiv Suspected Food Poisoning,Food_Poisoning,31,0,Under Surveillance,08-04-2026,2026-04-08,08-04-2026,2026-04-08,2026-04-06,2026-04-12,TEXT,MEDIUM,,UNVALIDATED,Official IDSP unique ID: MH/DHA/2026/15/601
MAHA-2026-W15-002,2026,15,NCDC weekly outbreaks/2026/week15_1788856683.pdf,19,15,MATCH,Maharashtra,Nagpur,Nagpur,Acute Diarrhoeal Disease,Acute_Diarrheal_Disease,56,0,Under Surveillance,07-04-2026,2026-04-07,09-04-2026,2026-04-09,2026-04-06,2026-04-12,TEXT,HIGH,,UNVALIDATED,Official IDSP unique ID: MH/NAG/2026/15/602
MAHA-2026-W15-003,2026,15,NCDC weekly outbreaks/2026/week15_1788856683.pdf,20,15,MATCH,Maharashtra,Nanded,Nanded,Suspected Food Poisoning,Food_Poisoning,65,0,Under Surveillance,07-04-2026,2026-04-07,08-04-2026,2026-04-08,2026-04-06,2026-04-12,TEXT,HIGH,,UNVALIDATED,Official IDSP unique ID: MH/NAN/2026/15/603
MAHA-2026-W15-004,2026,15,NCDC weekly outbreaks/2026/week15_1788856683.pdf,20,15,MATCH,Maharashtra,Mumbai,Mumbai City,Measles,Measles,5,0,Under Surveillance,01-04-2026,2026-04-01,07-04-2026,2026-04-07,2026-04-06,2026-04-12,TEXT,HIGH,,UNVALIDATED,Official IDSP unique ID: MH/RAI/2026/15/604
MAHA-2026-W15-005,2026,15,NCDC weekly outbreaks/2026/week15_1788856683.pdf,29,15,MATCH,Maharashtra,Jalgaon,Jalgaon,Dengue,Dengue,10,0,Under Surveillance,08-03-2026,2026-03-08,05-01-2026,2026-01-05,2026-04-06,2026-04-12,TEXT,HIGH,,UNVALIDATED,Official IDSP unique ID: MH/JAL/2026/15/620
MAHA-2026-W16-001,2026,16,NCDC weekly outbreaks/2026/week16_1788856701.pdf,11,16,MATCH,Maharashtra,Amravati,Amravati,Measles,Measles,6,0,Under Surveillance,17-04-2026,2026-04-17,17-04-2026,2026-04-17,2026-04-13,2026-04-19,TEXT,HIGH,,UNVALIDATED,Official IDSP unique ID: MH/AMR/2026/16/640
MAHA-2026-W16-002,2026,16,NCDC weekly outbreaks/2026/week16_1788856701.pdf,11,16,MATCH,Maharashtra,Satara,Satara,Jaundice,Hepatitis,28,0,Under Surveillance,23-03-2026,2026-03-23,17-04-2026,2026-04-17,2026-04-13,2026-04-19,TEXT,HIGH,,UNVALIDATED,Official IDSP unique ID: MH/SAT/2026/16/641
MAHA-2026-W17-001,2026,17,NCDC weekly outbreaks/2026/week17_1788856716.pdf,13,17,MATCH,Maharashtra,Aurangabad,Aurangabad,Maharasht ra Chhatrapati Sambhajinag ar Measles,Measles,6,0,Under Surveillance,21-04-2026,2026-04-21,23-04-2026,2026-04-23,2026-04-20,2026-04-26,TEXT,HIGH,,UNVALIDATED,Official IDSP unique ID: MH/CHH/2026/17/675
MAHA-2026-W17-002,2026,17,NCDC weekly outbreaks/2026/week17_1788856716.pdf,13,17,MATCH,Maharashtra,Dhule,Dhule,Chikungunya,Chikungunya,9,0,Under Surveillance,22-04-2026,2026-04-22,22-04-2026,2026-04-22,2026-04-20,2026-04-26,TEXT,HIGH,,UNVALIDATED,Official IDSP unique ID: MH/DHU/2026/17/676
MAHA-2026-W20-001,2026,20,NCDC weekly outbreaks/2026/week20_1788856772.pdf,17,20,MATCH,Maharashtra,Nagpur,Nagpur,Acute Diarrhoeal Disease,Acute_Diarrheal_Disease,102,0,Under Surveillance,14-05-2026,2026-05-14,14-05-2026,2026-05-14,2026-05-11,2026-05-17,TEXT,HIGH,,UNVALIDATED,Official IDSP unique ID: MH/NAG/2026/20/801
MAHA-2026-W20-002,2026,20,NCDC weekly outbreaks/2026/week20_1788856772.pdf,17,20,MATCH,Maharashtra,Sindhudurg,Sindhudurg,Acute Diarrhoeal Disease,Acute_Diarrheal_Disease,80,0,Under Surveillance,16-05-2026,2026-05-16,16-05-2026,2026-05-16,2026-05-11,2026-05-17,TEXT,HIGH,,UNVALIDATED,Official IDSP unique ID: MH/SIN/2026/20/802
MAHA-2026-W21-001,2026,21,NCDC weekly outbreaks/2026/week21_1788856793.pdf,13,21,MATCH,Maharashtra,Buldhana,Buldhana,Acute Gastroenteritis,Gastroenteritis,67,0,Under Surveillance,15-05-2026,2026-05-15,18-05-2026,2026-05-18,2026-05-18,2026-05-24,TEXT,HIGH,,UNVALIDATED,Official IDSP unique ID: MH/BUL/2026/21/843
MAHA-2026-W21-002,2026,21,NCDC weekly outbreaks/2026/week21_1788856793.pdf,21,21,MATCH,Maharashtra,Aurangabad,Aurangabad,Chhatrapati Sambhajinagar Measles,Measles,39,0,Under Surveillance,18-04-2026,2026-04-18,,,2026-05-18,2026-05-24,TEXT,HIGH,,UNVALIDATED,Official IDSP unique ID: MH/CHH/2026/21/859
MAHA-2026-W21-003,2026,21,NCDC weekly outbreaks/2026/week21_1788856793.pdf,22,21,MATCH,Maharashtra,Pune,Pune,Hepatitis A,Hepatitis,24,0,Under Surveillance,08-05-2026,2026-05-08,03-04-2026,2026-04-03,2026-05-18,2026-05-24,TEXT,HIGH,,UNVALIDATED,Official IDSP unique ID: MH/SAT/2026/21/860
MAHA-2026-W22-001,2026,22,NCDC weekly outbreaks/2026/week22_1788856809.pdf,10,22,MATCH,Maharashtra,Amravati,Amravati,Acute Gastroenter itis,Acute Gastroenter itis,72,0,Under Surveillance,22-05-2026,2026-05-22,27-05-2026,2026-05-27,2026-05-25,2026-05-31,TEXT,HIGH,,UNVALIDATED,Official IDSP unique ID: MH/AMR/2026/22/879
MAHA-2026-W22-002,2026,22,NCDC weekly outbreaks/2026/week22_1788856809.pdf,11,22,MATCH,Maharashtra,Mumbai,Mumbai City,Measles,Measles,10,0,Under Surveillance,23-05-2026,2026-05-23,25-05-2026,2026-05-25,2026-05-25,2026-05-31,TEXT,HIGH,,UNVALIDATED,Official IDSP unique ID: MH/PAR/2026/22/881
MAHA-2026-W22-003,2026,22,NCDC weekly outbreaks/2026/week22_1788856809.pdf,12,22,MATCH,Maharashtra,Thane,Thane,Suspected Food Poisoning,Food_Poisoning,22,0,Under Surveillance,29-05-2026,2026-05-29,29-05-2026,2026-05-29,2026-05-25,2026-05-31,TEXT,HIGH,,UNVALIDATED,Official IDSP unique ID: MH/THA/2026/22/882
MAHA-2026-W23-001,2026,23,NCDC weekly outbreaks/2026/week23_1788856825.pdf,11,23,MATCH,Maharashtra,Amravati,Amravati,Suspected Food Poisoning,Food_Poisoning,21,0,Under Surveillance,30-05-2026,2026-05-30,01-06-2026,2026-06-01,2026-06-01,2026-06-07,TEXT,HIGH,,UNVALIDATED,Official IDSP unique ID: MH/AMR/2026/23/919
MAHA-2026-W23-002,2026,23,NCDC weekly outbreaks/2026/week23_1788856825.pdf,11,23,MATCH,Maharashtra,Kolhapur,Kolhapur,Suspected Typhoid,Typhoid,111,0,Under Surveillance,02-06-2026,2026-06-02,02-06-2026,2026-06-02,2026-06-01,2026-06-07,TEXT,HIGH,,UNVALIDATED,Official IDSP unique ID: MH/KOL/2026/23/920
MAHA-2026-W23-003,2026,23,NCDC weekly outbreaks/2026/week23_1788856825.pdf,12,23,MATCH,Maharashtra,Nashik,Nashik,Suspected Food Poisoning,Food_Poisoning,12,0,Under Surveillance,02-06-2026,2026-06-02,05-06-2026,2026-06-05,2026-06-01,2026-06-07,TEXT,HIGH,,UNVALIDATED,Official IDSP unique ID: MH/NAS/2026/23/921
MAHA-2026-W24-001,2026,24,NCDC weekly outbreaks/2026/week24_1788856872.pdf,19,24,MATCH,Maharashtra,Kolhapur,Kolhapur,Hepatitis A & E,Hepatitis,23,0,Under Surveillance,10-06-2026,2026-06-10,10-06-2026,2026-06-10,2026-06-08,2026-06-14,TEXT,HIGH,,UNVALIDATED,Official IDSP unique ID: MH/KOL/2026/24/965
MAHA-2026-W25-001,2026,25,NCDC weekly outbreaks/2026/week25_1788856887.pdf,16,25,MATCH,Maharashtra,Parbhani,Parbhani,Acute Diarrhoeal Disease,Acute_Diarrheal_Disease,73,0,Under Surveillance,16-06-2026,2026-06-16,17-06-2026,2026-06-17,2026-06-15,2026-06-21,TEXT,HIGH,,UNVALIDATED,Official IDSP unique ID: MH/PAR/2026/25/1003
MAHA-2026-W25-002,2026,25,NCDC weekly outbreaks/2026/week25_1788856887.pdf,16,25,MATCH,Maharashtra,Satara,Satara,Suspected Food Poisoning,Food_Poisoning,52,0,Under Surveillance,18-06-2026,2026-06-18,19-06-2026,2026-06-19,2026-06-15,2026-06-21,TEXT,HIGH,,UNVALIDATED,Official IDSP unique ID: MH/SAT/2026/25/1004
MAHA-2026-W26-001,2026,26,NCDC weekly outbreaks/2026/week26_1788856902.pdf,13,26,MATCH,Maharashtra,Nashik,Nashik,Acute Diarrhoeal Disease,Acute_Diarrheal_Disease,48,0,Under Surveillance,21-06-2026,2026-06-21,24-06-2026,2026-06-24,2026-06-22,2026-06-28,TEXT,HIGH,,UNVALIDATED,Official IDSP unique ID: MH/NAS/2026/26/1039
MAHA-2026-W26-002,2026,26,NCDC weekly outbreaks/2026/week26_1788856902.pdf,14,26,MATCH,Maharashtra,Pune,Pune,Dengue,Dengue,25,0,Under Surveillance,25-06-2026,2026-06-25,26-06-2026,2026-06-26,2026-06-22,2026-06-28,TEXT,HIGH,,UNVALIDATED,Official IDSP unique ID: MH/PUN/2026/26/1040
MAHA-2026-W26-003,2026,26,NCDC weekly outbreaks/2026/week26_1788856902.pdf,14,26,MATCH,Maharashtra,Raigad,Raigad,Fever,Fever,21,1,Under Surveillance,23-06-2026,2026-06-23,23-06-2026,2026-06-23,2026-06-22,2026-06-28,TEXT,HIGH,,UNVALIDATED,Official IDSP unique ID: MH/RAI/2026/26/1041
MAHA-2026-W26-004,2026,26,NCDC weekly outbreaks/2026/week26_1788856902.pdf,15,26,MATCH,Maharashtra,Satara,Satara,Acute Diarrhoeal Disease,Acute_Diarrheal_Disease,106,0,Under Surveillance,25-06-2026,2026-06-25,25-06-2026,2026-06-25,2026-06-22,2026-06-28,TEXT,HIGH,,UNVALIDATED,Official IDSP unique ID: MH/SAT/2026/26/1042
MAHA-2026-W26-005,2026,26,NCDC weekly outbreaks/2026/week26_1788856902.pdf,15,26,MATCH,Maharashtra,Solapur,Solapur,Suspected Food Poisoning,Food_Poisoning,20,0,Under Surveillance,25-06-2026,2026-06-25,25-06-2026,2026-06-25,2026-06-22,2026-06-28,TEXT,HIGH,,UNVALIDATED,Official IDSP unique ID: MH/SOL/2026/26/1043
MAHA-2026-W26-006,2026,26,NCDC weekly outbreaks/2026/week26_1788856902.pdf,15,26,MATCH,Maharashtra,Thane,Thane,Acute Diarrhoeal Disease,Acute_Diarrheal_Disease,30,0,Under Surveillance,21-06-2026,2026-06-21,23-06-2026,2026-06-23,2026-06-22,2026-06-28,TEXT,HIGH,,UNVALIDATED,Official IDSP unique ID: MH/THA/2026/26/1044
MAHA-2026-W26-007,2026,26,NCDC weekly outbreaks/2026/week26_1788856902.pdf,16,26,MATCH,Maharashtra,Thane,Thane,Suspected Food Poisoning,Food_Poisoning,100,0,Under Surveillance,20-06-2026,2026-06-20,22-06-2026,2026-06-22,2026-06-22,2026-06-28,TEXT,HIGH,,UNVALIDATED,Official IDSP unique ID: MH/THA/2026/26/1045
MAHA-2026-W27-001,2026,27,NCDC weekly outbreaks/2026/week27_1788856919.pdf,19,27,MATCH,Maharashtra,Parbhani,Parbhani,Suspected Food Poisoning,Food_Poisoning,20,0,Under Surveillance,26-06-2026,2026-06-26,29-06-2026,2026-06-29,2026-06-29,2026-07-05,TEXT,HIGH,,UNVALIDATED,Official IDSP unique ID: MH/PAR/2026/27/1092
MAHA-2026-W28-001,2026,28,NCDC weekly outbreaks/2026/week28_1788942657.pdf,12,28,MATCH,Maharashtra,Amravati,Amravati,Acute Gastroenteriti s,Acute Gastroenteriti s,24,0,Under Surveillance,11-07-2026,2026-07-11,11-07-2026,2026-07-11,2026-07-06,2026-07-12,TEXT,HIGH,,UNVALIDATED,Official IDSP unique ID: MH/AMR/2026/28/1126
MAHA-2026-W28-002,2026,28,NCDC weekly outbreaks/2026/week28_1788942657.pdf,12,28,MATCH,Maharashtra,Jalna,Jalna,Measles,Measles,6,1,Under Surveillance,03-07-2026,2026-07-03,09-07-2026,2026-07-09,2026-07-06,2026-07-12,TEXT,HIGH,,UNVALIDATED,Official IDSP unique ID: MH/JAL/2026/28/1127
MAHA-2026-W28-003,2026,28,NCDC weekly outbreaks/2026/week28_1788942657.pdf,13,28,MATCH,Maharashtra,Nagpur,Nagpur,Acute Diarrhoeal Disease,Acute_Diarrheal_Disease,25,0,Under Surveillance,08-07-2026,2026-07-08,08-07-2026,2026-07-08,2026-07-06,2026-07-12,TEXT,HIGH,,UNVALIDATED,Official IDSP unique ID: MH/NAG/2026/28/1128
MAHA-2026-W28-004,2026,28,NCDC weekly outbreaks/2026/week28_1788942657.pdf,18,28,MATCH,Maharashtra,Mumbai,Mumbai City,Hepatitis E,Hepatitis,38,0,Under Surveillance,29-06-2026,2026-06-29,01-07-2026,2026-07-01,2026-07-06,2026-07-12,TEXT,HIGH,,UNVALIDATED,Official IDSP unique ID: MH/RAI/2026/28/1141
MAHA-2026-W29-001,2026,29,NCDC weekly outbreaks/2026/week29_1789533489.pdf,18,29,MATCH,Maharashtra,Bhandara,Bhandara,Suspected Food Poisoning,Food_Poisoning,45,0,Under Surveillance,13-07-2026,2026-07-13,14-07-2026,2026-07-14,2026-07-13,2026-07-19,TEXT,HIGH,,UNVALIDATED,Official IDSP unique ID: MH/BHA/2026/29/1176
MAHA-2026-W29-002,2026,29,NCDC weekly outbreaks/2026/week29_1789533489.pdf,18,29,MATCH,Maharashtra,Nandurbar,Nandurbar,Acute Gastroenteri tis,Acute Gastroenteri tis,30,0,Under Surveillance,12-07-2026,2026-07-12,13-07-2026,2026-07-13,2026-07-13,2026-07-19,TEXT,HIGH,,UNVALIDATED,Official IDSP unique ID: MH/NAN/2026/29/1177
MAHA-2026-W29-003,2026,29,NCDC weekly outbreaks/2026/week29_1789533489.pdf,19,29,MATCH,Maharashtra,Raigad,Raigad,Malaria,Malaria,65,0,Under Surveillance,18-07-2026,2026-07-18,18-07-2026,2026-07-18,2026-07-13,2026-07-19,TEXT,HIGH,,UNVALIDATED,Official IDSP unique ID: MH/RAI/2026/29/1178
MAHA-2026-W30-001,2026,30,NCDC weekly outbreaks/2026/week30_1789731731.pdf,18,30,MATCH,Maharashtra,Amravati,Amravati,Suspected Food Poisoning,Food_Poisoning,45,0,Under Surveillance,13-07-2026,2026-07-13,14-07-2026,2026-07-14,2026-07-20,2026-07-26,TEXT,HIGH,,UNVALIDATED,Official IDSP unique ID: MH/AMR/2026/30/1225
MAHA-2026-W30-002,2026,30,NCDC weekly outbreaks/2026/week30_1789731731.pdf,18,30,MATCH,Maharashtra,Nandurbar,Nandurbar,Dengue,Dengue,30,0,Under Surveillance,12-07-2026,2026-07-12,13-07-2026,2026-07-13,2026-07-20,2026-07-26,TEXT,HIGH,,UNVALIDATED,Official IDSP unique ID: MH/PAL/2026/30/1226
MAHA-2026-W30-003,2026,30,NCDC weekly outbreaks/2026/week30_1789731731.pdf,19,30,MATCH,Maharashtra,Raigad,Raigad,Suspected Food Poisoning,Food_Poisoning,65,0,Under Surveillance,18-07-2026,2026-07-18,18-07-2026,2026-07-18,2026-07-20,2026-07-26,TEXT,HIGH,,UNVALIDATED,Official IDSP unique ID: MH/SAT/2026/30/1227
MAHA-2026-W31-001,2026,31,NCDC weekly outbreaks/2026/week31_1790077762.pdf,15,31,MATCH,Maharashtra,Chandrapur,Chandrapur,Acute Diarrhoeal Disease,Acute_Diarrheal_Disease,30,0,Under Surveillance,28-07-2026,2026-07-28,30-07-2026,2026-07-30,2026-07-27,2026-08-02,TEXT,HIGH,,UNVALIDATED,Official IDSP unique ID: MH/CHA/2026/31/1272
MAHA-2026-W31-002,2026,31,NCDC weekly outbreaks/2026/week31_1790077762.pdf,15,31,MATCH,Maharashtra,Nagpur,Nagpur,Acute Diarrhoeal Disease,Acute_Diarrheal_Disease,21,0,Under Surveillance,01-08-2026,2026-08-01,01-08-2026,2026-08-01,2026-07-27,2026-08-02,TEXT,HIGH,,UNVALIDATED,Official IDSP unique ID: MH/NAG/2026/31/1273
MAHA-2026-W31-003,2026,31,NCDC weekly outbreaks/2026/week31_1790077762.pdf,22,31,MATCH,Maharashtra,Gondia,Gondia,Human Rabies,Rabies,1,1,Under Control,13-07-2026,2026-07-13,13.07.2026,2026-07-13,2026-07-27,2026-08-02,TEXT,HIGH,,UNVALIDATED,Official IDSP unique ID: MH/GON/2026/31/1289
MAHA-2026-W32-001,2026,32,NCDC weekly outbreaks/2026/week32_1790680151.pdf,16,32,MATCH,Maharashtra,Bhandara,Bhandara,Acute Diarrhoeal Disease,Acute_Diarrheal_Disease,37,0,Under Surveillance,03-08-2026,2026-08-03,04-08-2026,2026-08-04,2026-08-03,2026-08-09,TEXT,HIGH,,UNVALIDATED,Official IDSP unique ID: MH/BHA/2026/32/1324
MAHA-2026-W32-002,2026,32,NCDC weekly outbreaks/2026/week32_1790680151.pdf,17,32,MATCH,Maharashtra,Gondia,Gondia,Acute Diarrhoeal Disease,Acute_Diarrheal_Disease,33,0,Under Surveillance,07-08-2026,2026-08-07,09-08-2026,2026-08-09,2026-08-03,2026-08-09,TEXT,HIGH,,UNVALIDATED,Official IDSP unique ID: MH/GON/2026/32/1325
MAHA-2026-W32-003,2026,32,NCDC weekly outbreaks/2026/week32_1790680151.pdf,17,32,MATCH,Maharashtra,Nanded,Nanded,Dengue,Dengue,20,0,Under Surveillance,03-08-2026,2026-08-03,05-08-2026,2026-08-05,2026-08-03,2026-08-09,TEXT,HIGH,,UNVALIDATED,Official IDSP unique ID: MH/NAN/2026/32/1326