path,filename,extension,size,category,priority,source,organization,publication_year,data_period,geography,disease_topic,contains_actual_data,contains_unique_information,primary_or_secondary,project_role,duplicate_status,underlying_source,recommended_action,deletion_safety,reason
".git\COMMIT_EDITMSG","COMMIT_EDITMSG","",41,"I","P5","Git Version Control System","Git Internals","2026","N/A","N/A","Version Control Database Metadata (Blob / Commit / Log)","NO (VCS database internals)","Internal git database","VCS System Metadata","Tracks commit history and git synchronization","Internal VCS objects",".git repository","KEEP (Do not delete if git version tracking is desired)","SAFE_TO_DELETE_IF_NOT_A_GIT_REPO","Git system internal tracking object; irrelevant to disease research data but essential for git functionality"
".git\config","config","",308,"I","P5","Git Version Control System","Git Internals","2026","N/A","N/A","Version Control Database Metadata (Blob / Commit / Log)","NO (VCS database internals)","Internal git database","VCS System Metadata","Tracks commit history and git synchronization","Internal VCS objects",".git repository","KEEP (Do not delete if git version tracking is desired)","SAFE_TO_DELETE_IF_NOT_A_GIT_REPO","Git system internal tracking object; irrelevant to disease research data but essential for git functionality"
".git\description","description","",73,"I","P5","Git Version Control System","Git Internals","2026","N/A","N/A","Version Control Database Metadata (Blob / Commit / Log)","NO (VCS database internals)","Internal git database","VCS System Metadata","Tracks commit history and git synchronization","Internal VCS objects",".git repository","KEEP (Do not delete if git version tracking is desired)","SAFE_TO_DELETE_IF_NOT_A_GIT_REPO","Git system internal tracking object; irrelevant to disease research data but essential for git functionality"
".git\FETCH_HEAD","FETCH_HEAD","",107,"I","P5","Git Version Control System","Git Internals","2026","N/A","N/A","Version Control Database Metadata (Blob / Commit / Log)","NO (VCS database internals)","Internal git database","VCS System Metadata","Tracks commit history and git synchronization","Internal VCS objects",".git repository","KEEP (Do not delete if git version tracking is desired)","SAFE_TO_DELETE_IF_NOT_A_GIT_REPO","Git system internal tracking object; irrelevant to disease research data but essential for git functionality"
".git\HEAD","HEAD","",23,"I","P5","Git Version Control System","Git Internals","2026","N/A","N/A","Version Control Database Metadata (Blob / Commit / Log)","NO (VCS database internals)","Internal git database","VCS System Metadata","Tracks commit history and git synchronization","Internal VCS objects",".git repository","KEEP (Do not delete if git version tracking is desired)","SAFE_TO_DELETE_IF_NOT_A_GIT_REPO","Git system internal tracking object; irrelevant to disease research data but essential for git functionality"
".git\hooks\applypatch-msg.sample","applypatch-msg.sample",".sample",478,"I","P5","Git Version Control System","Git Internals","2026","N/A","N/A","Version Control Database Metadata (Blob / Commit / Log)","NO (VCS database internals)","Internal git database","VCS System Metadata","Tracks commit history and git synchronization","Internal VCS objects",".git repository","KEEP (Do not delete if git version tracking is desired)","SAFE_TO_DELETE_IF_NOT_A_GIT_REPO","Git system internal tracking object; irrelevant to disease research data but essential for git functionality"
".git\hooks\commit-msg.sample","commit-msg.sample",".sample",1972,"I","P5","Git Version Control System","Git Internals","2026","N/A","N/A","Version Control Database Metadata (Blob / Commit / Log)","NO (VCS database internals)","Internal git database","VCS System Metadata","Tracks commit history and git synchronization","Internal VCS objects",".git repository","KEEP (Do not delete if git version tracking is desired)","SAFE_TO_DELETE_IF_NOT_A_GIT_REPO","Git system internal tracking object; irrelevant to disease research data but essential for git functionality"
".git\hooks\fsmonitor-watchman.sample","fsmonitor-watchman.sample",".sample",4611,"I","P5","Git Version Control System","Git Internals","2026","N/A","N/A","Version Control Database Metadata (Blob / Commit / Log)","NO (VCS database internals)","Internal git database","VCS System Metadata","Tracks commit history and git synchronization","Internal VCS objects",".git repository","KEEP (Do not delete if git version tracking is desired)","SAFE_TO_DELETE_IF_NOT_A_GIT_REPO","Git system internal tracking object; irrelevant to disease research data but essential for git functionality"
".git\hooks\post-update.sample","post-update.sample",".sample",189,"I","P5","Git Version Control System","Git Internals","2026","N/A","N/A","Version Control Database Metadata (Blob / Commit / Log)","NO (VCS database internals)","Internal git database","VCS System Metadata","Tracks commit history and git synchronization","Internal VCS objects",".git repository","KEEP (Do not delete if git version tracking is desired)","SAFE_TO_DELETE_IF_NOT_A_GIT_REPO","Git system internal tracking object; irrelevant to disease research data but essential for git functionality"
".git\hooks\pre-applypatch.sample","pre-applypatch.sample",".sample",424,"I","P5","Git Version Control System","Git Internals","2026","N/A","N/A","Version Control Database Metadata (Blob / Commit / Log)","NO (VCS database internals)","Internal git database","VCS System Metadata","Tracks commit history and git synchronization","Internal VCS objects",".git repository","KEEP (Do not delete if git version tracking is desired)","SAFE_TO_DELETE_IF_NOT_A_GIT_REPO","Git system internal tracking object; irrelevant to disease research data but essential for git functionality"
".git\hooks\pre-commit.sample","pre-commit.sample",".sample",1649,"I","P5","Git Version Control System","Git Internals","2026","N/A","N/A","Version Control Database Metadata (Blob / Commit / Log)","NO (VCS database internals)","Internal git database","VCS System Metadata","Tracks commit history and git synchronization","Internal VCS objects",".git repository","KEEP (Do not delete if git version tracking is desired)","SAFE_TO_DELETE_IF_NOT_A_GIT_REPO","Git system internal tracking object; irrelevant to disease research data but essential for git functionality"
".git\hooks\pre-merge-commit.sample","pre-merge-commit.sample",".sample",416,"I","P5","Git Version Control System","Git Internals","2026","N/A","N/A","Version Control Database Metadata (Blob / Commit / Log)","NO (VCS database internals)","Internal git database","VCS System Metadata","Tracks commit history and git synchronization","Internal VCS objects",".git repository","KEEP (Do not delete if git version tracking is desired)","SAFE_TO_DELETE_IF_NOT_A_GIT_REPO","Git system internal tracking object; irrelevant to disease research data but essential for git functionality"
".git\hooks\pre-push.sample","pre-push.sample",".sample",1374,"I","P5","Git Version Control System","Git Internals","2026","N/A","N/A","Version Control Database Metadata (Blob / Commit / Log)","NO (VCS database internals)","Internal git database","VCS System Metadata","Tracks commit history and git synchronization","Internal VCS objects",".git repository","KEEP (Do not delete if git version tracking is desired)","SAFE_TO_DELETE_IF_NOT_A_GIT_REPO","Git system internal tracking object; irrelevant to disease research data but essential for git functionality"
".git\hooks\pre-rebase.sample","pre-rebase.sample",".sample",4898,"I","P5","Git Version Control System","Git Internals","2026","N/A","N/A","Version Control Database Metadata (Blob / Commit / Log)","NO (VCS database internals)","Internal git database","VCS System Metadata","Tracks commit history and git synchronization","Internal VCS objects",".git repository","KEEP (Do not delete if git version tracking is desired)","SAFE_TO_DELETE_IF_NOT_A_GIT_REPO","Git system internal tracking object; irrelevant to disease research data but essential for git functionality"
".git\hooks\pre-receive.sample","pre-receive.sample",".sample",544,"I","P5","Git Version Control System","Git Internals","2026","N/A","N/A","Version Control Database Metadata (Blob / Commit / Log)","NO (VCS database internals)","Internal git database","VCS System Metadata","Tracks commit history and git synchronization","Internal VCS objects",".git repository","KEEP (Do not delete if git version tracking is desired)","SAFE_TO_DELETE_IF_NOT_A_GIT_REPO","Git system internal tracking object; irrelevant to disease research data but essential for git functionality"
".git\hooks\prepare-commit-msg.sample","prepare-commit-msg.sample",".sample",1492,"I","P5","Git Version Control System","Git Internals","2026","N/A","N/A","Version Control Database Metadata (Blob / Commit / Log)","NO (VCS database internals)","Internal git database","VCS System Metadata","Tracks commit history and git synchronization","Internal VCS objects",".git repository","KEEP (Do not delete if git version tracking is desired)","SAFE_TO_DELETE_IF_NOT_A_GIT_REPO","Git system internal tracking object; irrelevant to disease research data but essential for git functionality"
".git\hooks\push-to-checkout.sample","push-to-checkout.sample",".sample",2783,"I","P5","Git Version Control System","Git Internals","2026","N/A","N/A","Version Control Database Metadata (Blob / Commit / Log)","NO (VCS database internals)","Internal git database","VCS System Metadata","Tracks commit history and git synchronization","Internal VCS objects",".git repository","KEEP (Do not delete if git version tracking is desired)","SAFE_TO_DELETE_IF_NOT_A_GIT_REPO","Git system internal tracking object; irrelevant to disease research data but essential for git functionality"
".git\hooks\sendemail-validate.sample","sendemail-validate.sample",".sample",2308,"I","P5","Git Version Control System","Git Internals","2026","N/A","N/A","Version Control Database Metadata (Blob / Commit / Log)","NO (VCS database internals)","Internal git database","VCS System Metadata","Tracks commit history and git synchronization","Internal VCS objects",".git repository","KEEP (Do not delete if git version tracking is desired)","SAFE_TO_DELETE_IF_NOT_A_GIT_REPO","Git system internal tracking object; irrelevant to disease research data but essential for git functionality"
".git\hooks\update.sample","update.sample",".sample",3650,"I","P5","Git Version Control System","Git Internals","2026","N/A","N/A","Version Control Database Metadata (Blob / Commit / Log)","NO (VCS database internals)","Internal git database","VCS System Metadata","Tracks commit history and git synchronization","Internal VCS objects",".git repository","KEEP (Do not delete if git version tracking is desired)","SAFE_TO_DELETE_IF_NOT_A_GIT_REPO","Git system internal tracking object; irrelevant to disease research data but essential for git functionality"
".git\index","index","",40154,"I","P5","Git Version Control System","Git Internals","2026","N/A","N/A","Version Control Database Metadata (Blob / Commit / Log)","NO (VCS database internals)","Internal git database","VCS System Metadata","Tracks commit history and git synchronization","Internal VCS objects",".git repository","KEEP (Do not delete if git version tracking is desired)","SAFE_TO_DELETE_IF_NOT_A_GIT_REPO","Git system internal tracking object; irrelevant to disease research data but essential for git functionality"
".git\info\exclude","exclude","",1085,"I","P5","Git Version Control System","Git Internals","2026","N/A","N/A","Version Control Database Metadata (Blob / Commit / Log)","NO (VCS database internals)","Internal git database","VCS System Metadata","Tracks commit history and git synchronization","Internal VCS objects",".git repository","KEEP (Do not delete if git version tracking is desired)","SAFE_TO_DELETE_IF_NOT_A_GIT_REPO","Git system internal tracking object; irrelevant to disease research data but essential for git functionality"
".git\kilo","kilo","",40,"I","P5","Git Version Control System","Git Internals","2026","N/A","N/A","Version Control Database Metadata (Blob / Commit / Log)","NO (VCS database internals)","Internal git database","VCS System Metadata","Tracks commit history and git synchronization","Internal VCS objects",".git repository","KEEP (Do not delete if git version tracking is desired)","SAFE_TO_DELETE_IF_NOT_A_GIT_REPO","Git system internal tracking object; irrelevant to disease research data but essential for git functionality"
".git\logs\HEAD","HEAD","",544,"I","P5","Git Version Control System","Git Internals","2026","N/A","N/A","Version Control Database Metadata (Blob / Commit / Log)","NO (VCS database internals)","Internal git database","VCS System Metadata","Tracks commit history and git synchronization","Internal VCS objects",".git repository","KEEP (Do not delete if git version tracking is desired)","SAFE_TO_DELETE_IF_NOT_A_GIT_REPO","Git system internal tracking object; irrelevant to disease research data but essential for git functionality"
".git\logs\refs\heads\master","master","",544,"I","P5","Git Version Control System","Git Internals","2026","N/A","N/A","Version Control Database Metadata (Blob / Commit / Log)","NO (VCS database internals)","Internal git database","VCS System Metadata","Tracks commit history and git synchronization","Internal VCS objects",".git repository","KEEP (Do not delete if git version tracking is desired)","SAFE_TO_DELETE_IF_NOT_A_GIT_REPO","Git system internal tracking object; irrelevant to disease research data but essential for git functionality"
".git\logs\refs\remotes\origin\master","master","",453,"I","P5","Git Version Control System","Git Internals","2026","N/A","N/A","Version Control Database Metadata (Blob / Commit / Log)","NO (VCS database internals)","Internal git database","VCS System Metadata","Tracks commit history and git synchronization","Internal VCS objects",".git repository","KEEP (Do not delete if git version tracking is desired)","SAFE_TO_DELETE_IF_NOT_A_GIT_REPO","Git system internal tracking object; irrelevant to disease research data but essential for git functionality"
".git\objects\00\74547686a772ffa43295b74678dc8ee9f9f340","74547686a772ffa43295b74678dc8ee9f9f340","",632046,"I","P5","Git Version Control System","Git Internals","2026","N/A","N/A","Version Control Database Metadata (Blob / Commit / Log)","NO (VCS database internals)","Internal git database","VCS System Metadata","Tracks commit history and git synchronization","Internal VCS objects",".git repository","KEEP (Do not delete if git version tracking is desired)","SAFE_TO_DELETE_IF_NOT_A_GIT_REPO","Git system internal tracking object; irrelevant to disease research data but essential for git functionality"
".git\objects\01\8a671cae9de6bbe995084eae2ddd68fe999e13","8a671cae9de6bbe995084eae2ddd68fe999e13","",726114,"I","P5","Git Version Control System","Git Internals","2026","N/A","N/A","Version Control Database Metadata (Blob / Commit / Log)","NO (VCS database internals)","Internal git database","VCS System Metadata","Tracks commit history and git synchronization","Internal VCS objects",".git repository","KEEP (Do not delete if git version tracking is desired)","SAFE_TO_DELETE_IF_NOT_A_GIT_REPO","Git system internal tracking object; irrelevant to disease research data but essential for git functionality"
".git\objects\02\57a6a469f9504e677d18abf893a70d33ab812b","57a6a469f9504e677d18abf893a70d33ab812b","",851827,"I","P5","Git Version Control System","Git Internals","2026","N/A","N/A","Version Control Database Metadata (Blob / Commit / Log)","NO (VCS database internals)","Internal git database","VCS System Metadata","Tracks commit history and git synchronization","Internal VCS objects",".git repository","KEEP (Do not delete if git version tracking is desired)","SAFE_TO_DELETE_IF_NOT_A_GIT_REPO","Git system internal tracking object; irrelevant to disease research data but essential for git functionality"
".git\objects\03\ff5cdc6aef7b25967e6c750dffe31992bb1e53","ff5cdc6aef7b25967e6c750dffe31992bb1e53","",127667,"I","P5","Git Version Control System","Git Internals","2026","N/A","N/A","Version Control Database Metadata (Blob / Commit / Log)","NO (VCS database internals)","Internal git database","VCS System Metadata","Tracks commit history and git synchronization","Internal VCS objects",".git repository","KEEP (Do not delete if git version tracking is desired)","SAFE_TO_DELETE_IF_NOT_A_GIT_REPO","Git system internal tracking object; irrelevant to disease research data but essential for git functionality"
".git\objects\04\ae7d9bded3e631a9e5dfb4873950b2b40753d7","ae7d9bded3e631a9e5dfb4873950b2b40753d7","",653841,"I","P5","Git Version Control System","Git Internals","2026","N/A","N/A","Version Control Database Metadata (Blob / Commit / Log)","NO (VCS database internals)","Internal git database","VCS System Metadata","Tracks commit history and git synchronization","Internal VCS objects",".git repository","KEEP (Do not delete if git version tracking is desired)","SAFE_TO_DELETE_IF_NOT_A_GIT_REPO","Git system internal tracking object; irrelevant to disease research data but essential for git functionality"
".git\objects\05\70a5a409131a819e72424b3f12d26aadbe1f63","70a5a409131a819e72424b3f12d26aadbe1f63","",1567,"I","P5","Git Version Control System","Git Internals","2026","N/A","N/A","Version Control Database Metadata (Blob / Commit / Log)","NO (VCS database internals)","Internal git database","VCS System Metadata","Tracks commit history and git synchronization","Internal VCS objects",".git repository","KEEP (Do not delete if git version tracking is desired)","SAFE_TO_DELETE_IF_NOT_A_GIT_REPO","Git system internal tracking object; irrelevant to disease research data but essential for git functionality"
".git\objects\05\c499b744907e6b93bd6827e925f6d6e169d7e1","c499b744907e6b93bd6827e925f6d6e169d7e1","",524077,"I","P5","Git Version Control System","Git Internals","2026","N/A","N/A","Version Control Database Metadata (Blob / Commit / Log)","NO (VCS database internals)","Internal git database","VCS System Metadata","Tracks commit history and git synchronization","Internal VCS objects",".git repository","KEEP (Do not delete if git version tracking is desired)","SAFE_TO_DELETE_IF_NOT_A_GIT_REPO","Git system internal tracking object; irrelevant to disease research data but essential for git functionality"
".git\objects\06\892a3f523b8bef2345c55bc0e0b0fbf660708f","892a3f523b8bef2345c55bc0e0b0fbf660708f","",524,"I","P5","Git Version Control System","Git Internals","2026","N/A","N/A","Version Control Database Metadata (Blob / Commit / Log)","NO (VCS database internals)","Internal git database","VCS System Metadata","Tracks commit history and git synchronization","Internal VCS objects",".git repository","KEEP (Do not delete if git version tracking is desired)","SAFE_TO_DELETE_IF_NOT_A_GIT_REPO","Git system internal tracking object; irrelevant to disease research data but essential for git functionality"
".git\objects\09\39cf7dd23539dec3b90a64f36039692645bca0","39cf7dd23539dec3b90a64f36039692645bca0","",645560,"I","P5","Git Version Control System","Git Internals","2026","N/A","N/A","Version Control Database Metadata (Blob / Commit / Log)","NO (VCS database internals)","Internal git database","VCS System Metadata","Tracks commit history and git synchronization","Internal VCS objects",".git repository","KEEP (Do not delete if git version tracking is desired)","SAFE_TO_DELETE_IF_NOT_A_GIT_REPO","Git system internal tracking object; irrelevant to disease research data but essential for git functionality"
".git\objects\09\cd9114a47e37aa57fa414f4a10ba7262397a80","cd9114a47e37aa57fa414f4a10ba7262397a80","",969268,"I","P5","Git Version Control System","Git Internals","2026","N/A","N/A","Version Control Database Metadata (Blob / Commit / Log)","NO (VCS database internals)","Internal git database","VCS System Metadata","Tracks commit history and git synchronization","Internal VCS objects",".git repository","KEEP (Do not delete if git version tracking is desired)","SAFE_TO_DELETE_IF_NOT_A_GIT_REPO","Git system internal tracking object; irrelevant to disease research data but essential for git functionality"
".git\objects\0a\e99e720b7311e9504350739eab26bed7612195","e99e720b7311e9504350739eab26bed7612195","",1050,"I","P5","Git Version Control System","Git Internals","2026","N/A","N/A","Version Control Database Metadata (Blob / Commit / Log)","NO (VCS database internals)","Internal git database","VCS System Metadata","Tracks commit history and git synchronization","Internal VCS objects",".git repository","KEEP (Do not delete if git version tracking is desired)","SAFE_TO_DELETE_IF_NOT_A_GIT_REPO","Git system internal tracking object; irrelevant to disease research data but essential for git functionality"
".git\objects\0b\216cfc2386809cb120d6f9db229f62b5bc79c8","216cfc2386809cb120d6f9db229f62b5bc79c8","",710593,"I","P5","Git Version Control System","Git Internals","2026","N/A","N/A","Version Control Database Metadata (Blob / Commit / Log)","NO (VCS database internals)","Internal git database","VCS System Metadata","Tracks commit history and git synchronization","Internal VCS objects",".git repository","KEEP (Do not delete if git version tracking is desired)","SAFE_TO_DELETE_IF_NOT_A_GIT_REPO","Git system internal tracking object; irrelevant to disease research data but essential for git functionality"
".git\objects\0b\d979614dec7845eccd37377bd9bbffcfb0a288","d979614dec7845eccd37377bd9bbffcfb0a288","",624084,"I","P5","Git Version Control System","Git Internals","2026","N/A","N/A","Version Control Database Metadata (Blob / Commit / Log)","NO (VCS database internals)","Internal git database","VCS System Metadata","Tracks commit history and git synchronization","Internal VCS objects",".git repository","KEEP (Do not delete if git version tracking is desired)","SAFE_TO_DELETE_IF_NOT_A_GIT_REPO","Git system internal tracking object; irrelevant to disease research data but essential for git functionality"
".git\objects\0c\c1dba0c068c54a5c371d4e28facfad4b995564","c1dba0c068c54a5c371d4e28facfad4b995564","",820483,"I","P5","Git Version Control System","Git Internals","2026","N/A","N/A","Version Control Database Metadata (Blob / Commit / Log)","NO (VCS database internals)","Internal git database","VCS System Metadata","Tracks commit history and git synchronization","Internal VCS objects",".git repository","KEEP (Do not delete if git version tracking is desired)","SAFE_TO_DELETE_IF_NOT_A_GIT_REPO","Git system internal tracking object; irrelevant to disease research data but essential for git functionality"
".git\objects\0d\2018c98ec7c9fac90762d72e9d7def1f619c45","2018c98ec7c9fac90762d72e9d7def1f619c45","",1230498,"I","P5","Git Version Control System","Git Internals","2026","N/A","N/A","Version Control Database Metadata (Blob / Commit / Log)","NO (VCS database internals)","Internal git database","VCS System Metadata","Tracks commit history and git synchronization","Internal VCS objects",".git repository","KEEP (Do not delete if git version tracking is desired)","SAFE_TO_DELETE_IF_NOT_A_GIT_REPO","Git system internal tracking object; irrelevant to disease research data but essential for git functionality"
".git\objects\0f\a06b33760f875bacc7ebff9e1d81c4b9a608ba","a06b33760f875bacc7ebff9e1d81c4b9a608ba","",988,"I","P5","Git Version Control System","Git Internals","2026","N/A","N/A","Version Control Database Metadata (Blob / Commit / Log)","NO (VCS database internals)","Internal git database","VCS System Metadata","Tracks commit history and git synchronization","Internal VCS objects",".git repository","KEEP (Do not delete if git version tracking is desired)","SAFE_TO_DELETE_IF_NOT_A_GIT_REPO","Git system internal tracking object; irrelevant to disease research data but essential for git functionality"
".git\objects\10\8b6887847d86df8fc84797cf3e43e675677171","8b6887847d86df8fc84797cf3e43e675677171","",772287,"I","P5","Git Version Control System","Git Internals","2026","N/A","N/A","Version Control Database Metadata (Blob / Commit / Log)","NO (VCS database internals)","Internal git database","VCS System Metadata","Tracks commit history and git synchronization","Internal VCS objects",".git repository","KEEP (Do not delete if git version tracking is desired)","SAFE_TO_DELETE_IF_NOT_A_GIT_REPO","Git system internal tracking object; irrelevant to disease research data but essential for git functionality"
".git\objects\10\c9a3c1c33298c15724aa0bc8f16b2ef8d945c4","c9a3c1c33298c15724aa0bc8f16b2ef8d945c4","",629584,"I","P5","Git Version Control System","Git Internals","2026","N/A","N/A","Version Control Database Metadata (Blob / Commit / Log)","NO (VCS database internals)","Internal git database","VCS System Metadata","Tracks commit history and git synchronization","Internal VCS objects",".git repository","KEEP (Do not delete if git version tracking is desired)","SAFE_TO_DELETE_IF_NOT_A_GIT_REPO","Git system internal tracking object; irrelevant to disease research data but essential for git functionality"
".git\objects\10\ecdd26472c9d0f01163f3175c7cc59f8eafd1f","ecdd26472c9d0f01163f3175c7cc59f8eafd1f","",797039,"I","P5","Git Version Control System","Git Internals","2026","N/A","N/A","Version Control Database Metadata (Blob / Commit / Log)","NO (VCS database internals)","Internal git database","VCS System Metadata","Tracks commit history and git synchronization","Internal VCS objects",".git repository","KEEP (Do not delete if git version tracking is desired)","SAFE_TO_DELETE_IF_NOT_A_GIT_REPO","Git system internal tracking object; irrelevant to disease research data but essential for git functionality"
".git\objects\10\ff4b8c496717edcfa7ea252316124e19a709b8","ff4b8c496717edcfa7ea252316124e19a709b8","",895071,"I","P5","Git Version Control System","Git Internals","2026","N/A","N/A","Version Control Database Metadata (Blob / Commit / Log)","NO (VCS database internals)","Internal git database","VCS System Metadata","Tracks commit history and git synchronization","Internal VCS objects",".git repository","KEEP (Do not delete if git version tracking is desired)","SAFE_TO_DELETE_IF_NOT_A_GIT_REPO","Git system internal tracking object; irrelevant to disease research data but essential for git functionality"
".git\objects\11\1d4e6bc79a2ee3e9af601950dc4d403f86011c","1d4e6bc79a2ee3e9af601950dc4d403f86011c","",1147380,"I","P5","Git Version Control System","Git Internals","2026","N/A","N/A","Version Control Database Metadata (Blob / Commit / Log)","NO (VCS database internals)","Internal git database","VCS System Metadata","Tracks commit history and git synchronization","Internal VCS objects",".git repository","KEEP (Do not delete if git version tracking is desired)","SAFE_TO_DELETE_IF_NOT_A_GIT_REPO","Git system internal tracking object; irrelevant to disease research data but essential for git functionality"
".git\objects\12\1d087c330f39b5496f80020da6a62e9d90d8ae","1d087c330f39b5496f80020da6a62e9d90d8ae","",165824,"I","P5","Git Version Control System","Git Internals","2026","N/A","N/A","Version Control Database Metadata (Blob / Commit / Log)","NO (VCS database internals)","Internal git database","VCS System Metadata","Tracks commit history and git synchronization","Internal VCS objects",".git repository","KEEP (Do not delete if git version tracking is desired)","SAFE_TO_DELETE_IF_NOT_A_GIT_REPO","Git system internal tracking object; irrelevant to disease research data but essential for git functionality"
".git\objects\12\f46cb33b400bb7707f86ac1390d8459794bc72","f46cb33b400bb7707f86ac1390d8459794bc72","",1403324,"I","P5","Git Version Control System","Git Internals","2026","N/A","N/A","Version Control Database Metadata (Blob / Commit / Log)","NO (VCS database internals)","Internal git database","VCS System Metadata","Tracks commit history and git synchronization","Internal VCS objects",".git repository","KEEP (Do not delete if git version tracking is desired)","SAFE_TO_DELETE_IF_NOT_A_GIT_REPO","Git system internal tracking object; irrelevant to disease research data but essential for git functionality"
".git\objects\13\5ecdaca1226fde838a920230244146560c43f7","5ecdaca1226fde838a920230244146560c43f7","",602913,"I","P5","Git Version Control System","Git Internals","2026","N/A","N/A","Version Control Database Metadata (Blob / Commit / Log)","NO (VCS database internals)","Internal git database","VCS System Metadata","Tracks commit history and git synchronization","Internal VCS objects",".git repository","KEEP (Do not delete if git version tracking is desired)","SAFE_TO_DELETE_IF_NOT_A_GIT_REPO","Git system internal tracking object; irrelevant to disease research data but essential for git functionality"
".git\objects\14\5476270e60f8bb1b3f80251887f7890f9b3bf9","5476270e60f8bb1b3f80251887f7890f9b3bf9","",608637,"I","P5","Git Version Control System","Git Internals","2026","N/A","N/A","Version Control Database Metadata (Blob / Commit / Log)","NO (VCS database internals)","Internal git database","VCS System Metadata","Tracks commit history and git synchronization","Internal VCS objects",".git repository","KEEP (Do not delete if git version tracking is desired)","SAFE_TO_DELETE_IF_NOT_A_GIT_REPO","Git system internal tracking object; irrelevant to disease research data but essential for git functionality"
".git\objects\14\d01af8c3eb20bb1491dcb4a33baa7d6d556270","d01af8c3eb20bb1491dcb4a33baa7d6d556270","",831610,"I","P5","Git Version Control System","Git Internals","2026","N/A","N/A","Version Control Database Metadata (Blob / Commit / Log)","NO (VCS database internals)","Internal git database","VCS System Metadata","Tracks commit history and git synchronization","Internal VCS objects",".git repository","KEEP (Do not delete if git version tracking is desired)","SAFE_TO_DELETE_IF_NOT_A_GIT_REPO","Git system internal tracking object; irrelevant to disease research data but essential for git functionality"
".git\objects\15\92bdca0db310fe795e4b51e5cd00d389a73267","92bdca0db310fe795e4b51e5cd00d389a73267","",347,"I","P5","Git Version Control System","Git Internals","2026","N/A","N/A","Version Control Database Metadata (Blob / Commit / Log)","NO (VCS database internals)","Internal git database","VCS System Metadata","Tracks commit history and git synchronization","Internal VCS objects",".git repository","KEEP (Do not delete if git version tracking is desired)","SAFE_TO_DELETE_IF_NOT_A_GIT_REPO","Git system internal tracking object; irrelevant to disease research data but essential for git functionality"
".git\objects\15\a0e987b31cb48ad7ca229b1c4a74ed0de37054","a0e987b31cb48ad7ca229b1c4a74ed0de37054","",78086,"I","P5","Git Version Control System","Git Internals","2026","N/A","N/A","Version Control Database Metadata (Blob / Commit / Log)","NO (VCS database internals)","Internal git database","VCS System Metadata","Tracks commit history and git synchronization","Internal VCS objects",".git repository","KEEP (Do not delete if git version tracking is desired)","SAFE_TO_DELETE_IF_NOT_A_GIT_REPO","Git system internal tracking object; irrelevant to disease research data but essential for git functionality"
".git\objects\16\1a0e966d9ffa4e6d650ace2419966c8ccf72b3","1a0e966d9ffa4e6d650ace2419966c8ccf72b3","",91590,"I","P5","Git Version Control System","Git Internals","2026","N/A","N/A","Version Control Database Metadata (Blob / Commit / Log)","NO (VCS database internals)","Internal git database","VCS System Metadata","Tracks commit history and git synchronization","Internal VCS objects",".git repository","KEEP (Do not delete if git version tracking is desired)","SAFE_TO_DELETE_IF_NOT_A_GIT_REPO","Git system internal tracking object; irrelevant to disease research data but essential for git functionality"
".git\objects\17\eba8a949f3bcc9c66671c77f0a47e92d1c11b2","eba8a949f3bcc9c66671c77f0a47e92d1c11b2","",558277,"I","P5","Git Version Control System","Git Internals","2026","N/A","N/A","Version Control Database Metadata (Blob / Commit / Log)","NO (VCS database internals)","Internal git database","VCS System Metadata","Tracks commit history and git synchronization","Internal VCS objects",".git repository","KEEP (Do not delete if git version tracking is desired)","SAFE_TO_DELETE_IF_NOT_A_GIT_REPO","Git system internal tracking object; irrelevant to disease research data but essential for git functionality"
".git\objects\18\2159ccd29f705b8616413871f6a44718ade52e","2159ccd29f705b8616413871f6a44718ade52e","",1096041,"I","P5","Git Version Control System","Git Internals","2026","N/A","N/A","Version Control Database Metadata (Blob / Commit / Log)","NO (VCS database internals)","Internal git database","VCS System Metadata","Tracks commit history and git synchronization","Internal VCS objects",".git repository","KEEP (Do not delete if git version tracking is desired)","SAFE_TO_DELETE_IF_NOT_A_GIT_REPO","Git system internal tracking object; irrelevant to disease research data but essential for git functionality"
".git\objects\18\3f9ddf8877b33c32b0cdbecc97d10a0afe0df8","3f9ddf8877b33c32b0cdbecc97d10a0afe0df8","",846315,"I","P5","Git Version Control System","Git Internals","2026","N/A","N/A","Version Control Database Metadata (Blob / Commit / Log)","NO (VCS database internals)","Internal git database","VCS System Metadata","Tracks commit history and git synchronization","Internal VCS objects",".git repository","KEEP (Do not delete if git version tracking is desired)","SAFE_TO_DELETE_IF_NOT_A_GIT_REPO","Git system internal tracking object; irrelevant to disease research data but essential for git functionality"
".git\objects\1a\7ae74f1b5e0f9a101dcb58396c26f65e768bc6","7ae74f1b5e0f9a101dcb58396c26f65e768bc6","",230,"I","P5","Git Version Control System","Git Internals","2026","N/A","N/A","Version Control Database Metadata (Blob / Commit / Log)","NO (VCS database internals)","Internal git database","VCS System Metadata","Tracks commit history and git synchronization","Internal VCS objects",".git repository","KEEP (Do not delete if git version tracking is desired)","SAFE_TO_DELETE_IF_NOT_A_GIT_REPO","Git system internal tracking object; irrelevant to disease research data but essential for git functionality"
".git\objects\1a\a624e5482653e62351a435c055777d44b32537","a624e5482653e62351a435c055777d44b32537","",1099802,"I","P5","Git Version Control System","Git Internals","2026","N/A","N/A","Version Control Database Metadata (Blob / Commit / Log)","NO (VCS database internals)","Internal git database","VCS System Metadata","Tracks commit history and git synchronization","Internal VCS objects",".git repository","KEEP (Do not delete if git version tracking is desired)","SAFE_TO_DELETE_IF_NOT_A_GIT_REPO","Git system internal tracking object; irrelevant to disease research data but essential for git functionality"
".git\objects\1d\62fc51e64358da5631dea41c0df411229ad584","62fc51e64358da5631dea41c0df411229ad584","",3071,"I","P5","Git Version Control System","Git Internals","2026","N/A","N/A","Version Control Database Metadata (Blob / Commit / Log)","NO (VCS database internals)","Internal git database","VCS System Metadata","Tracks commit history and git synchronization","Internal VCS objects",".git repository","KEEP (Do not delete if git version tracking is desired)","SAFE_TO_DELETE_IF_NOT_A_GIT_REPO","Git system internal tracking object; irrelevant to disease research data but essential for git functionality"
".git\objects\1e\0d745669a692518be104c40b7bc0afe7025d87","0d745669a692518be104c40b7bc0afe7025d87","",1172457,"I","P5","Git Version Control System","Git Internals","2026","N/A","N/A","Version Control Database Metadata (Blob / Commit / Log)","NO (VCS database internals)","Internal git database","VCS System Metadata","Tracks commit history and git synchronization","Internal VCS objects",".git repository","KEEP (Do not delete if git version tracking is desired)","SAFE_TO_DELETE_IF_NOT_A_GIT_REPO","Git system internal tracking object; irrelevant to disease research data but essential for git functionality"
".git\objects\1e\60674922432379c82f9f5f9fa2c1e3f938de08","60674922432379c82f9f5f9fa2c1e3f938de08","",1796,"I","P5","Git Version Control System","Git Internals","2026","N/A","N/A","Version Control Database Metadata (Blob / Commit / Log)","NO (VCS database internals)","Internal git database","VCS System Metadata","Tracks commit history and git synchronization","Internal VCS objects",".git repository","KEEP (Do not delete if git version tracking is desired)","SAFE_TO_DELETE_IF_NOT_A_GIT_REPO","Git system internal tracking object; irrelevant to disease research data but essential for git functionality"
".git\objects\1e\cef80988d0d187e2b0b2f87b306a6356495ce0","cef80988d0d187e2b0b2f87b306a6356495ce0","",1422,"I","P5","Git Version Control System","Git Internals","2026","N/A","N/A","Version Control Database Metadata (Blob / Commit / Log)","NO (VCS database internals)","Internal git database","VCS System Metadata","Tracks commit history and git synchronization","Internal VCS objects",".git repository","KEEP (Do not delete if git version tracking is desired)","SAFE_TO_DELETE_IF_NOT_A_GIT_REPO","Git system internal tracking object; irrelevant to disease research data but essential for git functionality"
".git\objects\21\740c74c33355b6bf0a27fddb3adcfe8156a422","740c74c33355b6bf0a27fddb3adcfe8156a422","",653471,"I","P5","Git Version Control System","Git Internals","2026","N/A","N/A","Version Control Database Metadata (Blob / Commit / Log)","NO (VCS database internals)","Internal git database","VCS System Metadata","Tracks commit history and git synchronization","Internal VCS objects",".git repository","KEEP (Do not delete if git version tracking is desired)","SAFE_TO_DELETE_IF_NOT_A_GIT_REPO","Git system internal tracking object; irrelevant to disease research data but essential for git functionality"
".git\objects\21\928f241645e978a109fae47f142ef9f6e53cb0","928f241645e978a109fae47f142ef9f6e53cb0","",852139,"I","P5","Git Version Control System","Git Internals","2026","N/A","N/A","Version Control Database Metadata (Blob / Commit / Log)","NO (VCS database internals)","Internal git database","VCS System Metadata","Tracks commit history and git synchronization","Internal VCS objects",".git repository","KEEP (Do not delete if git version tracking is desired)","SAFE_TO_DELETE_IF_NOT_A_GIT_REPO","Git system internal tracking object; irrelevant to disease research data but essential for git functionality"
".git\objects\21\a928c72894913a9bd07256f37d61956ac739bd","a928c72894913a9bd07256f37d61956ac739bd","",543247,"I","P5","Git Version Control System","Git Internals","2026","N/A","N/A","Version Control Database Metadata (Blob / Commit / Log)","NO (VCS database internals)","Internal git database","VCS System Metadata","Tracks commit history and git synchronization","Internal VCS objects",".git repository","KEEP (Do not delete if git version tracking is desired)","SAFE_TO_DELETE_IF_NOT_A_GIT_REPO","Git system internal tracking object; irrelevant to disease research data but essential for git functionality"
".git\objects\21\d3e820c837fb1ebaa4414894df0c50aff905d3","d3e820c837fb1ebaa4414894df0c50aff905d3","",362483,"I","P5","Git Version Control System","Git Internals","2026","N/A","N/A","Version Control Database Metadata (Blob / Commit / Log)","NO (VCS database internals)","Internal git database","VCS System Metadata","Tracks commit history and git synchronization","Internal VCS objects",".git repository","KEEP (Do not delete if git version tracking is desired)","SAFE_TO_DELETE_IF_NOT_A_GIT_REPO","Git system internal tracking object; irrelevant to disease research data but essential for git functionality"
".git\objects\21\dd9b2cd0b265806bdf15589721cc5254e1206b","dd9b2cd0b265806bdf15589721cc5254e1206b","",838977,"I","P5","Git Version Control System","Git Internals","2026","N/A","N/A","Version Control Database Metadata (Blob / Commit / Log)","NO (VCS database internals)","Internal git database","VCS System Metadata","Tracks commit history and git synchronization","Internal VCS objects",".git repository","KEEP (Do not delete if git version tracking is desired)","SAFE_TO_DELETE_IF_NOT_A_GIT_REPO","Git system internal tracking object; irrelevant to disease research data but essential for git functionality"
".git\objects\22\19011382e3dbc1857aa0ceb2db5cbe7cff775a","19011382e3dbc1857aa0ceb2db5cbe7cff775a","",736969,"I","P5","Git Version Control System","Git Internals","2026","N/A","N/A","Version Control Database Metadata (Blob / Commit / Log)","NO (VCS database internals)","Internal git database","VCS System Metadata","Tracks commit history and git synchronization","Internal VCS objects",".git repository","KEEP (Do not delete if git version tracking is desired)","SAFE_TO_DELETE_IF_NOT_A_GIT_REPO","Git system internal tracking object; irrelevant to disease research data but essential for git functionality"
".git\objects\24\0ba980713f6b305e5a9629c152e93d150fd8d2","0ba980713f6b305e5a9629c152e93d150fd8d2","",42502,"I","P5","Git Version Control System","Git Internals","2026","N/A","N/A","Version Control Database Metadata (Blob / Commit / Log)","NO (VCS database internals)","Internal git database","VCS System Metadata","Tracks commit history and git synchronization","Internal VCS objects",".git repository","KEEP (Do not delete if git version tracking is desired)","SAFE_TO_DELETE_IF_NOT_A_GIT_REPO","Git system internal tracking object; irrelevant to disease research data but essential for git functionality"
".git\objects\24\2c467d2f794ca1f150513395e2d5169bd42e85","2c467d2f794ca1f150513395e2d5169bd42e85","",293,"I","P5","Git Version Control System","Git Internals","2026","N/A","N/A","Version Control Database Metadata (Blob / Commit / Log)","NO (VCS database internals)","Internal git database","VCS System Metadata","Tracks commit history and git synchronization","Internal VCS objects",".git repository","KEEP (Do not delete if git version tracking is desired)","SAFE_TO_DELETE_IF_NOT_A_GIT_REPO","Git system internal tracking object; irrelevant to disease research data but essential for git functionality"
".git\objects\25\872414ce4709530d300784aa44708399681f0f","872414ce4709530d300784aa44708399681f0f","",664524,"I","P5","Git Version Control System","Git Internals","2026","N/A","N/A","Version Control Database Metadata (Blob / Commit / Log)","NO (VCS database internals)","Internal git database","VCS System Metadata","Tracks commit history and git synchronization","Internal VCS objects",".git repository","KEEP (Do not delete if git version tracking is desired)","SAFE_TO_DELETE_IF_NOT_A_GIT_REPO","Git system internal tracking object; irrelevant to disease research data but essential for git functionality"
".git\objects\25\afbf2175db23e2bac9a440d5c38cc4a8e7b7c1","afbf2175db23e2bac9a440d5c38cc4a8e7b7c1","",1229004,"I","P5","Git Version Control System","Git Internals","2026","N/A","N/A","Version Control Database Metadata (Blob / Commit / Log)","NO (VCS database internals)","Internal git database","VCS System Metadata","Tracks commit history and git synchronization","Internal VCS objects",".git repository","KEEP (Do not delete if git version tracking is desired)","SAFE_TO_DELETE_IF_NOT_A_GIT_REPO","Git system internal tracking object; irrelevant to disease research data but essential for git functionality"
".git\objects\27\464a2262232275f59bc404986c81f852f72d3c","464a2262232275f59bc404986c81f852f72d3c","",754699,"I","P5","Git Version Control System","Git Internals","2026","N/A","N/A","Version Control Database Metadata (Blob / Commit / Log)","NO (VCS database internals)","Internal git database","VCS System Metadata","Tracks commit history and git synchronization","Internal VCS objects",".git repository","KEEP (Do not delete if git version tracking is desired)","SAFE_TO_DELETE_IF_NOT_A_GIT_REPO","Git system internal tracking object; irrelevant to disease research data but essential for git functionality"
".git\objects\27\7b4a9cfaf8247d71c8fbb938023e310af675c8","7b4a9cfaf8247d71c8fbb938023e310af675c8","",1137176,"I","P5","Git Version Control System","Git Internals","2026","N/A","N/A","Version Control Database Metadata (Blob / Commit / Log)","NO (VCS database internals)","Internal git database","VCS System Metadata","Tracks commit history and git synchronization","Internal VCS objects",".git repository","KEEP (Do not delete if git version tracking is desired)","SAFE_TO_DELETE_IF_NOT_A_GIT_REPO","Git system internal tracking object; irrelevant to disease research data but essential for git functionality"
".git\objects\27\b3bda3ddd2181162bf314cc8820fc3f3c120f2","b3bda3ddd2181162bf314cc8820fc3f3c120f2","",383,"I","P5","Git Version Control System","Git Internals","2026","N/A","N/A","Version Control Database Metadata (Blob / Commit / Log)","NO (VCS database internals)","Internal git database","VCS System Metadata","Tracks commit history and git synchronization","Internal VCS objects",".git repository","KEEP (Do not delete if git version tracking is desired)","SAFE_TO_DELETE_IF_NOT_A_GIT_REPO","Git system internal tracking object; irrelevant to disease research data but essential for git functionality"
".git\objects\29\4597d5e35bff004ee7eee0465760227cee80e7","4597d5e35bff004ee7eee0465760227cee80e7","",981345,"I","P5","Git Version Control System","Git Internals","2026","N/A","N/A","Version Control Database Metadata (Blob / Commit / Log)","NO (VCS database internals)","Internal git database","VCS System Metadata","Tracks commit history and git synchronization","Internal VCS objects",".git repository","KEEP (Do not delete if git version tracking is desired)","SAFE_TO_DELETE_IF_NOT_A_GIT_REPO","Git system internal tracking object; irrelevant to disease research data but essential for git functionality"
".git\objects\29\625ef0f4a9e0ebf596b111732b6f04d111dfe6","625ef0f4a9e0ebf596b111732b6f04d111dfe6","",4850,"I","P5","Git Version Control System","Git Internals","2026","N/A","N/A","Version Control Database Metadata (Blob / Commit / Log)","NO (VCS database internals)","Internal git database","VCS System Metadata","Tracks commit history and git synchronization","Internal VCS objects",".git repository","KEEP (Do not delete if git version tracking is desired)","SAFE_TO_DELETE_IF_NOT_A_GIT_REPO","Git system internal tracking object; irrelevant to disease research data but essential for git functionality"
".git\objects\29\d5a070068756e721d15d5ad8a2e1cdd820103c","d5a070068756e721d15d5ad8a2e1cdd820103c","",784117,"I","P5","Git Version Control System","Git Internals","2026","N/A","N/A","Version Control Database Metadata (Blob / Commit / Log)","NO (VCS database internals)","Internal git database","VCS System Metadata","Tracks commit history and git synchronization","Internal VCS objects",".git repository","KEEP (Do not delete if git version tracking is desired)","SAFE_TO_DELETE_IF_NOT_A_GIT_REPO","Git system internal tracking object; irrelevant to disease research data but essential for git functionality"
".git\objects\2a\83de03ee369298eb300ce8ebf885c96f33ee33","83de03ee369298eb300ce8ebf885c96f33ee33","",643719,"I","P5","Git Version Control System","Git Internals","2026","N/A","N/A","Version Control Database Metadata (Blob / Commit / Log)","NO (VCS database internals)","Internal git database","VCS System Metadata","Tracks commit history and git synchronization","Internal VCS objects",".git repository","KEEP (Do not delete if git version tracking is desired)","SAFE_TO_DELETE_IF_NOT_A_GIT_REPO","Git system internal tracking object; irrelevant to disease research data but essential for git functionality"
".git\objects\2b\cee6a1c77342160e733d4f7dfddc123007f9fe","cee6a1c77342160e733d4f7dfddc123007f9fe","",701035,"I","P5","Git Version Control System","Git Internals","2026","N/A","N/A","Version Control Database Metadata (Blob / Commit / Log)","NO (VCS database internals)","Internal git database","VCS System Metadata","Tracks commit history and git synchronization","Internal VCS objects",".git repository","KEEP (Do not delete if git version tracking is desired)","SAFE_TO_DELETE_IF_NOT_A_GIT_REPO","Git system internal tracking object; irrelevant to disease research data but essential for git functionality"
".git\objects\2c\556ab66224c1cb36515c71c4baf2ec796c5638","556ab66224c1cb36515c71c4baf2ec796c5638","",676065,"I","P5","Git Version Control System","Git Internals","2026","N/A","N/A","Version Control Database Metadata (Blob / Commit / Log)","NO (VCS database internals)","Internal git database","VCS System Metadata","Tracks commit history and git synchronization","Internal VCS objects",".git repository","KEEP (Do not delete if git version tracking is desired)","SAFE_TO_DELETE_IF_NOT_A_GIT_REPO","Git system internal tracking object; irrelevant to disease research data but essential for git functionality"
".git\objects\2d\b2ec5e70e14c29655e094cc17b1f3a6f6d51b3","b2ec5e70e14c29655e094cc17b1f3a6f6d51b3","",9589,"I","P5","Git Version Control System","Git Internals","2026","N/A","N/A","Version Control Database Metadata (Blob / Commit / Log)","NO (VCS database internals)","Internal git database","VCS System Metadata","Tracks commit history and git synchronization","Internal VCS objects",".git repository","KEEP (Do not delete if git version tracking is desired)","SAFE_TO_DELETE_IF_NOT_A_GIT_REPO","Git system internal tracking object; irrelevant to disease research data but essential for git functionality"
".git\objects\2e\261c4ba2d6ccd045d99f4fd4226819da6f0f5c","261c4ba2d6ccd045d99f4fd4226819da6f0f5c","",531962,"I","P5","Git Version Control System","Git Internals","2026","N/A","N/A","Version Control Database Metadata (Blob / Commit / Log)","NO (VCS database internals)","Internal git database","VCS System Metadata","Tracks commit history and git synchronization","Internal VCS objects",".git repository","KEEP (Do not delete if git version tracking is desired)","SAFE_TO_DELETE_IF_NOT_A_GIT_REPO","Git system internal tracking object; irrelevant to disease research data but essential for git functionality"
".git\objects\2e\9aec6b6492f0fa7c1ff7dbe422b508593e7680","9aec6b6492f0fa7c1ff7dbe422b508593e7680","",1031808,"I","P5","Git Version Control System","Git Internals","2026","N/A","N/A","Version Control Database Metadata (Blob / Commit / Log)","NO (VCS database internals)","Internal git database","VCS System Metadata","Tracks commit history and git synchronization","Internal VCS objects",".git repository","KEEP (Do not delete if git version tracking is desired)","SAFE_TO_DELETE_IF_NOT_A_GIT_REPO","Git system internal tracking object; irrelevant to disease research data but essential for git functionality"
".git\objects\2f\0ad1e37de12bf712ef7aa5f220eb2238fdfe7c","0ad1e37de12bf712ef7aa5f220eb2238fdfe7c","",436629,"I","P5","Git Version Control System","Git Internals","2026","N/A","N/A","Version Control Database Metadata (Blob / Commit / Log)","NO (VCS database internals)","Internal git database","VCS System Metadata","Tracks commit history and git synchronization","Internal VCS objects",".git repository","KEEP (Do not delete if git version tracking is desired)","SAFE_TO_DELETE_IF_NOT_A_GIT_REPO","Git system internal tracking object; irrelevant to disease research data but essential for git functionality"
".git\objects\31\59ba895f6cf10c166069dbf2ed7e6726f60a37","59ba895f6cf10c166069dbf2ed7e6726f60a37","",803731,"I","P5","Git Version Control System","Git Internals","2026","N/A","N/A","Version Control Database Metadata (Blob / Commit / Log)","NO (VCS database internals)","Internal git database","VCS System Metadata","Tracks commit history and git synchronization","Internal VCS objects",".git repository","KEEP (Do not delete if git version tracking is desired)","SAFE_TO_DELETE_IF_NOT_A_GIT_REPO","Git system internal tracking object; irrelevant to disease research data but essential for git functionality"
".git\objects\31\f1f1dee06c1718cea651a52c4c300399d9cbe2","f1f1dee06c1718cea651a52c4c300399d9cbe2","",1091842,"I","P5","Git Version Control System","Git Internals","2026","N/A","N/A","Version Control Database Metadata (Blob / Commit / Log)","NO (VCS database internals)","Internal git database","VCS System Metadata","Tracks commit history and git synchronization","Internal VCS objects",".git repository","KEEP (Do not delete if git version tracking is desired)","SAFE_TO_DELETE_IF_NOT_A_GIT_REPO","Git system internal tracking object; irrelevant to disease research data but essential for git functionality"
".git\objects\32\56d5b0feb6220dd0c738398138513a6aec4f20","56d5b0feb6220dd0c738398138513a6aec4f20","",955768,"I","P5","Git Version Control System","Git Internals","2026","N/A","N/A","Version Control Database Metadata (Blob / Commit / Log)","NO (VCS database internals)","Internal git database","VCS System Metadata","Tracks commit history and git synchronization","Internal VCS objects",".git repository","KEEP (Do not delete if git version tracking is desired)","SAFE_TO_DELETE_IF_NOT_A_GIT_REPO","Git system internal tracking object; irrelevant to disease research data but essential for git functionality"
".git\objects\32\86a8462a7f33272659aa678236d971c8c7ed73","86a8462a7f33272659aa678236d971c8c7ed73","",141,"I","P5","Git Version Control System","Git Internals","2026","N/A","N/A","Version Control Database Metadata (Blob / Commit / Log)","NO (VCS database internals)","Internal git database","VCS System Metadata","Tracks commit history and git synchronization","Internal VCS objects",".git repository","KEEP (Do not delete if git version tracking is desired)","SAFE_TO_DELETE_IF_NOT_A_GIT_REPO","Git system internal tracking object; irrelevant to disease research data but essential for git functionality"
".git\objects\33\38e7342efb3a5487c5b1297142ba5c298dfe04","38e7342efb3a5487c5b1297142ba5c298dfe04","",1633,"I","P5","Git Version Control System","Git Internals","2026","N/A","N/A","Version Control Database Metadata (Blob / Commit / Log)","NO (VCS database internals)","Internal git database","VCS System Metadata","Tracks commit history and git synchronization","Internal VCS objects",".git repository","KEEP (Do not delete if git version tracking is desired)","SAFE_TO_DELETE_IF_NOT_A_GIT_REPO","Git system internal tracking object; irrelevant to disease research data but essential for git functionality"
".git\objects\33\bce06bbae9143c9a08a5e55278bb4a10c17856","bce06bbae9143c9a08a5e55278bb4a10c17856","",1689,"I","P5","Git Version Control System","Git Internals","2026","N/A","N/A","Version Control Database Metadata (Blob / Commit / Log)","NO (VCS database internals)","Internal git database","VCS System Metadata","Tracks commit history and git synchronization","Internal VCS objects",".git repository","KEEP (Do not delete if git version tracking is desired)","SAFE_TO_DELETE_IF_NOT_A_GIT_REPO","Git system internal tracking object; irrelevant to disease research data but essential for git functionality"
".git\objects\34\46a555747daa207d9f846440c39a179f427821","46a555747daa207d9f846440c39a179f427821","",538425,"I","P5","Git Version Control System","Git Internals","2026","N/A","N/A","Version Control Database Metadata (Blob / Commit / Log)","NO (VCS database internals)","Internal git database","VCS System Metadata","Tracks commit history and git synchronization","Internal VCS objects",".git repository","KEEP (Do not delete if git version tracking is desired)","SAFE_TO_DELETE_IF_NOT_A_GIT_REPO","Git system internal tracking object; irrelevant to disease research data but essential for git functionality"
".git\objects\34\81273af1d7177a2e3c0ce08246ef2a015fb410","81273af1d7177a2e3c0ce08246ef2a015fb410","",1084658,"I","P5","Git Version Control System","Git Internals","2026","N/A","N/A","Version Control Database Metadata (Blob / Commit / Log)","NO (VCS database internals)","Internal git database","VCS System Metadata","Tracks commit history and git synchronization","Internal VCS objects",".git repository","KEEP (Do not delete if git version tracking is desired)","SAFE_TO_DELETE_IF_NOT_A_GIT_REPO","Git system internal tracking object; irrelevant to disease research data but essential for git functionality"
".git\objects\34\de27155ee068219d0a5703a86bb198f0910b89","de27155ee068219d0a5703a86bb198f0910b89","",583,"I","P5","Git Version Control System","Git Internals","2026","N/A","N/A","Version Control Database Metadata (Blob / Commit / Log)","NO (VCS database internals)","Internal git database","VCS System Metadata","Tracks commit history and git synchronization","Internal VCS objects",".git repository","KEEP (Do not delete if git version tracking is desired)","SAFE_TO_DELETE_IF_NOT_A_GIT_REPO","Git system internal tracking object; irrelevant to disease research data but essential for git functionality"
".git\objects\35\4b0a2a5ccef1a23938327db2395b2ecb553857","4b0a2a5ccef1a23938327db2395b2ecb553857","",661514,"I","P5","Git Version Control System","Git Internals","2026","N/A","N/A","Version Control Database Metadata (Blob / Commit / Log)","NO (VCS database internals)","Internal git database","VCS System Metadata","Tracks commit history and git synchronization","Internal VCS objects",".git repository","KEEP (Do not delete if git version tracking is desired)","SAFE_TO_DELETE_IF_NOT_A_GIT_REPO","Git system internal tracking object; irrelevant to disease research data but essential for git functionality"
".git\objects\36\0a3489472108b866c76a767c5d5ee784e613b5","0a3489472108b866c76a767c5d5ee784e613b5","",1850485,"I","P5","Git Version Control System","Git Internals","2026","N/A","N/A","Version Control Database Metadata (Blob / Commit / Log)","NO (VCS database internals)","Internal git database","VCS System Metadata","Tracks commit history and git synchronization","Internal VCS objects",".git repository","KEEP (Do not delete if git version tracking is desired)","SAFE_TO_DELETE_IF_NOT_A_GIT_REPO","Git system internal tracking object; irrelevant to disease research data but essential for git functionality"
".git\objects\36\59c355cc6aa24be8905013c967b568e7060aad","59c355cc6aa24be8905013c967b568e7060aad","",410837,"I","P5","Git Version Control System","Git Internals","2026","N/A","N/A","Version Control Database Metadata (Blob / Commit / Log)","NO (VCS database internals)","Internal git database","VCS System Metadata","Tracks commit history and git synchronization","Internal VCS objects",".git repository","KEEP (Do not delete if git version tracking is desired)","SAFE_TO_DELETE_IF_NOT_A_GIT_REPO","Git system internal tracking object; irrelevant to disease research data but essential for git functionality"
".git\objects\36\b42a776afcc4ae044e0810895ca7ae1bb8e0fd","b42a776afcc4ae044e0810895ca7ae1bb8e0fd","",571583,"I","P5","Git Version Control System","Git Internals","2026","N/A","N/A","Version Control Database Metadata (Blob / Commit / Log)","NO (VCS database internals)","Internal git database","VCS System Metadata","Tracks commit history and git synchronization","Internal VCS objects",".git repository","KEEP (Do not delete if git version tracking is desired)","SAFE_TO_DELETE_IF_NOT_A_GIT_REPO","Git system internal tracking object; irrelevant to disease research data but essential for git functionality"
".git\objects\37\2e0e544cd4e44497fa264acc6995ddcf70fa81","2e0e544cd4e44497fa264acc6995ddcf70fa81","",1079442,"I","P5","Git Version Control System","Git Internals","2026","N/A","N/A","Version Control Database Metadata (Blob / Commit / Log)","NO (VCS database internals)","Internal git database","VCS System Metadata","Tracks commit history and git synchronization","Internal VCS objects",".git repository","KEEP (Do not delete if git version tracking is desired)","SAFE_TO_DELETE_IF_NOT_A_GIT_REPO","Git system internal tracking object; irrelevant to disease research data but essential for git functionality"
".git\objects\37\9446b928174d495ac6e0ccc1acfdeda90e595d","9446b928174d495ac6e0ccc1acfdeda90e595d","",921458,"I","P5","Git Version Control System","Git Internals","2026","N/A","N/A","Version Control Database Metadata (Blob / Commit / Log)","NO (VCS database internals)","Internal git database","VCS System Metadata","Tracks commit history and git synchronization","Internal VCS objects",".git repository","KEEP (Do not delete if git version tracking is desired)","SAFE_TO_DELETE_IF_NOT_A_GIT_REPO","Git system internal tracking object; irrelevant to disease research data but essential for git functionality"
".git\objects\37\c13a15b0c3092025bc4b9e58ec49e2048ee7b4","c13a15b0c3092025bc4b9e58ec49e2048ee7b4","",1023036,"I","P5","Git Version Control System","Git Internals","2026","N/A","N/A","Version Control Database Metadata (Blob / Commit / Log)","NO (VCS database internals)","Internal git database","VCS System Metadata","Tracks commit history and git synchronization","Internal VCS objects",".git repository","KEEP (Do not delete if git version tracking is desired)","SAFE_TO_DELETE_IF_NOT_A_GIT_REPO","Git system internal tracking object; irrelevant to disease research data but essential for git functionality"
".git\objects\38\2de7a1492595f6aef15d31fa27bc11b974c7df","2de7a1492595f6aef15d31fa27bc11b974c7df","",1139389,"I","P5","Git Version Control System","Git Internals","2026","N/A","N/A","Version Control Database Metadata (Blob / Commit / Log)","NO (VCS database internals)","Internal git database","VCS System Metadata","Tracks commit history and git synchronization","Internal VCS objects",".git repository","KEEP (Do not delete if git version tracking is desired)","SAFE_TO_DELETE_IF_NOT_A_GIT_REPO","Git system internal tracking object; irrelevant to disease research data but essential for git functionality"
".git\objects\38\79c5e7c6dadf86a41dae4524a8ade61d2dfa55","79c5e7c6dadf86a41dae4524a8ade61d2dfa55","",563279,"I","P5","Git Version Control System","Git Internals","2026","N/A","N/A","Version Control Database Metadata (Blob / Commit / Log)","NO (VCS database internals)","Internal git database","VCS System Metadata","Tracks commit history and git synchronization","Internal VCS objects",".git repository","KEEP (Do not delete if git version tracking is desired)","SAFE_TO_DELETE_IF_NOT_A_GIT_REPO","Git system internal tracking object; irrelevant to disease research data but essential for git functionality"
".git\objects\38\b17c26f28d49e78551df39f4167a07bc548245","b17c26f28d49e78551df39f4167a07bc548245","",2450,"I","P5","Git Version Control System","Git Internals","2026","N/A","N/A","Version Control Database Metadata (Blob / Commit / Log)","NO (VCS database internals)","Internal git database","VCS System Metadata","Tracks commit history and git synchronization","Internal VCS objects",".git repository","KEEP (Do not delete if git version tracking is desired)","SAFE_TO_DELETE_IF_NOT_A_GIT_REPO","Git system internal tracking object; irrelevant to disease research data but essential for git functionality"
".git\objects\39\454e433ad8529086aa1beaa1ca3f47390b29ad","454e433ad8529086aa1beaa1ca3f47390b29ad","",821259,"I","P5","Git Version Control System","Git Internals","2026","N/A","N/A","Version Control Database Metadata (Blob / Commit / Log)","NO (VCS database internals)","Internal git database","VCS System Metadata","Tracks commit history and git synchronization","Internal VCS objects",".git repository","KEEP (Do not delete if git version tracking is desired)","SAFE_TO_DELETE_IF_NOT_A_GIT_REPO","Git system internal tracking object; irrelevant to disease research data but essential for git functionality"
".git\objects\39\a0829e899abc99ff14fa573abba108fa2e6a67","a0829e899abc99ff14fa573abba108fa2e6a67","",839243,"I","P5","Git Version Control System","Git Internals","2026","N/A","N/A","Version Control Database Metadata (Blob / Commit / Log)","NO (VCS database internals)","Internal git database","VCS System Metadata","Tracks commit history and git synchronization","Internal VCS objects",".git repository","KEEP (Do not delete if git version tracking is desired)","SAFE_TO_DELETE_IF_NOT_A_GIT_REPO","Git system internal tracking object; irrelevant to disease research data but essential for git functionality"
".git\objects\3b\0d3d5d38e49b807db9135031e092abe75e97e2","0d3d5d38e49b807db9135031e092abe75e97e2","",716308,"I","P5","Git Version Control System","Git Internals","2026","N/A","N/A","Version Control Database Metadata (Blob / Commit / Log)","NO (VCS database internals)","Internal git database","VCS System Metadata","Tracks commit history and git synchronization","Internal VCS objects",".git repository","KEEP (Do not delete if git version tracking is desired)","SAFE_TO_DELETE_IF_NOT_A_GIT_REPO","Git system internal tracking object; irrelevant to disease research data but essential for git functionality"
".git\objects\3b\3c032733c52993a79af9e595dc4250fe3100de","3c032733c52993a79af9e595dc4250fe3100de","",275,"I","P5","Git Version Control System","Git Internals","2026","N/A","N/A","Version Control Database Metadata (Blob / Commit / Log)","NO (VCS database internals)","Internal git database","VCS System Metadata","Tracks commit history and git synchronization","Internal VCS objects",".git repository","KEEP (Do not delete if git version tracking is desired)","SAFE_TO_DELETE_IF_NOT_A_GIT_REPO","Git system internal tracking object; irrelevant to disease research data but essential for git functionality"
".git\objects\3b\c6184aa93e0d3204dc9d4547bf635cc11e553d","c6184aa93e0d3204dc9d4547bf635cc11e553d","",571621,"I","P5","Git Version Control System","Git Internals","2026","N/A","N/A","Version Control Database Metadata (Blob / Commit / Log)","NO (VCS database internals)","Internal git database","VCS System Metadata","Tracks commit history and git synchronization","Internal VCS objects",".git repository","KEEP (Do not delete if git version tracking is desired)","SAFE_TO_DELETE_IF_NOT_A_GIT_REPO","Git system internal tracking object; irrelevant to disease research data but essential for git functionality"
".git\objects\3c\5937da4e2cd957c39099ff897b17430e89c130","5937da4e2cd957c39099ff897b17430e89c130","",804880,"I","P5","Git Version Control System","Git Internals","2026","N/A","N/A","Version Control Database Metadata (Blob / Commit / Log)","NO (VCS database internals)","Internal git database","VCS System Metadata","Tracks commit history and git synchronization","Internal VCS objects",".git repository","KEEP (Do not delete if git version tracking is desired)","SAFE_TO_DELETE_IF_NOT_A_GIT_REPO","Git system internal tracking object; irrelevant to disease research data but essential for git functionality"
".git\objects\3d\4dfd81dac7f45bb295e69707559202b35b1a70","4dfd81dac7f45bb295e69707559202b35b1a70","",704258,"I","P5","Git Version Control System","Git Internals","2026","N/A","N/A","Version Control Database Metadata (Blob / Commit / Log)","NO (VCS database internals)","Internal git database","VCS System Metadata","Tracks commit history and git synchronization","Internal VCS objects",".git repository","KEEP (Do not delete if git version tracking is desired)","SAFE_TO_DELETE_IF_NOT_A_GIT_REPO","Git system internal tracking object; irrelevant to disease research data but essential for git functionality"
".git\objects\3d\4e878057a8ad176bdbf430b915ba4a9273fb22","4e878057a8ad176bdbf430b915ba4a9273fb22","",130076,"I","P5","Git Version Control System","Git Internals","2026","N/A","N/A","Version Control Database Metadata (Blob / Commit / Log)","NO (VCS database internals)","Internal git database","VCS System Metadata","Tracks commit history and git synchronization","Internal VCS objects",".git repository","KEEP (Do not delete if git version tracking is desired)","SAFE_TO_DELETE_IF_NOT_A_GIT_REPO","Git system internal tracking object; irrelevant to disease research data but essential for git functionality"
".git\objects\3d\ebd9ba29cb22c04104f57846bb806a93e33415","ebd9ba29cb22c04104f57846bb806a93e33415","",1039755,"I","P5","Git Version Control System","Git Internals","2026","N/A","N/A","Version Control Database Metadata (Blob / Commit / Log)","NO (VCS database internals)","Internal git database","VCS System Metadata","Tracks commit history and git synchronization","Internal VCS objects",".git repository","KEEP (Do not delete if git version tracking is desired)","SAFE_TO_DELETE_IF_NOT_A_GIT_REPO","Git system internal tracking object; irrelevant to disease research data but essential for git functionality"
".git\objects\3d\fe37c6755e9a456f81a36b5aa85a4b8352a603","fe37c6755e9a456f81a36b5aa85a4b8352a603","",860227,"I","P5","Git Version Control System","Git Internals","2026","N/A","N/A","Version Control Database Metadata (Blob / Commit / Log)","NO (VCS database internals)","Internal git database","VCS System Metadata","Tracks commit history and git synchronization","Internal VCS objects",".git repository","KEEP (Do not delete if git version tracking is desired)","SAFE_TO_DELETE_IF_NOT_A_GIT_REPO","Git system internal tracking object; irrelevant to disease research data but essential for git functionality"
".git\objects\3e\737beb25e61499fa5690733f372969c6fbc7b8","737beb25e61499fa5690733f372969c6fbc7b8","",1001297,"I","P5","Git Version Control System","Git Internals","2026","N/A","N/A","Version Control Database Metadata (Blob / Commit / Log)","NO (VCS database internals)","Internal git database","VCS System Metadata","Tracks commit history and git synchronization","Internal VCS objects",".git repository","KEEP (Do not delete if git version tracking is desired)","SAFE_TO_DELETE_IF_NOT_A_GIT_REPO","Git system internal tracking object; irrelevant to disease research data but essential for git functionality"
".git\objects\3e\976aa7b0283a08fbb423e218cbd366759eeeb1","976aa7b0283a08fbb423e218cbd366759eeeb1","",1055271,"I","P5","Git Version Control System","Git Internals","2026","N/A","N/A","Version Control Database Metadata (Blob / Commit / Log)","NO (VCS database internals)","Internal git database","VCS System Metadata","Tracks commit history and git synchronization","Internal VCS objects",".git repository","KEEP (Do not delete if git version tracking is desired)","SAFE_TO_DELETE_IF_NOT_A_GIT_REPO","Git system internal tracking object; irrelevant to disease research data but essential for git functionality"
".git\objects\40\e4ba3e6c2c12c0e5bcd22080908c4b8e0fc65f","e4ba3e6c2c12c0e5bcd22080908c4b8e0fc65f","",680094,"I","P5","Git Version Control System","Git Internals","2026","N/A","N/A","Version Control Database Metadata (Blob / Commit / Log)","NO (VCS database internals)","Internal git database","VCS System Metadata","Tracks commit history and git synchronization","Internal VCS objects",".git repository","KEEP (Do not delete if git version tracking is desired)","SAFE_TO_DELETE_IF_NOT_A_GIT_REPO","Git system internal tracking object; irrelevant to disease research data but essential for git functionality"
".git\objects\41\946ba4e51572520ef7ca471179df85364b0b7a","946ba4e51572520ef7ca471179df85364b0b7a","",165,"I","P5","Git Version Control System","Git Internals","2026","N/A","N/A","Version Control Database Metadata (Blob / Commit / Log)","NO (VCS database internals)","Internal git database","VCS System Metadata","Tracks commit history and git synchronization","Internal VCS objects",".git repository","KEEP (Do not delete if git version tracking is desired)","SAFE_TO_DELETE_IF_NOT_A_GIT_REPO","Git system internal tracking object; irrelevant to disease research data but essential for git functionality"
".git\objects\41\cac08f799f7e5036e4e60fefb574c721951e97","cac08f799f7e5036e4e60fefb574c721951e97","",92077,"I","P5","Git Version Control System","Git Internals","2026","N/A","N/A","Version Control Database Metadata (Blob / Commit / Log)","NO (VCS database internals)","Internal git database","VCS System Metadata","Tracks commit history and git synchronization","Internal VCS objects",".git repository","KEEP (Do not delete if git version tracking is desired)","SAFE_TO_DELETE_IF_NOT_A_GIT_REPO","Git system internal tracking object; irrelevant to disease research data but essential for git functionality"
".git\objects\42\785a6b3101e210777b9515cbfa542afc927bb9","785a6b3101e210777b9515cbfa542afc927bb9","",1352,"I","P5","Git Version Control System","Git Internals","2026","N/A","N/A","Version Control Database Metadata (Blob / Commit / Log)","NO (VCS database internals)","Internal git database","VCS System Metadata","Tracks commit history and git synchronization","Internal VCS objects",".git repository","KEEP (Do not delete if git version tracking is desired)","SAFE_TO_DELETE_IF_NOT_A_GIT_REPO","Git system internal tracking object; irrelevant to disease research data but essential for git functionality"
".git\objects\42\e30be917e75121b8af1f78affd69e44a598ce6","e30be917e75121b8af1f78affd69e44a598ce6","",183,"I","P5","Git Version Control System","Git Internals","2026","N/A","N/A","Version Control Database Metadata (Blob / Commit / Log)","NO (VCS database internals)","Internal git database","VCS System Metadata","Tracks commit history and git synchronization","Internal VCS objects",".git repository","KEEP (Do not delete if git version tracking is desired)","SAFE_TO_DELETE_IF_NOT_A_GIT_REPO","Git system internal tracking object; irrelevant to disease research data but essential for git functionality"
".git\objects\43\3cf584eaa450ebd8f9aee83f88adc2e0a3d04c","3cf584eaa450ebd8f9aee83f88adc2e0a3d04c","",780921,"I","P5","Git Version Control System","Git Internals","2026","N/A","N/A","Version Control Database Metadata (Blob / Commit / Log)","NO (VCS database internals)","Internal git database","VCS System Metadata","Tracks commit history and git synchronization","Internal VCS objects",".git repository","KEEP (Do not delete if git version tracking is desired)","SAFE_TO_DELETE_IF_NOT_A_GIT_REPO","Git system internal tracking object; irrelevant to disease research data but essential for git functionality"
".git\objects\43\eb65c95f4fe7fd5ac6725f0232ef5be78bc994","eb65c95f4fe7fd5ac6725f0232ef5be78bc994","",764976,"I","P5","Git Version Control System","Git Internals","2026","N/A","N/A","Version Control Database Metadata (Blob / Commit / Log)","NO (VCS database internals)","Internal git database","VCS System Metadata","Tracks commit history and git synchronization","Internal VCS objects",".git repository","KEEP (Do not delete if git version tracking is desired)","SAFE_TO_DELETE_IF_NOT_A_GIT_REPO","Git system internal tracking object; irrelevant to disease research data but essential for git functionality"
".git\objects\46\245867ef21d806394906f5d3324dacea854ec5","245867ef21d806394906f5d3324dacea854ec5","",1454,"I","P5","Git Version Control System","Git Internals","2026","N/A","N/A","Version Control Database Metadata (Blob / Commit / Log)","NO (VCS database internals)","Internal git database","VCS System Metadata","Tracks commit history and git synchronization","Internal VCS objects",".git repository","KEEP (Do not delete if git version tracking is desired)","SAFE_TO_DELETE_IF_NOT_A_GIT_REPO","Git system internal tracking object; irrelevant to disease research data but essential for git functionality"
".git\objects\46\6b3167f9d92ac50af28775cd7f135325e5b033","6b3167f9d92ac50af28775cd7f135325e5b033","",570986,"I","P5","Git Version Control System","Git Internals","2026","N/A","N/A","Version Control Database Metadata (Blob / Commit / Log)","NO (VCS database internals)","Internal git database","VCS System Metadata","Tracks commit history and git synchronization","Internal VCS objects",".git repository","KEEP (Do not delete if git version tracking is desired)","SAFE_TO_DELETE_IF_NOT_A_GIT_REPO","Git system internal tracking object; irrelevant to disease research data but essential for git functionality"
".git\objects\48\db3bd7425c1388b580e94855d72dc337b3efb5","db3bd7425c1388b580e94855d72dc337b3efb5","",18044,"I","P5","Git Version Control System","Git Internals","2026","N/A","N/A","Version Control Database Metadata (Blob / Commit / Log)","NO (VCS database internals)","Internal git database","VCS System Metadata","Tracks commit history and git synchronization","Internal VCS objects",".git repository","KEEP (Do not delete if git version tracking is desired)","SAFE_TO_DELETE_IF_NOT_A_GIT_REPO","Git system internal tracking object; irrelevant to disease research data but essential for git functionality"
".git\objects\49\31329e2d463a8f5888ce1a1b1290643394e0cf","31329e2d463a8f5888ce1a1b1290643394e0cf","",124142,"I","P5","Git Version Control System","Git Internals","2026","N/A","N/A","Version Control Database Metadata (Blob / Commit / Log)","NO (VCS database internals)","Internal git database","VCS System Metadata","Tracks commit history and git synchronization","Internal VCS objects",".git repository","KEEP (Do not delete if git version tracking is desired)","SAFE_TO_DELETE_IF_NOT_A_GIT_REPO","Git system internal tracking object; irrelevant to disease research data but essential for git functionality"
".git\objects\49\e5b09e4e6f9bdb6e2dd317bf6b882543a4bb4c","e5b09e4e6f9bdb6e2dd317bf6b882543a4bb4c","",1026679,"I","P5","Git Version Control System","Git Internals","2026","N/A","N/A","Version Control Database Metadata (Blob / Commit / Log)","NO (VCS database internals)","Internal git database","VCS System Metadata","Tracks commit history and git synchronization","Internal VCS objects",".git repository","KEEP (Do not delete if git version tracking is desired)","SAFE_TO_DELETE_IF_NOT_A_GIT_REPO","Git system internal tracking object; irrelevant to disease research data but essential for git functionality"
".git\objects\4a\2b92cd66a5c872a27eb3005d1d881595165123","2b92cd66a5c872a27eb3005d1d881595165123","",663348,"I","P5","Git Version Control System","Git Internals","2026","N/A","N/A","Version Control Database Metadata (Blob / Commit / Log)","NO (VCS database internals)","Internal git database","VCS System Metadata","Tracks commit history and git synchronization","Internal VCS objects",".git repository","KEEP (Do not delete if git version tracking is desired)","SAFE_TO_DELETE_IF_NOT_A_GIT_REPO","Git system internal tracking object; irrelevant to disease research data but essential for git functionality"
".git\objects\4a\f8ad1bb35b6b44be5ab0c1af38a6920c7c7246","f8ad1bb35b6b44be5ab0c1af38a6920c7c7246","",3383916,"I","P5","Git Version Control System","Git Internals","2026","N/A","N/A","Version Control Database Metadata (Blob / Commit / Log)","NO (VCS database internals)","Internal git database","VCS System Metadata","Tracks commit history and git synchronization","Internal VCS objects",".git repository","KEEP (Do not delete if git version tracking is desired)","SAFE_TO_DELETE_IF_NOT_A_GIT_REPO","Git system internal tracking object; irrelevant to disease research data but essential for git functionality"
".git\objects\4b\81655a84efd2262fae9dd058933ed0b64ae16b","81655a84efd2262fae9dd058933ed0b64ae16b","",701310,"I","P5","Git Version Control System","Git Internals","2026","N/A","N/A","Version Control Database Metadata (Blob / Commit / Log)","NO (VCS database internals)","Internal git database","VCS System Metadata","Tracks commit history and git synchronization","Internal VCS objects",".git repository","KEEP (Do not delete if git version tracking is desired)","SAFE_TO_DELETE_IF_NOT_A_GIT_REPO","Git system internal tracking object; irrelevant to disease research data but essential for git functionality"
".git\objects\4d\51e36b41b7de22e82d19365f8853127f8e2f94","51e36b41b7de22e82d19365f8853127f8e2f94","",779819,"I","P5","Git Version Control System","Git Internals","2026","N/A","N/A","Version Control Database Metadata (Blob / Commit / Log)","NO (VCS database internals)","Internal git database","VCS System Metadata","Tracks commit history and git synchronization","Internal VCS objects",".git repository","KEEP (Do not delete if git version tracking is desired)","SAFE_TO_DELETE_IF_NOT_A_GIT_REPO","Git system internal tracking object; irrelevant to disease research data but essential for git functionality"
".git\objects\4f\1d0d173551d9b2ded2dcb39375b8ad22263cd2","1d0d173551d9b2ded2dcb39375b8ad22263cd2","",1545,"I","P5","Git Version Control System","Git Internals","2026","N/A","N/A","Version Control Database Metadata (Blob / Commit / Log)","NO (VCS database internals)","Internal git database","VCS System Metadata","Tracks commit history and git synchronization","Internal VCS objects",".git repository","KEEP (Do not delete if git version tracking is desired)","SAFE_TO_DELETE_IF_NOT_A_GIT_REPO","Git system internal tracking object; irrelevant to disease research data but essential for git functionality"
".git\objects\4f\b9c4ffe8d7786b23f12054877101274d4c5caa","b9c4ffe8d7786b23f12054877101274d4c5caa","",629659,"I","P5","Git Version Control System","Git Internals","2026","N/A","N/A","Version Control Database Metadata (Blob / Commit / Log)","NO (VCS database internals)","Internal git database","VCS System Metadata","Tracks commit history and git synchronization","Internal VCS objects",".git repository","KEEP (Do not delete if git version tracking is desired)","SAFE_TO_DELETE_IF_NOT_A_GIT_REPO","Git system internal tracking object; irrelevant to disease research data but essential for git functionality"
".git\objects\50\db173f411f2239ae0f6f78b790a7259a0dc31b","db173f411f2239ae0f6f78b790a7259a0dc31b","",1085924,"I","P5","Git Version Control System","Git Internals","2026","N/A","N/A","Version Control Database Metadata (Blob / Commit / Log)","NO (VCS database internals)","Internal git database","VCS System Metadata","Tracks commit history and git synchronization","Internal VCS objects",".git repository","KEEP (Do not delete if git version tracking is desired)","SAFE_TO_DELETE_IF_NOT_A_GIT_REPO","Git system internal tracking object; irrelevant to disease research data but essential for git functionality"
".git\objects\51\7ad045049a7a0b3732841c9424479cd470ac8c","7ad045049a7a0b3732841c9424479cd470ac8c","",1036450,"I","P5","Git Version Control System","Git Internals","2026","N/A","N/A","Version Control Database Metadata (Blob / Commit / Log)","NO (VCS database internals)","Internal git database","VCS System Metadata","Tracks commit history and git synchronization","Internal VCS objects",".git repository","KEEP (Do not delete if git version tracking is desired)","SAFE_TO_DELETE_IF_NOT_A_GIT_REPO","Git system internal tracking object; irrelevant to disease research data but essential for git functionality"
".git\objects\55\34cc5b0ab335a8ee48ceeada3364ec2c4f7427","34cc5b0ab335a8ee48ceeada3364ec2c4f7427","",501657,"I","P5","Git Version Control System","Git Internals","2026","N/A","N/A","Version Control Database Metadata (Blob / Commit / Log)","NO (VCS database internals)","Internal git database","VCS System Metadata","Tracks commit history and git synchronization","Internal VCS objects",".git repository","KEEP (Do not delete if git version tracking is desired)","SAFE_TO_DELETE_IF_NOT_A_GIT_REPO","Git system internal tracking object; irrelevant to disease research data but essential for git functionality"
".git\objects\56\0126019cbaa44d812bb9f8cfc88c57454299aa","0126019cbaa44d812bb9f8cfc88c57454299aa","",1311257,"I","P5","Git Version Control System","Git Internals","2026","N/A","N/A","Version Control Database Metadata (Blob / Commit / Log)","NO (VCS database internals)","Internal git database","VCS System Metadata","Tracks commit history and git synchronization","Internal VCS objects",".git repository","KEEP (Do not delete if git version tracking is desired)","SAFE_TO_DELETE_IF_NOT_A_GIT_REPO","Git system internal tracking object; irrelevant to disease research data but essential for git functionality"
".git\objects\57\3131d060512ab803436686645766a47a2b24cc","3131d060512ab803436686645766a47a2b24cc","",92787,"I","P5","Git Version Control System","Git Internals","2026","N/A","N/A","Version Control Database Metadata (Blob / Commit / Log)","NO (VCS database internals)","Internal git database","VCS System Metadata","Tracks commit history and git synchronization","Internal VCS objects",".git repository","KEEP (Do not delete if git version tracking is desired)","SAFE_TO_DELETE_IF_NOT_A_GIT_REPO","Git system internal tracking object; irrelevant to disease research data but essential for git functionality"
".git\objects\57\b7f4bae74152b60df477a95fb183cf1159099b","b7f4bae74152b60df477a95fb183cf1159099b","",717566,"I","P5","Git Version Control System","Git Internals","2026","N/A","N/A","Version Control Database Metadata (Blob / Commit / Log)","NO (VCS database internals)","Internal git database","VCS System Metadata","Tracks commit history and git synchronization","Internal VCS objects",".git repository","KEEP (Do not delete if git version tracking is desired)","SAFE_TO_DELETE_IF_NOT_A_GIT_REPO","Git system internal tracking object; irrelevant to disease research data but essential for git functionality"
".git\objects\57\d90bcd598ac3c6f4dab92ef84b069c336e669c","d90bcd598ac3c6f4dab92ef84b069c336e669c","",330,"I","P5","Git Version Control System","Git Internals","2026","N/A","N/A","Version Control Database Metadata (Blob / Commit / Log)","NO (VCS database internals)","Internal git database","VCS System Metadata","Tracks commit history and git synchronization","Internal VCS objects",".git repository","KEEP (Do not delete if git version tracking is desired)","SAFE_TO_DELETE_IF_NOT_A_GIT_REPO","Git system internal tracking object; irrelevant to disease research data but essential for git functionality"
".git\objects\57\e89f8e33240f0b00b95037dc0dd7d97a546438","e89f8e33240f0b00b95037dc0dd7d97a546438","",489981,"I","P5","Git Version Control System","Git Internals","2026","N/A","N/A","Version Control Database Metadata (Blob / Commit / Log)","NO (VCS database internals)","Internal git database","VCS System Metadata","Tracks commit history and git synchronization","Internal VCS objects",".git repository","KEEP (Do not delete if git version tracking is desired)","SAFE_TO_DELETE_IF_NOT_A_GIT_REPO","Git system internal tracking object; irrelevant to disease research data but essential for git functionality"
".git\objects\59\02567978d9fdd364df961ec9a767113b9c3dde","02567978d9fdd364df961ec9a767113b9c3dde","",541104,"I","P5","Git Version Control System","Git Internals","2026","N/A","N/A","Version Control Database Metadata (Blob / Commit / Log)","NO (VCS database internals)","Internal git database","VCS System Metadata","Tracks commit history and git synchronization","Internal VCS objects",".git repository","KEEP (Do not delete if git version tracking is desired)","SAFE_TO_DELETE_IF_NOT_A_GIT_REPO","Git system internal tracking object; irrelevant to disease research data but essential for git functionality"
".git\objects\5a\43821e4b04481bcdd214e0d4b31e111a806c67","43821e4b04481bcdd214e0d4b31e111a806c67","",660904,"I","P5","Git Version Control System","Git Internals","2026","N/A","N/A","Version Control Database Metadata (Blob / Commit / Log)","NO (VCS database internals)","Internal git database","VCS System Metadata","Tracks commit history and git synchronization","Internal VCS objects",".git repository","KEEP (Do not delete if git version tracking is desired)","SAFE_TO_DELETE_IF_NOT_A_GIT_REPO","Git system internal tracking object; irrelevant to disease research data but essential for git functionality"
".git\objects\5a\7a144a59b71dcbc2868d087b1a2e075803efe9","7a144a59b71dcbc2868d087b1a2e075803efe9","",727458,"I","P5","Git Version Control System","Git Internals","2026","N/A","N/A","Version Control Database Metadata (Blob / Commit / Log)","NO (VCS database internals)","Internal git database","VCS System Metadata","Tracks commit history and git synchronization","Internal VCS objects",".git repository","KEEP (Do not delete if git version tracking is desired)","SAFE_TO_DELETE_IF_NOT_A_GIT_REPO","Git system internal tracking object; irrelevant to disease research data but essential for git functionality"
".git\objects\5b\0481b8b5b2c228354643606bb1a87fd9d53b30","0481b8b5b2c228354643606bb1a87fd9d53b30","",625224,"I","P5","Git Version Control System","Git Internals","2026","N/A","N/A","Version Control Database Metadata (Blob / Commit / Log)","NO (VCS database internals)","Internal git database","VCS System Metadata","Tracks commit history and git synchronization","Internal VCS objects",".git repository","KEEP (Do not delete if git version tracking is desired)","SAFE_TO_DELETE_IF_NOT_A_GIT_REPO","Git system internal tracking object; irrelevant to disease research data but essential for git functionality"
".git\objects\5b\151ef9084998e6256a2a1cc630fe98afa1b3c9","151ef9084998e6256a2a1cc630fe98afa1b3c9","",1505,"I","P5","Git Version Control System","Git Internals","2026","N/A","N/A","Version Control Database Metadata (Blob / Commit / Log)","NO (VCS database internals)","Internal git database","VCS System Metadata","Tracks commit history and git synchronization","Internal VCS objects",".git repository","KEEP (Do not delete if git version tracking is desired)","SAFE_TO_DELETE_IF_NOT_A_GIT_REPO","Git system internal tracking object; irrelevant to disease research data but essential for git functionality"
".git\objects\5b\44920d2cd3738846d3b65a9222c4383c7f29e5","44920d2cd3738846d3b65a9222c4383c7f29e5","",329583,"I","P5","Git Version Control System","Git Internals","2026","N/A","N/A","Version Control Database Metadata (Blob / Commit / Log)","NO (VCS database internals)","Internal git database","VCS System Metadata","Tracks commit history and git synchronization","Internal VCS objects",".git repository","KEEP (Do not delete if git version tracking is desired)","SAFE_TO_DELETE_IF_NOT_A_GIT_REPO","Git system internal tracking object; irrelevant to disease research data but essential for git functionality"
".git\objects\5b\7457c4d0b80a220d22e610f98a686f8f466631","7457c4d0b80a220d22e610f98a686f8f466631","",859280,"I","P5","Git Version Control System","Git Internals","2026","N/A","N/A","Version Control Database Metadata (Blob / Commit / Log)","NO (VCS database internals)","Internal git database","VCS System Metadata","Tracks commit history and git synchronization","Internal VCS objects",".git repository","KEEP (Do not delete if git version tracking is desired)","SAFE_TO_DELETE_IF_NOT_A_GIT_REPO","Git system internal tracking object; irrelevant to disease research data but essential for git functionality"
".git\objects\5b\ba95f487e1e9d407498e74c62b9be38b851f33","ba95f487e1e9d407498e74c62b9be38b851f33","",677266,"I","P5","Git Version Control System","Git Internals","2026","N/A","N/A","Version Control Database Metadata (Blob / Commit / Log)","NO (VCS database internals)","Internal git database","VCS System Metadata","Tracks commit history and git synchronization","Internal VCS objects",".git repository","KEEP (Do not delete if git version tracking is desired)","SAFE_TO_DELETE_IF_NOT_A_GIT_REPO","Git system internal tracking object; irrelevant to disease research data but essential for git functionality"
".git\objects\5b\cfb2e788edc2280da71283b802056a63cfd073","cfb2e788edc2280da71283b802056a63cfd073","",1113258,"I","P5","Git Version Control System","Git Internals","2026","N/A","N/A","Version Control Database Metadata (Blob / Commit / Log)","NO (VCS database internals)","Internal git database","VCS System Metadata","Tracks commit history and git synchronization","Internal VCS objects",".git repository","KEEP (Do not delete if git version tracking is desired)","SAFE_TO_DELETE_IF_NOT_A_GIT_REPO","Git system internal tracking object; irrelevant to disease research data but essential for git functionality"
".git\objects\5c\9833d93b84f47b4653cb3b56dee7a3d3ebef0c","9833d93b84f47b4653cb3b56dee7a3d3ebef0c","",3023,"I","P5","Git Version Control System","Git Internals","2026","N/A","N/A","Version Control Database Metadata (Blob / Commit / Log)","NO (VCS database internals)","Internal git database","VCS System Metadata","Tracks commit history and git synchronization","Internal VCS objects",".git repository","KEEP (Do not delete if git version tracking is desired)","SAFE_TO_DELETE_IF_NOT_A_GIT_REPO","Git system internal tracking object; irrelevant to disease research data but essential for git functionality"
".git\objects\5c\cda14b023b1d9de1d20ce129af1ff67a38f918","cda14b023b1d9de1d20ce129af1ff67a38f918","",584,"I","P5","Git Version Control System","Git Internals","2026","N/A","N/A","Version Control Database Metadata (Blob / Commit / Log)","NO (VCS database internals)","Internal git database","VCS System Metadata","Tracks commit history and git synchronization","Internal VCS objects",".git repository","KEEP (Do not delete if git version tracking is desired)","SAFE_TO_DELETE_IF_NOT_A_GIT_REPO","Git system internal tracking object; irrelevant to disease research data but essential for git functionality"
".git\objects\5c\d7ac452b71bad688c550c74b97f1aecf3483ac","d7ac452b71bad688c550c74b97f1aecf3483ac","",672524,"I","P5","Git Version Control System","Git Internals","2026","N/A","N/A","Version Control Database Metadata (Blob / Commit / Log)","NO (VCS database internals)","Internal git database","VCS System Metadata","Tracks commit history and git synchronization","Internal VCS objects",".git repository","KEEP (Do not delete if git version tracking is desired)","SAFE_TO_DELETE_IF_NOT_A_GIT_REPO","Git system internal tracking object; irrelevant to disease research data but essential for git functionality"
".git\objects\5c\ece5faebe2ebe58f5af8ac7149eddf6e077852","ece5faebe2ebe58f5af8ac7149eddf6e077852","",653416,"I","P5","Git Version Control System","Git Internals","2026","N/A","N/A","Version Control Database Metadata (Blob / Commit / Log)","NO (VCS database internals)","Internal git database","VCS System Metadata","Tracks commit history and git synchronization","Internal VCS objects",".git repository","KEEP (Do not delete if git version tracking is desired)","SAFE_TO_DELETE_IF_NOT_A_GIT_REPO","Git system internal tracking object; irrelevant to disease research data but essential for git functionality"
".git\objects\5c\f5bf4d4addb76ce739d189112e34576865808f","f5bf4d4addb76ce739d189112e34576865808f","",159949,"I","P5","Git Version Control System","Git Internals","2026","N/A","N/A","Version Control Database Metadata (Blob / Commit / Log)","NO (VCS database internals)","Internal git database","VCS System Metadata","Tracks commit history and git synchronization","Internal VCS objects",".git repository","KEEP (Do not delete if git version tracking is desired)","SAFE_TO_DELETE_IF_NOT_A_GIT_REPO","Git system internal tracking object; irrelevant to disease research data but essential for git functionality"
".git\objects\5d\87056edf7e076f9deba4f147b9cf63099dab42","87056edf7e076f9deba4f147b9cf63099dab42","",862775,"I","P5","Git Version Control System","Git Internals","2026","N/A","N/A","Version Control Database Metadata (Blob / Commit / Log)","NO (VCS database internals)","Internal git database","VCS System Metadata","Tracks commit history and git synchronization","Internal VCS objects",".git repository","KEEP (Do not delete if git version tracking is desired)","SAFE_TO_DELETE_IF_NOT_A_GIT_REPO","Git system internal tracking object; irrelevant to disease research data but essential for git functionality"
".git\objects\5d\a02ce60323d7536a07dad920589f785b22498e","a02ce60323d7536a07dad920589f785b22498e","",7904,"I","P5","Git Version Control System","Git Internals","2026","N/A","N/A","Version Control Database Metadata (Blob / Commit / Log)","NO (VCS database internals)","Internal git database","VCS System Metadata","Tracks commit history and git synchronization","Internal VCS objects",".git repository","KEEP (Do not delete if git version tracking is desired)","SAFE_TO_DELETE_IF_NOT_A_GIT_REPO","Git system internal tracking object; irrelevant to disease research data but essential for git functionality"
".git\objects\5e\1635edf79bd9108b98131b4afc1f92a7a0bcea","1635edf79bd9108b98131b4afc1f92a7a0bcea","",1457,"I","P5","Git Version Control System","Git Internals","2026","N/A","N/A","Version Control Database Metadata (Blob / Commit / Log)","NO (VCS database internals)","Internal git database","VCS System Metadata","Tracks commit history and git synchronization","Internal VCS objects",".git repository","KEEP (Do not delete if git version tracking is desired)","SAFE_TO_DELETE_IF_NOT_A_GIT_REPO","Git system internal tracking object; irrelevant to disease research data but essential for git functionality"
".git\objects\5e\2d39521f6e7ffb343803b89f855e8829bc4826","2d39521f6e7ffb343803b89f855e8829bc4826","",2102,"I","P5","Git Version Control System","Git Internals","2026","N/A","N/A","Version Control Database Metadata (Blob / Commit / Log)","NO (VCS database internals)","Internal git database","VCS System Metadata","Tracks commit history and git synchronization","Internal VCS objects",".git repository","KEEP (Do not delete if git version tracking is desired)","SAFE_TO_DELETE_IF_NOT_A_GIT_REPO","Git system internal tracking object; irrelevant to disease research data but essential for git functionality"
".git\objects\5f\822b1c552dd38a2cfb8de1a28bd08768ebe92b","822b1c552dd38a2cfb8de1a28bd08768ebe92b","",647084,"I","P5","Git Version Control System","Git Internals","2026","N/A","N/A","Version Control Database Metadata (Blob / Commit / Log)","NO (VCS database internals)","Internal git database","VCS System Metadata","Tracks commit history and git synchronization","Internal VCS objects",".git repository","KEEP (Do not delete if git version tracking is desired)","SAFE_TO_DELETE_IF_NOT_A_GIT_REPO","Git system internal tracking object; irrelevant to disease research data but essential for git functionality"
".git\objects\5f\fd23da8f848291d76ffa635d8a52a3655d8b6d","fd23da8f848291d76ffa635d8a52a3655d8b6d","",673214,"I","P5","Git Version Control System","Git Internals","2026","N/A","N/A","Version Control Database Metadata (Blob / Commit / Log)","NO (VCS database internals)","Internal git database","VCS System Metadata","Tracks commit history and git synchronization","Internal VCS objects",".git repository","KEEP (Do not delete if git version tracking is desired)","SAFE_TO_DELETE_IF_NOT_A_GIT_REPO","Git system internal tracking object; irrelevant to disease research data but essential for git functionality"
".git\objects\60\9075b890d83c6d44655be6830b80fc68c78117","9075b890d83c6d44655be6830b80fc68c78117","",926574,"I","P5","Git Version Control System","Git Internals","2026","N/A","N/A","Version Control Database Metadata (Blob / Commit / Log)","NO (VCS database internals)","Internal git database","VCS System Metadata","Tracks commit history and git synchronization","Internal VCS objects",".git repository","KEEP (Do not delete if git version tracking is desired)","SAFE_TO_DELETE_IF_NOT_A_GIT_REPO","Git system internal tracking object; irrelevant to disease research data but essential for git functionality"
".git\objects\60\9870507248ac650b433cf00978ea16c203285f","9870507248ac650b433cf00978ea16c203285f","",630501,"I","P5","Git Version Control System","Git Internals","2026","N/A","N/A","Version Control Database Metadata (Blob / Commit / Log)","NO (VCS database internals)","Internal git database","VCS System Metadata","Tracks commit history and git synchronization","Internal VCS objects",".git repository","KEEP (Do not delete if git version tracking is desired)","SAFE_TO_DELETE_IF_NOT_A_GIT_REPO","Git system internal tracking object; irrelevant to disease research data but essential for git functionality"
".git\objects\60\e21a33be8790067760ca24b9112d36a38190c6","e21a33be8790067760ca24b9112d36a38190c6","",2802,"I","P5","Git Version Control System","Git Internals","2026","N/A","N/A","Version Control Database Metadata (Blob / Commit / Log)","NO (VCS database internals)","Internal git database","VCS System Metadata","Tracks commit history and git synchronization","Internal VCS objects",".git repository","KEEP (Do not delete if git version tracking is desired)","SAFE_TO_DELETE_IF_NOT_A_GIT_REPO","Git system internal tracking object; irrelevant to disease research data but essential for git functionality"
".git\objects\61\6fa2b599a7eceac507053eb586b78b5aca4227","6fa2b599a7eceac507053eb586b78b5aca4227","",681728,"I","P5","Git Version Control System","Git Internals","2026","N/A","N/A","Version Control Database Metadata (Blob / Commit / Log)","NO (VCS database internals)","Internal git database","VCS System Metadata","Tracks commit history and git synchronization","Internal VCS objects",".git repository","KEEP (Do not delete if git version tracking is desired)","SAFE_TO_DELETE_IF_NOT_A_GIT_REPO","Git system internal tracking object; irrelevant to disease research data but essential for git functionality"
".git\objects\62\94b768da443065916d52b4fc1d6f9b36770245","94b768da443065916d52b4fc1d6f9b36770245","",675614,"I","P5","Git Version Control System","Git Internals","2026","N/A","N/A","Version Control Database Metadata (Blob / Commit / Log)","NO (VCS database internals)","Internal git database","VCS System Metadata","Tracks commit history and git synchronization","Internal VCS objects",".git repository","KEEP (Do not delete if git version tracking is desired)","SAFE_TO_DELETE_IF_NOT_A_GIT_REPO","Git system internal tracking object; irrelevant to disease research data but essential for git functionality"
".git\objects\64\1e3bebe24d002c5f9b96e7503e12c3a1bf5be3","1e3bebe24d002c5f9b96e7503e12c3a1bf5be3","",522187,"I","P5","Git Version Control System","Git Internals","2026","N/A","N/A","Version Control Database Metadata (Blob / Commit / Log)","NO (VCS database internals)","Internal git database","VCS System Metadata","Tracks commit history and git synchronization","Internal VCS objects",".git repository","KEEP (Do not delete if git version tracking is desired)","SAFE_TO_DELETE_IF_NOT_A_GIT_REPO","Git system internal tracking object; irrelevant to disease research data but essential for git functionality"
".git\objects\64\f99c85ab264f00870bb177b15ab7dbc8d87a3b","f99c85ab264f00870bb177b15ab7dbc8d87a3b","",880670,"I","P5","Git Version Control System","Git Internals","2026","N/A","N/A","Version Control Database Metadata (Blob / Commit / Log)","NO (VCS database internals)","Internal git database","VCS System Metadata","Tracks commit history and git synchronization","Internal VCS objects",".git repository","KEEP (Do not delete if git version tracking is desired)","SAFE_TO_DELETE_IF_NOT_A_GIT_REPO","Git system internal tracking object; irrelevant to disease research data but essential for git functionality"
".git\objects\65\9926c72a944afd25ed8f67d4d324d566419de8","9926c72a944afd25ed8f67d4d324d566419de8","",1206163,"I","P5","Git Version Control System","Git Internals","2026","N/A","N/A","Version Control Database Metadata (Blob / Commit / Log)","NO (VCS database internals)","Internal git database","VCS System Metadata","Tracks commit history and git synchronization","Internal VCS objects",".git repository","KEEP (Do not delete if git version tracking is desired)","SAFE_TO_DELETE_IF_NOT_A_GIT_REPO","Git system internal tracking object; irrelevant to disease research data but essential for git functionality"
".git\objects\67\0d092742358ac0a7f3e0d1f87076f1e2fb5e21","0d092742358ac0a7f3e0d1f87076f1e2fb5e21","",876076,"I","P5","Git Version Control System","Git Internals","2026","N/A","N/A","Version Control Database Metadata (Blob / Commit / Log)","NO (VCS database internals)","Internal git database","VCS System Metadata","Tracks commit history and git synchronization","Internal VCS objects",".git repository","KEEP (Do not delete if git version tracking is desired)","SAFE_TO_DELETE_IF_NOT_A_GIT_REPO","Git system internal tracking object; irrelevant to disease research data but essential for git functionality"
".git\objects\67\b1634926887eb057e0c18f467402f3df38a72f","b1634926887eb057e0c18f467402f3df38a72f","",886306,"I","P5","Git Version Control System","Git Internals","2026","N/A","N/A","Version Control Database Metadata (Blob / Commit / Log)","NO (VCS database internals)","Internal git database","VCS System Metadata","Tracks commit history and git synchronization","Internal VCS objects",".git repository","KEEP (Do not delete if git version tracking is desired)","SAFE_TO_DELETE_IF_NOT_A_GIT_REPO","Git system internal tracking object; irrelevant to disease research data but essential for git functionality"
".git\objects\67\bfc78e767a8963f5c64615ee4666af46996878","bfc78e767a8963f5c64615ee4666af46996878","",1192,"I","P5","Git Version Control System","Git Internals","2026","N/A","N/A","Version Control Database Metadata (Blob / Commit / Log)","NO (VCS database internals)","Internal git database","VCS System Metadata","Tracks commit history and git synchronization","Internal VCS objects",".git repository","KEEP (Do not delete if git version tracking is desired)","SAFE_TO_DELETE_IF_NOT_A_GIT_REPO","Git system internal tracking object; irrelevant to disease research data but essential for git functionality"
".git\objects\67\c86168488f6f71a7e56598ccc64e7549446d3d","c86168488f6f71a7e56598ccc64e7549446d3d","",184,"I","P5","Git Version Control System","Git Internals","2026","N/A","N/A","Version Control Database Metadata (Blob / Commit / Log)","NO (VCS database internals)","Internal git database","VCS System Metadata","Tracks commit history and git synchronization","Internal VCS objects",".git repository","KEEP (Do not delete if git version tracking is desired)","SAFE_TO_DELETE_IF_NOT_A_GIT_REPO","Git system internal tracking object; irrelevant to disease research data but essential for git functionality"
".git\objects\69\45abb46ec6757df665bbd959f7e43850534647","45abb46ec6757df665bbd959f7e43850534647","",8806,"I","P5","Git Version Control System","Git Internals","2026","N/A","N/A","Version Control Database Metadata (Blob / Commit / Log)","NO (VCS database internals)","Internal git database","VCS System Metadata","Tracks commit history and git synchronization","Internal VCS objects",".git repository","KEEP (Do not delete if git version tracking is desired)","SAFE_TO_DELETE_IF_NOT_A_GIT_REPO","Git system internal tracking object; irrelevant to disease research data but essential for git functionality"
".git\objects\69\bcb6a156cb95b489b6c736c05e5a8802c991e4","bcb6a156cb95b489b6c736c05e5a8802c991e4","",18353,"I","P5","Git Version Control System","Git Internals","2026","N/A","N/A","Version Control Database Metadata (Blob / Commit / Log)","NO (VCS database internals)","Internal git database","VCS System Metadata","Tracks commit history and git synchronization","Internal VCS objects",".git repository","KEEP (Do not delete if git version tracking is desired)","SAFE_TO_DELETE_IF_NOT_A_GIT_REPO","Git system internal tracking object; irrelevant to disease research data but essential for git functionality"
".git\objects\6a\31757f8d2c7c065503402a83e312820cc9a95b","31757f8d2c7c065503402a83e312820cc9a95b","",715612,"I","P5","Git Version Control System","Git Internals","2026","N/A","N/A","Version Control Database Metadata (Blob / Commit / Log)","NO (VCS database internals)","Internal git database","VCS System Metadata","Tracks commit history and git synchronization","Internal VCS objects",".git repository","KEEP (Do not delete if git version tracking is desired)","SAFE_TO_DELETE_IF_NOT_A_GIT_REPO","Git system internal tracking object; irrelevant to disease research data but essential for git functionality"
".git\objects\6a\548487e8cbb3f89fb4de137ca840e1948202c6","548487e8cbb3f89fb4de137ca840e1948202c6","",473871,"I","P5","Git Version Control System","Git Internals","2026","N/A","N/A","Version Control Database Metadata (Blob / Commit / Log)","NO (VCS database internals)","Internal git database","VCS System Metadata","Tracks commit history and git synchronization","Internal VCS objects",".git repository","KEEP (Do not delete if git version tracking is desired)","SAFE_TO_DELETE_IF_NOT_A_GIT_REPO","Git system internal tracking object; irrelevant to disease research data but essential for git functionality"
".git\objects\6b\2537b3be2dbbf1ef242afb02ea5b391a2b00b5","2537b3be2dbbf1ef242afb02ea5b391a2b00b5","",7810,"I","P5","Git Version Control System","Git Internals","2026","N/A","N/A","Version Control Database Metadata (Blob / Commit / Log)","NO (VCS database internals)","Internal git database","VCS System Metadata","Tracks commit history and git synchronization","Internal VCS objects",".git repository","KEEP (Do not delete if git version tracking is desired)","SAFE_TO_DELETE_IF_NOT_A_GIT_REPO","Git system internal tracking object; irrelevant to disease research data but essential for git functionality"
".git\objects\6b\8af5b8b1b6bf094096b3558f4ec9bd448184ac","8af5b8b1b6bf094096b3558f4ec9bd448184ac","",76777,"I","P5","Git Version Control System","Git Internals","2026","N/A","N/A","Version Control Database Metadata (Blob / Commit / Log)","NO (VCS database internals)","Internal git database","VCS System Metadata","Tracks commit history and git synchronization","Internal VCS objects",".git repository","KEEP (Do not delete if git version tracking is desired)","SAFE_TO_DELETE_IF_NOT_A_GIT_REPO","Git system internal tracking object; irrelevant to disease research data but essential for git functionality"
".git\objects\6c\25f3b06140ee86f60374746e96ff42b7af39d7","25f3b06140ee86f60374746e96ff42b7af39d7","",970357,"I","P5","Git Version Control System","Git Internals","2026","N/A","N/A","Version Control Database Metadata (Blob / Commit / Log)","NO (VCS database internals)","Internal git database","VCS System Metadata","Tracks commit history and git synchronization","Internal VCS objects",".git repository","KEEP (Do not delete if git version tracking is desired)","SAFE_TO_DELETE_IF_NOT_A_GIT_REPO","Git system internal tracking object; irrelevant to disease research data but essential for git functionality"
".git\objects\6f\fb77e18fdf8c4c43276365493104930f922203","fb77e18fdf8c4c43276365493104930f922203","",688665,"I","P5","Git Version Control System","Git Internals","2026","N/A","N/A","Version Control Database Metadata (Blob / Commit / Log)","NO (VCS database internals)","Internal git database","VCS System Metadata","Tracks commit history and git synchronization","Internal VCS objects",".git repository","KEEP (Do not delete if git version tracking is desired)","SAFE_TO_DELETE_IF_NOT_A_GIT_REPO","Git system internal tracking object; irrelevant to disease research data but essential for git functionality"
".git\objects\70\6af7758f2514653534459965faee6a7a487879","6af7758f2514653534459965faee6a7a487879","",917380,"I","P5","Git Version Control System","Git Internals","2026","N/A","N/A","Version Control Database Metadata (Blob / Commit / Log)","NO (VCS database internals)","Internal git database","VCS System Metadata","Tracks commit history and git synchronization","Internal VCS objects",".git repository","KEEP (Do not delete if git version tracking is desired)","SAFE_TO_DELETE_IF_NOT_A_GIT_REPO","Git system internal tracking object; irrelevant to disease research data but essential for git functionality"
".git\objects\70\ae2a3d2d40220169a9ef97e6041f8b961a38fb","ae2a3d2d40220169a9ef97e6041f8b961a38fb","",979837,"I","P5","Git Version Control System","Git Internals","2026","N/A","N/A","Version Control Database Metadata (Blob / Commit / Log)","NO (VCS database internals)","Internal git database","VCS System Metadata","Tracks commit history and git synchronization","Internal VCS objects",".git repository","KEEP (Do not delete if git version tracking is desired)","SAFE_TO_DELETE_IF_NOT_A_GIT_REPO","Git system internal tracking object; irrelevant to disease research data but essential for git functionality"
".git\objects\70\ae3af7fcf7d782041b22bafe92d78adef052c6","ae3af7fcf7d782041b22bafe92d78adef052c6","",818271,"I","P5","Git Version Control System","Git Internals","2026","N/A","N/A","Version Control Database Metadata (Blob / Commit / Log)","NO (VCS database internals)","Internal git database","VCS System Metadata","Tracks commit history and git synchronization","Internal VCS objects",".git repository","KEEP (Do not delete if git version tracking is desired)","SAFE_TO_DELETE_IF_NOT_A_GIT_REPO","Git system internal tracking object; irrelevant to disease research data but essential for git functionality"
".git\objects\70\fe6db3283121d7d1ddef3f728e1702ea682904","fe6db3283121d7d1ddef3f728e1702ea682904","",643873,"I","P5","Git Version Control System","Git Internals","2026","N/A","N/A","Version Control Database Metadata (Blob / Commit / Log)","NO (VCS database internals)","Internal git database","VCS System Metadata","Tracks commit history and git synchronization","Internal VCS objects",".git repository","KEEP (Do not delete if git version tracking is desired)","SAFE_TO_DELETE_IF_NOT_A_GIT_REPO","Git system internal tracking object; irrelevant to disease research data but essential for git functionality"
".git\objects\71\9b5de76e35808b96086d71f826b1bd9c38910f","9b5de76e35808b96086d71f826b1bd9c38910f","",630272,"I","P5","Git Version Control System","Git Internals","2026","N/A","N/A","Version Control Database Metadata (Blob / Commit / Log)","NO (VCS database internals)","Internal git database","VCS System Metadata","Tracks commit history and git synchronization","Internal VCS objects",".git repository","KEEP (Do not delete if git version tracking is desired)","SAFE_TO_DELETE_IF_NOT_A_GIT_REPO","Git system internal tracking object; irrelevant to disease research data but essential for git functionality"
".git\objects\72\f11b5014519d2bb5e8592c4b1df46586ec7918","f11b5014519d2bb5e8592c4b1df46586ec7918","",1568,"I","P5","Git Version Control System","Git Internals","2026","N/A","N/A","Version Control Database Metadata (Blob / Commit / Log)","NO (VCS database internals)","Internal git database","VCS System Metadata","Tracks commit history and git synchronization","Internal VCS objects",".git repository","KEEP (Do not delete if git version tracking is desired)","SAFE_TO_DELETE_IF_NOT_A_GIT_REPO","Git system internal tracking object; irrelevant to disease research data but essential for git functionality"
".git\objects\73\3fa8e6266570a79e82c4f0dc73e742c4040212","3fa8e6266570a79e82c4f0dc73e742c4040212","",619172,"I","P5","Git Version Control System","Git Internals","2026","N/A","N/A","Version Control Database Metadata (Blob / Commit / Log)","NO (VCS database internals)","Internal git database","VCS System Metadata","Tracks commit history and git synchronization","Internal VCS objects",".git repository","KEEP (Do not delete if git version tracking is desired)","SAFE_TO_DELETE_IF_NOT_A_GIT_REPO","Git system internal tracking object; irrelevant to disease research data but essential for git functionality"
".git\objects\74\4898674c50807a134bb88a124db0a08790607d","4898674c50807a134bb88a124db0a08790607d","",32818,"I","P5","Git Version Control System","Git Internals","2026","N/A","N/A","Version Control Database Metadata (Blob / Commit / Log)","NO (VCS database internals)","Internal git database","VCS System Metadata","Tracks commit history and git synchronization","Internal VCS objects",".git repository","KEEP (Do not delete if git version tracking is desired)","SAFE_TO_DELETE_IF_NOT_A_GIT_REPO","Git system internal tracking object; irrelevant to disease research data but essential for git functionality"
".git\objects\75\4a56605c7ce52e9335c46a379710f84a0051e2","4a56605c7ce52e9335c46a379710f84a0051e2","",944628,"I","P5","Git Version Control System","Git Internals","2026","N/A","N/A","Version Control Database Metadata (Blob / Commit / Log)","NO (VCS database internals)","Internal git database","VCS System Metadata","Tracks commit history and git synchronization","Internal VCS objects",".git repository","KEEP (Do not delete if git version tracking is desired)","SAFE_TO_DELETE_IF_NOT_A_GIT_REPO","Git system internal tracking object; irrelevant to disease research data but essential for git functionality"
".git\objects\76\c612c3b38cc22ed46358b9a40d05b1e571a2a4","c612c3b38cc22ed46358b9a40d05b1e571a2a4","",659012,"I","P5","Git Version Control System","Git Internals","2026","N/A","N/A","Version Control Database Metadata (Blob / Commit / Log)","NO (VCS database internals)","Internal git database","VCS System Metadata","Tracks commit history and git synchronization","Internal VCS objects",".git repository","KEEP (Do not delete if git version tracking is desired)","SAFE_TO_DELETE_IF_NOT_A_GIT_REPO","Git system internal tracking object; irrelevant to disease research data but essential for git functionality"
".git\objects\77\532cff858c97e3db660fbe0b6434a1dc5f747c","532cff858c97e3db660fbe0b6434a1dc5f747c","",104198,"I","P5","Git Version Control System","Git Internals","2026","N/A","N/A","Version Control Database Metadata (Blob / Commit / Log)","NO (VCS database internals)","Internal git database","VCS System Metadata","Tracks commit history and git synchronization","Internal VCS objects",".git repository","KEEP (Do not delete if git version tracking is desired)","SAFE_TO_DELETE_IF_NOT_A_GIT_REPO","Git system internal tracking object; irrelevant to disease research data but essential for git functionality"
".git\objects\79\8482fff356ad38113ce6a2d3532c50cc94c2c4","8482fff356ad38113ce6a2d3532c50cc94c2c4","",112046,"I","P5","Git Version Control System","Git Internals","2026","N/A","N/A","Version Control Database Metadata (Blob / Commit / Log)","NO (VCS database internals)","Internal git database","VCS System Metadata","Tracks commit history and git synchronization","Internal VCS objects",".git repository","KEEP (Do not delete if git version tracking is desired)","SAFE_TO_DELETE_IF_NOT_A_GIT_REPO","Git system internal tracking object; irrelevant to disease research data but essential for git functionality"
".git\objects\79\e14ad2c23edfcc720daad32dc7c02d567c11f5","e14ad2c23edfcc720daad32dc7c02d567c11f5","",168343,"I","P5","Git Version Control System","Git Internals","2026","N/A","N/A","Version Control Database Metadata (Blob / Commit / Log)","NO (VCS database internals)","Internal git database","VCS System Metadata","Tracks commit history and git synchronization","Internal VCS objects",".git repository","KEEP (Do not delete if git version tracking is desired)","SAFE_TO_DELETE_IF_NOT_A_GIT_REPO","Git system internal tracking object; irrelevant to disease research data but essential for git functionality"
".git\objects\7b\18953462be86d4cd7a2b6c09f85aca6b2a3525","18953462be86d4cd7a2b6c09f85aca6b2a3525","",997793,"I","P5","Git Version Control System","Git Internals","2026","N/A","N/A","Version Control Database Metadata (Blob / Commit / Log)","NO (VCS database internals)","Internal git database","VCS System Metadata","Tracks commit history and git synchronization","Internal VCS objects",".git repository","KEEP (Do not delete if git version tracking is desired)","SAFE_TO_DELETE_IF_NOT_A_GIT_REPO","Git system internal tracking object; irrelevant to disease research data but essential for git functionality"
".git\objects\7b\c351821c7692a7cbca3783b78f9f668919982f","c351821c7692a7cbca3783b78f9f668919982f","",643631,"I","P5","Git Version Control System","Git Internals","2026","N/A","N/A","Version Control Database Metadata (Blob / Commit / Log)","NO (VCS database internals)","Internal git database","VCS System Metadata","Tracks commit history and git synchronization","Internal VCS objects",".git repository","KEEP (Do not delete if git version tracking is desired)","SAFE_TO_DELETE_IF_NOT_A_GIT_REPO","Git system internal tracking object; irrelevant to disease research data but essential for git functionality"
".git\objects\7c\82dca5ccf3784bdceae4e8ae5b5ff34819aeeb","82dca5ccf3784bdceae4e8ae5b5ff34819aeeb","",587856,"I","P5","Git Version Control System","Git Internals","2026","N/A","N/A","Version Control Database Metadata (Blob / Commit / Log)","NO (VCS database internals)","Internal git database","VCS System Metadata","Tracks commit history and git synchronization","Internal VCS objects",".git repository","KEEP (Do not delete if git version tracking is desired)","SAFE_TO_DELETE_IF_NOT_A_GIT_REPO","Git system internal tracking object; irrelevant to disease research data but essential for git functionality"
".git\objects\7c\8cbd815f382058b6718a04f548f3832e0b21a4","8cbd815f382058b6718a04f548f3832e0b21a4","",6548,"I","P5","Git Version Control System","Git Internals","2026","N/A","N/A","Version Control Database Metadata (Blob / Commit / Log)","NO (VCS database internals)","Internal git database","VCS System Metadata","Tracks commit history and git synchronization","Internal VCS objects",".git repository","KEEP (Do not delete if git version tracking is desired)","SAFE_TO_DELETE_IF_NOT_A_GIT_REPO","Git system internal tracking object; irrelevant to disease research data but essential for git functionality"
".git\objects\7c\e031e158b1846de00a0b71ed705099a407dbc1","e031e158b1846de00a0b71ed705099a407dbc1","",26695,"I","P5","Git Version Control System","Git Internals","2026","N/A","N/A","Version Control Database Metadata (Blob / Commit / Log)","NO (VCS database internals)","Internal git database","VCS System Metadata","Tracks commit history and git synchronization","Internal VCS objects",".git repository","KEEP (Do not delete if git version tracking is desired)","SAFE_TO_DELETE_IF_NOT_A_GIT_REPO","Git system internal tracking object; irrelevant to disease research data but essential for git functionality"
".git\objects\7d\27bcb1e44c98fc96200c9b4a803d58258d33b0","27bcb1e44c98fc96200c9b4a803d58258d33b0","",939197,"I","P5","Git Version Control System","Git Internals","2026","N/A","N/A","Version Control Database Metadata (Blob / Commit / Log)","NO (VCS database internals)","Internal git database","VCS System Metadata","Tracks commit history and git synchronization","Internal VCS objects",".git repository","KEEP (Do not delete if git version tracking is desired)","SAFE_TO_DELETE_IF_NOT_A_GIT_REPO","Git system internal tracking object; irrelevant to disease research data but essential for git functionality"
".git\objects\7d\7ab179479d583a2cee9d828d96b0b61daacb9a","7ab179479d583a2cee9d828d96b0b61daacb9a","",715174,"I","P5","Git Version Control System","Git Internals","2026","N/A","N/A","Version Control Database Metadata (Blob / Commit / Log)","NO (VCS database internals)","Internal git database","VCS System Metadata","Tracks commit history and git synchronization","Internal VCS objects",".git repository","KEEP (Do not delete if git version tracking is desired)","SAFE_TO_DELETE_IF_NOT_A_GIT_REPO","Git system internal tracking object; irrelevant to disease research data but essential for git functionality"
".git\objects\7d\87093984a58d5fcc5596f8d0618d66f81e2fb7","87093984a58d5fcc5596f8d0618d66f81e2fb7","",11967,"I","P5","Git Version Control System","Git Internals","2026","N/A","N/A","Version Control Database Metadata (Blob / Commit / Log)","NO (VCS database internals)","Internal git database","VCS System Metadata","Tracks commit history and git synchronization","Internal VCS objects",".git repository","KEEP (Do not delete if git version tracking is desired)","SAFE_TO_DELETE_IF_NOT_A_GIT_REPO","Git system internal tracking object; irrelevant to disease research data but essential for git functionality"
".git\objects\7f\1ba98c7f40d08575c6d1c48bdd3171e63ec0f6","1ba98c7f40d08575c6d1c48bdd3171e63ec0f6","",306,"I","P5","Git Version Control System","Git Internals","2026","N/A","N/A","Version Control Database Metadata (Blob / Commit / Log)","NO (VCS database internals)","Internal git database","VCS System Metadata","Tracks commit history and git synchronization","Internal VCS objects",".git repository","KEEP (Do not delete if git version tracking is desired)","SAFE_TO_DELETE_IF_NOT_A_GIT_REPO","Git system internal tracking object; irrelevant to disease research data but essential for git functionality"
".git\objects\7f\244ef95b3f90a3b865575ebfc3ad7430d55e7d","244ef95b3f90a3b865575ebfc3ad7430d55e7d","",711048,"I","P5","Git Version Control System","Git Internals","2026","N/A","N/A","Version Control Database Metadata (Blob / Commit / Log)","NO (VCS database internals)","Internal git database","VCS System Metadata","Tracks commit history and git synchronization","Internal VCS objects",".git repository","KEEP (Do not delete if git version tracking is desired)","SAFE_TO_DELETE_IF_NOT_A_GIT_REPO","Git system internal tracking object; irrelevant to disease research data but essential for git functionality"
".git\objects\7f\7be282d6705958ee4ccfaece4f609610dedbb8","7be282d6705958ee4ccfaece4f609610dedbb8","",388,"I","P5","Git Version Control System","Git Internals","2026","N/A","N/A","Version Control Database Metadata (Blob / Commit / Log)","NO (VCS database internals)","Internal git database","VCS System Metadata","Tracks commit history and git synchronization","Internal VCS objects",".git repository","KEEP (Do not delete if git version tracking is desired)","SAFE_TO_DELETE_IF_NOT_A_GIT_REPO","Git system internal tracking object; irrelevant to disease research data but essential for git functionality"
".git\objects\80\145bb3de776a4d10b96bd852c5f2d600ff7037","145bb3de776a4d10b96bd852c5f2d600ff7037","",132175,"I","P5","Git Version Control System","Git Internals","2026","N/A","N/A","Version Control Database Metadata (Blob / Commit / Log)","NO (VCS database internals)","Internal git database","VCS System Metadata","Tracks commit history and git synchronization","Internal VCS objects",".git repository","KEEP (Do not delete if git version tracking is desired)","SAFE_TO_DELETE_IF_NOT_A_GIT_REPO","Git system internal tracking object; irrelevant to disease research data but essential for git functionality"
".git\objects\83\7796035ade2213bbc05df2809b1372b3f6322e","7796035ade2213bbc05df2809b1372b3f6322e","",675282,"I","P5","Git Version Control System","Git Internals","2026","N/A","N/A","Version Control Database Metadata (Blob / Commit / Log)","NO (VCS database internals)","Internal git database","VCS System Metadata","Tracks commit history and git synchronization","Internal VCS objects",".git repository","KEEP (Do not delete if git version tracking is desired)","SAFE_TO_DELETE_IF_NOT_A_GIT_REPO","Git system internal tracking object; irrelevant to disease research data but essential for git functionality"
".git\objects\84\4037ee53097f91c652cef33b130bd0133a4e74","4037ee53097f91c652cef33b130bd0133a4e74","",1936714,"I","P5","Git Version Control System","Git Internals","2026","N/A","N/A","Version Control Database Metadata (Blob / Commit / Log)","NO (VCS database internals)","Internal git database","VCS System Metadata","Tracks commit history and git synchronization","Internal VCS objects",".git repository","KEEP (Do not delete if git version tracking is desired)","SAFE_TO_DELETE_IF_NOT_A_GIT_REPO","Git system internal tracking object; irrelevant to disease research data but essential for git functionality"
".git\objects\84\a3408fccf168a3f8d078694e9068b9a58585db","a3408fccf168a3f8d078694e9068b9a58585db","",840918,"I","P5","Git Version Control System","Git Internals","2026","N/A","N/A","Version Control Database Metadata (Blob / Commit / Log)","NO (VCS database internals)","Internal git database","VCS System Metadata","Tracks commit history and git synchronization","Internal VCS objects",".git repository","KEEP (Do not delete if git version tracking is desired)","SAFE_TO_DELETE_IF_NOT_A_GIT_REPO","Git system internal tracking object; irrelevant to disease research data but essential for git functionality"
".git\objects\85\5502d59f842f892d061ffa546700943f2d2dcf","5502d59f842f892d061ffa546700943f2d2dcf","",1076964,"I","P5","Git Version Control System","Git Internals","2026","N/A","N/A","Version Control Database Metadata (Blob / Commit / Log)","NO (VCS database internals)","Internal git database","VCS System Metadata","Tracks commit history and git synchronization","Internal VCS objects",".git repository","KEEP (Do not delete if git version tracking is desired)","SAFE_TO_DELETE_IF_NOT_A_GIT_REPO","Git system internal tracking object; irrelevant to disease research data but essential for git functionality"
".git\objects\85\acd1934e66c18f9738ab9da54506d8edb0f43c","acd1934e66c18f9738ab9da54506d8edb0f43c","",656181,"I","P5","Git Version Control System","Git Internals","2026","N/A","N/A","Version Control Database Metadata (Blob / Commit / Log)","NO (VCS database internals)","Internal git database","VCS System Metadata","Tracks commit history and git synchronization","Internal VCS objects",".git repository","KEEP (Do not delete if git version tracking is desired)","SAFE_TO_DELETE_IF_NOT_A_GIT_REPO","Git system internal tracking object; irrelevant to disease research data but essential for git functionality"
".git\objects\86\1ae8f9084aa5a66e32d6ae09715e85558898b7","1ae8f9084aa5a66e32d6ae09715e85558898b7","",5000,"I","P5","Git Version Control System","Git Internals","2026","N/A","N/A","Version Control Database Metadata (Blob / Commit / Log)","NO (VCS database internals)","Internal git database","VCS System Metadata","Tracks commit history and git synchronization","Internal VCS objects",".git repository","KEEP (Do not delete if git version tracking is desired)","SAFE_TO_DELETE_IF_NOT_A_GIT_REPO","Git system internal tracking object; irrelevant to disease research data but essential for git functionality"
".git\objects\86\f15805f894fe72f1ee05fe1f569aad4f5a25fd","f15805f894fe72f1ee05fe1f569aad4f5a25fd","",185,"I","P5","Git Version Control System","Git Internals","2026","N/A","N/A","Version Control Database Metadata (Blob / Commit / Log)","NO (VCS database internals)","Internal git database","VCS System Metadata","Tracks commit history and git synchronization","Internal VCS objects",".git repository","KEEP (Do not delete if git version tracking is desired)","SAFE_TO_DELETE_IF_NOT_A_GIT_REPO","Git system internal tracking object; irrelevant to disease research data but essential for git functionality"
".git\objects\89\a04f974619f5375ec3299ace9c10dd52485305","a04f974619f5375ec3299ace9c10dd52485305","",167865,"I","P5","Git Version Control System","Git Internals","2026","N/A","N/A","Version Control Database Metadata (Blob / Commit / Log)","NO (VCS database internals)","Internal git database","VCS System Metadata","Tracks commit history and git synchronization","Internal VCS objects",".git repository","KEEP (Do not delete if git version tracking is desired)","SAFE_TO_DELETE_IF_NOT_A_GIT_REPO","Git system internal tracking object; irrelevant to disease research data but essential for git functionality"
".git\objects\89\f1a0b808d0173d3e995612f5ab86912168f8d3","f1a0b808d0173d3e995612f5ab86912168f8d3","",727489,"I","P5","Git Version Control System","Git Internals","2026","N/A","N/A","Version Control Database Metadata (Blob / Commit / Log)","NO (VCS database internals)","Internal git database","VCS System Metadata","Tracks commit history and git synchronization","Internal VCS objects",".git repository","KEEP (Do not delete if git version tracking is desired)","SAFE_TO_DELETE_IF_NOT_A_GIT_REPO","Git system internal tracking object; irrelevant to disease research data but essential for git functionality"
".git\objects\8a\22637f7d43b91ff224010d9b568229d742ca97","22637f7d43b91ff224010d9b568229d742ca97","",737776,"I","P5","Git Version Control System","Git Internals","2026","N/A","N/A","Version Control Database Metadata (Blob / Commit / Log)","NO (VCS database internals)","Internal git database","VCS System Metadata","Tracks commit history and git synchronization","Internal VCS objects",".git repository","KEEP (Do not delete if git version tracking is desired)","SAFE_TO_DELETE_IF_NOT_A_GIT_REPO","Git system internal tracking object; irrelevant to disease research data but essential for git functionality"
".git\objects\8b\a53c4d099e85a2b1e98f56414286d4476e9f33","a53c4d099e85a2b1e98f56414286d4476e9f33","",548700,"I","P5","Git Version Control System","Git Internals","2026","N/A","N/A","Version Control Database Metadata (Blob / Commit / Log)","NO (VCS database internals)","Internal git database","VCS System Metadata","Tracks commit history and git synchronization","Internal VCS objects",".git repository","KEEP (Do not delete if git version tracking is desired)","SAFE_TO_DELETE_IF_NOT_A_GIT_REPO","Git system internal tracking object; irrelevant to disease research data but essential for git functionality"
".git\objects\8b\e444ee233cf38f453337d8c412de3bdda70f49","e444ee233cf38f453337d8c412de3bdda70f49","",806363,"I","P5","Git Version Control System","Git Internals","2026","N/A","N/A","Version Control Database Metadata (Blob / Commit / Log)","NO (VCS database internals)","Internal git database","VCS System Metadata","Tracks commit history and git synchronization","Internal VCS objects",".git repository","KEEP (Do not delete if git version tracking is desired)","SAFE_TO_DELETE_IF_NOT_A_GIT_REPO","Git system internal tracking object; irrelevant to disease research data but essential for git functionality"
".git\objects\8b\e4992146f897cc3d47653d98bce2c77b254e44","e4992146f897cc3d47653d98bce2c77b254e44","",1122223,"I","P5","Git Version Control System","Git Internals","2026","N/A","N/A","Version Control Database Metadata (Blob / Commit / Log)","NO (VCS database internals)","Internal git database","VCS System Metadata","Tracks commit history and git synchronization","Internal VCS objects",".git repository","KEEP (Do not delete if git version tracking is desired)","SAFE_TO_DELETE_IF_NOT_A_GIT_REPO","Git system internal tracking object; irrelevant to disease research data but essential for git functionality"
".git\objects\8b\f2f75ab50dc6b8822d31e47a1675d480498c98","f2f75ab50dc6b8822d31e47a1675d480498c98","",503492,"I","P5","Git Version Control System","Git Internals","2026","N/A","N/A","Version Control Database Metadata (Blob / Commit / Log)","NO (VCS database internals)","Internal git database","VCS System Metadata","Tracks commit history and git synchronization","Internal VCS objects",".git repository","KEEP (Do not delete if git version tracking is desired)","SAFE_TO_DELETE_IF_NOT_A_GIT_REPO","Git system internal tracking object; irrelevant to disease research data but essential for git functionality"
".git\objects\8c\2d216a3297deb7dcb1fbaf7278c33dd7538a81","2d216a3297deb7dcb1fbaf7278c33dd7538a81","",9908,"I","P5","Git Version Control System","Git Internals","2026","N/A","N/A","Version Control Database Metadata (Blob / Commit / Log)","NO (VCS database internals)","Internal git database","VCS System Metadata","Tracks commit history and git synchronization","Internal VCS objects",".git repository","KEEP (Do not delete if git version tracking is desired)","SAFE_TO_DELETE_IF_NOT_A_GIT_REPO","Git system internal tracking object; irrelevant to disease research data but essential for git functionality"
".git\objects\8c\f79f344d1172f31fd7c5707167ae5fdf9939e5","f79f344d1172f31fd7c5707167ae5fdf9939e5","",922,"I","P5","Git Version Control System","Git Internals","2026","N/A","N/A","Version Control Database Metadata (Blob / Commit / Log)","NO (VCS database internals)","Internal git database","VCS System Metadata","Tracks commit history and git synchronization","Internal VCS objects",".git repository","KEEP (Do not delete if git version tracking is desired)","SAFE_TO_DELETE_IF_NOT_A_GIT_REPO","Git system internal tracking object; irrelevant to disease research data but essential for git functionality"
".git\objects\8d\48f1bf675e4d71f2854f93bbca45d9ae771941","48f1bf675e4d71f2854f93bbca45d9ae771941","",807425,"I","P5","Git Version Control System","Git Internals","2026","N/A","N/A","Version Control Database Metadata (Blob / Commit / Log)","NO (VCS database internals)","Internal git database","VCS System Metadata","Tracks commit history and git synchronization","Internal VCS objects",".git repository","KEEP (Do not delete if git version tracking is desired)","SAFE_TO_DELETE_IF_NOT_A_GIT_REPO","Git system internal tracking object; irrelevant to disease research data but essential for git functionality"
".git\objects\8d\57eeadccab246fa7644b1891b40bd086e6fa34","57eeadccab246fa7644b1891b40bd086e6fa34","",1193243,"I","P5","Git Version Control System","Git Internals","2026","N/A","N/A","Version Control Database Metadata (Blob / Commit / Log)","NO (VCS database internals)","Internal git database","VCS System Metadata","Tracks commit history and git synchronization","Internal VCS objects",".git repository","KEEP (Do not delete if git version tracking is desired)","SAFE_TO_DELETE_IF_NOT_A_GIT_REPO","Git system internal tracking object; irrelevant to disease research data but essential for git functionality"
".git\objects\8d\64b465f5911713b73e4041057a8ab411152145","64b465f5911713b73e4041057a8ab411152145","",884692,"I","P5","Git Version Control System","Git Internals","2026","N/A","N/A","Version Control Database Metadata (Blob / Commit / Log)","NO (VCS database internals)","Internal git database","VCS System Metadata","Tracks commit history and git synchronization","Internal VCS objects",".git repository","KEEP (Do not delete if git version tracking is desired)","SAFE_TO_DELETE_IF_NOT_A_GIT_REPO","Git system internal tracking object; irrelevant to disease research data but essential for git functionality"
".git\objects\8f\a37dfc7c8d8608012b946f30eec9d3974cdcb1","a37dfc7c8d8608012b946f30eec9d3974cdcb1","",839820,"I","P5","Git Version Control System","Git Internals","2026","N/A","N/A","Version Control Database Metadata (Blob / Commit / Log)","NO (VCS database internals)","Internal git database","VCS System Metadata","Tracks commit history and git synchronization","Internal VCS objects",".git repository","KEEP (Do not delete if git version tracking is desired)","SAFE_TO_DELETE_IF_NOT_A_GIT_REPO","Git system internal tracking object; irrelevant to disease research data but essential for git functionality"
".git\objects\90\1e1ec367dcd02fc59bd08cf0a9ad40eb6cf929","1e1ec367dcd02fc59bd08cf0a9ad40eb6cf929","",6316,"I","P5","Git Version Control System","Git Internals","2026","N/A","N/A","Version Control Database Metadata (Blob / Commit / Log)","NO (VCS database internals)","Internal git database","VCS System Metadata","Tracks commit history and git synchronization","Internal VCS objects",".git repository","KEEP (Do not delete if git version tracking is desired)","SAFE_TO_DELETE_IF_NOT_A_GIT_REPO","Git system internal tracking object; irrelevant to disease research data but essential for git functionality"
".git\objects\90\b48b0a9e52b5cbecac59eee812007e680b775a","b48b0a9e52b5cbecac59eee812007e680b775a","",23624,"I","P5","Git Version Control System","Git Internals","2026","N/A","N/A","Version Control Database Metadata (Blob / Commit / Log)","NO (VCS database internals)","Internal git database","VCS System Metadata","Tracks commit history and git synchronization","Internal VCS objects",".git repository","KEEP (Do not delete if git version tracking is desired)","SAFE_TO_DELETE_IF_NOT_A_GIT_REPO","Git system internal tracking object; irrelevant to disease research data but essential for git functionality"
".git\objects\91\29d9433d89008baf8fc3098712521a452c75fa","29d9433d89008baf8fc3098712521a452c75fa","",289346,"I","P5","Git Version Control System","Git Internals","2026","N/A","N/A","Version Control Database Metadata (Blob / Commit / Log)","NO (VCS database internals)","Internal git database","VCS System Metadata","Tracks commit history and git synchronization","Internal VCS objects",".git repository","KEEP (Do not delete if git version tracking is desired)","SAFE_TO_DELETE_IF_NOT_A_GIT_REPO","Git system internal tracking object; irrelevant to disease research data but essential for git functionality"
".git\objects\91\c3bfb421eb6f92df169aa91968e0174d17913d","c3bfb421eb6f92df169aa91968e0174d17913d","",1073499,"I","P5","Git Version Control System","Git Internals","2026","N/A","N/A","Version Control Database Metadata (Blob / Commit / Log)","NO (VCS database internals)","Internal git database","VCS System Metadata","Tracks commit history and git synchronization","Internal VCS objects",".git repository","KEEP (Do not delete if git version tracking is desired)","SAFE_TO_DELETE_IF_NOT_A_GIT_REPO","Git system internal tracking object; irrelevant to disease research data but essential for git functionality"
".git\objects\92\866cc72c8d27b4824d41ceb74f8e8ad493fc32","866cc72c8d27b4824d41ceb74f8e8ad493fc32","",660873,"I","P5","Git Version Control System","Git Internals","2026","N/A","N/A","Version Control Database Metadata (Blob / Commit / Log)","NO (VCS database internals)","Internal git database","VCS System Metadata","Tracks commit history and git synchronization","Internal VCS objects",".git repository","KEEP (Do not delete if git version tracking is desired)","SAFE_TO_DELETE_IF_NOT_A_GIT_REPO","Git system internal tracking object; irrelevant to disease research data but essential for git functionality"
".git\objects\94\71bb5dd63a5eb7d96135f1bf281291a4889ed6","71bb5dd63a5eb7d96135f1bf281291a4889ed6","",537488,"I","P5","Git Version Control System","Git Internals","2026","N/A","N/A","Version Control Database Metadata (Blob / Commit / Log)","NO (VCS database internals)","Internal git database","VCS System Metadata","Tracks commit history and git synchronization","Internal VCS objects",".git repository","KEEP (Do not delete if git version tracking is desired)","SAFE_TO_DELETE_IF_NOT_A_GIT_REPO","Git system internal tracking object; irrelevant to disease research data but essential for git functionality"
".git\objects\94\e43c93316cf8b64f867d52128d772d29cf12a4","e43c93316cf8b64f867d52128d772d29cf12a4","",1171477,"I","P5","Git Version Control System","Git Internals","2026","N/A","N/A","Version Control Database Metadata (Blob / Commit / Log)","NO (VCS database internals)","Internal git database","VCS System Metadata","Tracks commit history and git synchronization","Internal VCS objects",".git repository","KEEP (Do not delete if git version tracking is desired)","SAFE_TO_DELETE_IF_NOT_A_GIT_REPO","Git system internal tracking object; irrelevant to disease research data but essential for git functionality"
".git\objects\95\03b982fb84db961b387ca63eb8959465d08356","03b982fb84db961b387ca63eb8959465d08356","",1019,"I","P5","Git Version Control System","Git Internals","2026","N/A","N/A","Version Control Database Metadata (Blob / Commit / Log)","NO (VCS database internals)","Internal git database","VCS System Metadata","Tracks commit history and git synchronization","Internal VCS objects",".git repository","KEEP (Do not delete if git version tracking is desired)","SAFE_TO_DELETE_IF_NOT_A_GIT_REPO","Git system internal tracking object; irrelevant to disease research data but essential for git functionality"
".git\objects\95\490b00190b48b9a5eef9a19e683c8771b0463c","490b00190b48b9a5eef9a19e683c8771b0463c","",1773,"I","P5","Git Version Control System","Git Internals","2026","N/A","N/A","Version Control Database Metadata (Blob / Commit / Log)","NO (VCS database internals)","Internal git database","VCS System Metadata","Tracks commit history and git synchronization","Internal VCS objects",".git repository","KEEP (Do not delete if git version tracking is desired)","SAFE_TO_DELETE_IF_NOT_A_GIT_REPO","Git system internal tracking object; irrelevant to disease research data but essential for git functionality"
".git\objects\99\072d88911e127f0953916716fc1d11ff34fc89","072d88911e127f0953916716fc1d11ff34fc89","",667771,"I","P5","Git Version Control System","Git Internals","2026","N/A","N/A","Version Control Database Metadata (Blob / Commit / Log)","NO (VCS database internals)","Internal git database","VCS System Metadata","Tracks commit history and git synchronization","Internal VCS objects",".git repository","KEEP (Do not delete if git version tracking is desired)","SAFE_TO_DELETE_IF_NOT_A_GIT_REPO","Git system internal tracking object; irrelevant to disease research data but essential for git functionality"
".git\objects\99\fd3b0b12730d98bd3b8778879080d828a15069","fd3b0b12730d98bd3b8778879080d828a15069","",696781,"I","P5","Git Version Control System","Git Internals","2026","N/A","N/A","Version Control Database Metadata (Blob / Commit / Log)","NO (VCS database internals)","Internal git database","VCS System Metadata","Tracks commit history and git synchronization","Internal VCS objects",".git repository","KEEP (Do not delete if git version tracking is desired)","SAFE_TO_DELETE_IF_NOT_A_GIT_REPO","Git system internal tracking object; irrelevant to disease research data but essential for git functionality"
".git\objects\9a\297ed4f8af8992ed6ae69237686d5aea4fa21b","297ed4f8af8992ed6ae69237686d5aea4fa21b","",578332,"I","P5","Git Version Control System","Git Internals","2026","N/A","N/A","Version Control Database Metadata (Blob / Commit / Log)","NO (VCS database internals)","Internal git database","VCS System Metadata","Tracks commit history and git synchronization","Internal VCS objects",".git repository","KEEP (Do not delete if git version tracking is desired)","SAFE_TO_DELETE_IF_NOT_A_GIT_REPO","Git system internal tracking object; irrelevant to disease research data but essential for git functionality"
".git\objects\9a\838c6930bd8e3125684569d2d04d68d7045c94","838c6930bd8e3125684569d2d04d68d7045c94","",688215,"I","P5","Git Version Control System","Git Internals","2026","N/A","N/A","Version Control Database Metadata (Blob / Commit / Log)","NO (VCS database internals)","Internal git database","VCS System Metadata","Tracks commit history and git synchronization","Internal VCS objects",".git repository","KEEP (Do not delete if git version tracking is desired)","SAFE_TO_DELETE_IF_NOT_A_GIT_REPO","Git system internal tracking object; irrelevant to disease research data but essential for git functionality"
".git\objects\9a\c4377be7b2198f3f79778330e594a2780655a8","c4377be7b2198f3f79778330e594a2780655a8","",705393,"I","P5","Git Version Control System","Git Internals","2026","N/A","N/A","Version Control Database Metadata (Blob / Commit / Log)","NO (VCS database internals)","Internal git database","VCS System Metadata","Tracks commit history and git synchronization","Internal VCS objects",".git repository","KEEP (Do not delete if git version tracking is desired)","SAFE_TO_DELETE_IF_NOT_A_GIT_REPO","Git system internal tracking object; irrelevant to disease research data but essential for git functionality"
".git\objects\9d\3642b40dce4e034cc96ff5eb48d36768ace0eb","3642b40dce4e034cc96ff5eb48d36768ace0eb","",1070675,"I","P5","Git Version Control System","Git Internals","2026","N/A","N/A","Version Control Database Metadata (Blob / Commit / Log)","NO (VCS database internals)","Internal git database","VCS System Metadata","Tracks commit history and git synchronization","Internal VCS objects",".git repository","KEEP (Do not delete if git version tracking is desired)","SAFE_TO_DELETE_IF_NOT_A_GIT_REPO","Git system internal tracking object; irrelevant to disease research data but essential for git functionality"
".git\objects\9d\d4cefa9cc24297ab2fcc0843998c070368ac38","d4cefa9cc24297ab2fcc0843998c070368ac38","",543129,"I","P5","Git Version Control System","Git Internals","2026","N/A","N/A","Version Control Database Metadata (Blob / Commit / Log)","NO (VCS database internals)","Internal git database","VCS System Metadata","Tracks commit history and git synchronization","Internal VCS objects",".git repository","KEEP (Do not delete if git version tracking is desired)","SAFE_TO_DELETE_IF_NOT_A_GIT_REPO","Git system internal tracking object; irrelevant to disease research data but essential for git functionality"
".git\objects\9e\125cbaf8628075fce643daff8f11ed75512b72","125cbaf8628075fce643daff8f11ed75512b72","",733854,"I","P5","Git Version Control System","Git Internals","2026","N/A","N/A","Version Control Database Metadata (Blob / Commit / Log)","NO (VCS database internals)","Internal git database","VCS System Metadata","Tracks commit history and git synchronization","Internal VCS objects",".git repository","KEEP (Do not delete if git version tracking is desired)","SAFE_TO_DELETE_IF_NOT_A_GIT_REPO","Git system internal tracking object; irrelevant to disease research data but essential for git functionality"
".git\objects\9e\6a114a80f4c7d52cb0f1b1552294b011c12131","6a114a80f4c7d52cb0f1b1552294b011c12131","",724151,"I","P5","Git Version Control System","Git Internals","2026","N/A","N/A","Version Control Database Metadata (Blob / Commit / Log)","NO (VCS database internals)","Internal git database","VCS System Metadata","Tracks commit history and git synchronization","Internal VCS objects",".git repository","KEEP (Do not delete if git version tracking is desired)","SAFE_TO_DELETE_IF_NOT_A_GIT_REPO","Git system internal tracking object; irrelevant to disease research data but essential for git functionality"
".git\objects\9e\79207241193ca9a1278d8dc036ccf6a8547b11","79207241193ca9a1278d8dc036ccf6a8547b11","",623909,"I","P5","Git Version Control System","Git Internals","2026","N/A","N/A","Version Control Database Metadata (Blob / Commit / Log)","NO (VCS database internals)","Internal git database","VCS System Metadata","Tracks commit history and git synchronization","Internal VCS objects",".git repository","KEEP (Do not delete if git version tracking is desired)","SAFE_TO_DELETE_IF_NOT_A_GIT_REPO","Git system internal tracking object; irrelevant to disease research data but essential for git functionality"
".git\objects\a0\64aa6ca73c0609acab957de6fb3c1d56737fe6","64aa6ca73c0609acab957de6fb3c1d56737fe6","",438,"I","P5","Git Version Control System","Git Internals","2026","N/A","N/A","Version Control Database Metadata (Blob / Commit / Log)","NO (VCS database internals)","Internal git database","VCS System Metadata","Tracks commit history and git synchronization","Internal VCS objects",".git repository","KEEP (Do not delete if git version tracking is desired)","SAFE_TO_DELETE_IF_NOT_A_GIT_REPO","Git system internal tracking object; irrelevant to disease research data but essential for git functionality"
".git\objects\a1\ca696e8ff4ffd1f4387e0d1542d8da6b4d390a","ca696e8ff4ffd1f4387e0d1542d8da6b4d390a","",1555,"I","P5","Git Version Control System","Git Internals","2026","N/A","N/A","Version Control Database Metadata (Blob / Commit / Log)","NO (VCS database internals)","Internal git database","VCS System Metadata","Tracks commit history and git synchronization","Internal VCS objects",".git repository","KEEP (Do not delete if git version tracking is desired)","SAFE_TO_DELETE_IF_NOT_A_GIT_REPO","Git system internal tracking object; irrelevant to disease research data but essential for git functionality"
".git\objects\a2\83e59fa06df38e88a4da8cc351f9ab2ef98f86","83e59fa06df38e88a4da8cc351f9ab2ef98f86","",914407,"I","P5","Git Version Control System","Git Internals","2026","N/A","N/A","Version Control Database Metadata (Blob / Commit / Log)","NO (VCS database internals)","Internal git database","VCS System Metadata","Tracks commit history and git synchronization","Internal VCS objects",".git repository","KEEP (Do not delete if git version tracking is desired)","SAFE_TO_DELETE_IF_NOT_A_GIT_REPO","Git system internal tracking object; irrelevant to disease research data but essential for git functionality"
".git\objects\a2\8835e4f8dc54bcd3b1720bea02b114da57cb74","8835e4f8dc54bcd3b1720bea02b114da57cb74","",639,"I","P5","Git Version Control System","Git Internals","2026","N/A","N/A","Version Control Database Metadata (Blob / Commit / Log)","NO (VCS database internals)","Internal git database","VCS System Metadata","Tracks commit history and git synchronization","Internal VCS objects",".git repository","KEEP (Do not delete if git version tracking is desired)","SAFE_TO_DELETE_IF_NOT_A_GIT_REPO","Git system internal tracking object; irrelevant to disease research data but essential for git functionality"
".git\objects\a2\8df98df4103338ddb98b99a7cdd6d816b4773f","8df98df4103338ddb98b99a7cdd6d816b4773f","",1100,"I","P5","Git Version Control System","Git Internals","2026","N/A","N/A","Version Control Database Metadata (Blob / Commit / Log)","NO (VCS database internals)","Internal git database","VCS System Metadata","Tracks commit history and git synchronization","Internal VCS objects",".git repository","KEEP (Do not delete if git version tracking is desired)","SAFE_TO_DELETE_IF_NOT_A_GIT_REPO","Git system internal tracking object; irrelevant to disease research data but essential for git functionality"
".git\objects\a2\a694508e580d365531e6616f28ac72832cead2","a694508e580d365531e6616f28ac72832cead2","",1309,"I","P5","Git Version Control System","Git Internals","2026","N/A","N/A","Version Control Database Metadata (Blob / Commit / Log)","NO (VCS database internals)","Internal git database","VCS System Metadata","Tracks commit history and git synchronization","Internal VCS objects",".git repository","KEEP (Do not delete if git version tracking is desired)","SAFE_TO_DELETE_IF_NOT_A_GIT_REPO","Git system internal tracking object; irrelevant to disease research data but essential for git functionality"
".git\objects\a3\cb666d0c3519e337497073edf46f2154ca3018","cb666d0c3519e337497073edf46f2154ca3018","",955492,"I","P5","Git Version Control System","Git Internals","2026","N/A","N/A","Version Control Database Metadata (Blob / Commit / Log)","NO (VCS database internals)","Internal git database","VCS System Metadata","Tracks commit history and git synchronization","Internal VCS objects",".git repository","KEEP (Do not delete if git version tracking is desired)","SAFE_TO_DELETE_IF_NOT_A_GIT_REPO","Git system internal tracking object; irrelevant to disease research data but essential for git functionality"
".git\objects\a5\c238ef8ca2743324f817a524dd78f6ea2adf2b","c238ef8ca2743324f817a524dd78f6ea2adf2b","",563026,"I","P5","Git Version Control System","Git Internals","2026","N/A","N/A","Version Control Database Metadata (Blob / Commit / Log)","NO (VCS database internals)","Internal git database","VCS System Metadata","Tracks commit history and git synchronization","Internal VCS objects",".git repository","KEEP (Do not delete if git version tracking is desired)","SAFE_TO_DELETE_IF_NOT_A_GIT_REPO","Git system internal tracking object; irrelevant to disease research data but essential for git functionality"
".git\objects\a6\f0809ba4f6f77f37e7fc7d1410007cafdb1215","f0809ba4f6f77f37e7fc7d1410007cafdb1215","",575671,"I","P5","Git Version Control System","Git Internals","2026","N/A","N/A","Version Control Database Metadata (Blob / Commit / Log)","NO (VCS database internals)","Internal git database","VCS System Metadata","Tracks commit history and git synchronization","Internal VCS objects",".git repository","KEEP (Do not delete if git version tracking is desired)","SAFE_TO_DELETE_IF_NOT_A_GIT_REPO","Git system internal tracking object; irrelevant to disease research data but essential for git functionality"
".git\objects\a8\0ae3f09dc620d0fb47dd5b7b46b1ca437838d4","0ae3f09dc620d0fb47dd5b7b46b1ca437838d4","",753,"I","P5","Git Version Control System","Git Internals","2026","N/A","N/A","Version Control Database Metadata (Blob / Commit / Log)","NO (VCS database internals)","Internal git database","VCS System Metadata","Tracks commit history and git synchronization","Internal VCS objects",".git repository","KEEP (Do not delete if git version tracking is desired)","SAFE_TO_DELETE_IF_NOT_A_GIT_REPO","Git system internal tracking object; irrelevant to disease research data but essential for git functionality"
".git\objects\a8\aa47af85547aedd28bba24a615d180c5fb4966","aa47af85547aedd28bba24a615d180c5fb4966","",842271,"I","P5","Git Version Control System","Git Internals","2026","N/A","N/A","Version Control Database Metadata (Blob / Commit / Log)","NO (VCS database internals)","Internal git database","VCS System Metadata","Tracks commit history and git synchronization","Internal VCS objects",".git repository","KEEP (Do not delete if git version tracking is desired)","SAFE_TO_DELETE_IF_NOT_A_GIT_REPO","Git system internal tracking object; irrelevant to disease research data but essential for git functionality"
".git\objects\a9\70c6bf3a1d9fefa8aa4d5fcf0de6d628e97678","70c6bf3a1d9fefa8aa4d5fcf0de6d628e97678","",445504,"I","P5","Git Version Control System","Git Internals","2026","N/A","N/A","Version Control Database Metadata (Blob / Commit / Log)","NO (VCS database internals)","Internal git database","VCS System Metadata","Tracks commit history and git synchronization","Internal VCS objects",".git repository","KEEP (Do not delete if git version tracking is desired)","SAFE_TO_DELETE_IF_NOT_A_GIT_REPO","Git system internal tracking object; irrelevant to disease research data but essential for git functionality"
".git\objects\aa\1da6d375b7527f86a07a5cd38b71eb394d2f78","1da6d375b7527f86a07a5cd38b71eb394d2f78","",1224,"I","P5","Git Version Control System","Git Internals","2026","N/A","N/A","Version Control Database Metadata (Blob / Commit / Log)","NO (VCS database internals)","Internal git database","VCS System Metadata","Tracks commit history and git synchronization","Internal VCS objects",".git repository","KEEP (Do not delete if git version tracking is desired)","SAFE_TO_DELETE_IF_NOT_A_GIT_REPO","Git system internal tracking object; irrelevant to disease research data but essential for git functionality"
".git\objects\ab\3e55b6e564344efd9b4cb52cbc5b3aa6af04d2","3e55b6e564344efd9b4cb52cbc5b3aa6af04d2","",1269,"I","P5","Git Version Control System","Git Internals","2026","N/A","N/A","Version Control Database Metadata (Blob / Commit / Log)","NO (VCS database internals)","Internal git database","VCS System Metadata","Tracks commit history and git synchronization","Internal VCS objects",".git repository","KEEP (Do not delete if git version tracking is desired)","SAFE_TO_DELETE_IF_NOT_A_GIT_REPO","Git system internal tracking object; irrelevant to disease research data but essential for git functionality"
".git\objects\ac\156cdadf6412726d70042cbf7f60f8fdd07a3d","156cdadf6412726d70042cbf7f60f8fdd07a3d","",121800,"I","P5","Git Version Control System","Git Internals","2026","N/A","N/A","Version Control Database Metadata (Blob / Commit / Log)","NO (VCS database internals)","Internal git database","VCS System Metadata","Tracks commit history and git synchronization","Internal VCS objects",".git repository","KEEP (Do not delete if git version tracking is desired)","SAFE_TO_DELETE_IF_NOT_A_GIT_REPO","Git system internal tracking object; irrelevant to disease research data but essential for git functionality"
".git\objects\ac\5afe3d23791c0d3d51879c0053a3f802ec6316","5afe3d23791c0d3d51879c0053a3f802ec6316","",5049,"I","P5","Git Version Control System","Git Internals","2026","N/A","N/A","Version Control Database Metadata (Blob / Commit / Log)","NO (VCS database internals)","Internal git database","VCS System Metadata","Tracks commit history and git synchronization","Internal VCS objects",".git repository","KEEP (Do not delete if git version tracking is desired)","SAFE_TO_DELETE_IF_NOT_A_GIT_REPO","Git system internal tracking object; irrelevant to disease research data but essential for git functionality"
".git\objects\ac\bc23eeaccbff1ba5dc6627a6eef1c7b3e73c21","bc23eeaccbff1ba5dc6627a6eef1c7b3e73c21","",641695,"I","P5","Git Version Control System","Git Internals","2026","N/A","N/A","Version Control Database Metadata (Blob / Commit / Log)","NO (VCS database internals)","Internal git database","VCS System Metadata","Tracks commit history and git synchronization","Internal VCS objects",".git repository","KEEP (Do not delete if git version tracking is desired)","SAFE_TO_DELETE_IF_NOT_A_GIT_REPO","Git system internal tracking object; irrelevant to disease research data but essential for git functionality"
".git\objects\af\4dcbfafa37d8b3490140389c595e88e0c43b7b","4dcbfafa37d8b3490140389c595e88e0c43b7b","",93635,"I","P5","Git Version Control System","Git Internals","2026","N/A","N/A","Version Control Database Metadata (Blob / Commit / Log)","NO (VCS database internals)","Internal git database","VCS System Metadata","Tracks commit history and git synchronization","Internal VCS objects",".git repository","KEEP (Do not delete if git version tracking is desired)","SAFE_TO_DELETE_IF_NOT_A_GIT_REPO","Git system internal tracking object; irrelevant to disease research data but essential for git functionality"
".git\objects\b0\9d515680e77875661879d1a7c14f3bf53ffd84","9d515680e77875661879d1a7c14f3bf53ffd84","",1112132,"I","P5","Git Version Control System","Git Internals","2026","N/A","N/A","Version Control Database Metadata (Blob / Commit / Log)","NO (VCS database internals)","Internal git database","VCS System Metadata","Tracks commit history and git synchronization","Internal VCS objects",".git repository","KEEP (Do not delete if git version tracking is desired)","SAFE_TO_DELETE_IF_NOT_A_GIT_REPO","Git system internal tracking object; irrelevant to disease research data but essential for git functionality"
".git\objects\b0\9f6750a56b94440d8effd98217519f4a63b373","9f6750a56b94440d8effd98217519f4a63b373","",597900,"I","P5","Git Version Control System","Git Internals","2026","N/A","N/A","Version Control Database Metadata (Blob / Commit / Log)","NO (VCS database internals)","Internal git database","VCS System Metadata","Tracks commit history and git synchronization","Internal VCS objects",".git repository","KEEP (Do not delete if git version tracking is desired)","SAFE_TO_DELETE_IF_NOT_A_GIT_REPO","Git system internal tracking object; irrelevant to disease research data but essential for git functionality"
".git\objects\b0\e6cd6f00fe3c44ae24e0344254a0461d36e1bb","e6cd6f00fe3c44ae24e0344254a0461d36e1bb","",437899,"I","P5","Git Version Control System","Git Internals","2026","N/A","N/A","Version Control Database Metadata (Blob / Commit / Log)","NO (VCS database internals)","Internal git database","VCS System Metadata","Tracks commit history and git synchronization","Internal VCS objects",".git repository","KEEP (Do not delete if git version tracking is desired)","SAFE_TO_DELETE_IF_NOT_A_GIT_REPO","Git system internal tracking object; irrelevant to disease research data but essential for git functionality"
".git\objects\b1\7d700a7789f3768fd439cfe6eb63d87f8fbcc6","7d700a7789f3768fd439cfe6eb63d87f8fbcc6","",974427,"I","P5","Git Version Control System","Git Internals","2026","N/A","N/A","Version Control Database Metadata (Blob / Commit / Log)","NO (VCS database internals)","Internal git database","VCS System Metadata","Tracks commit history and git synchronization","Internal VCS objects",".git repository","KEEP (Do not delete if git version tracking is desired)","SAFE_TO_DELETE_IF_NOT_A_GIT_REPO","Git system internal tracking object; irrelevant to disease research data but essential for git functionality"
".git\objects\b2\9b1b74973ad7ac3b4d32800ef5eaefe5c3b118","9b1b74973ad7ac3b4d32800ef5eaefe5c3b118","",733675,"I","P5","Git Version Control System","Git Internals","2026","N/A","N/A","Version Control Database Metadata (Blob / Commit / Log)","NO (VCS database internals)","Internal git database","VCS System Metadata","Tracks commit history and git synchronization","Internal VCS objects",".git repository","KEEP (Do not delete if git version tracking is desired)","SAFE_TO_DELETE_IF_NOT_A_GIT_REPO","Git system internal tracking object; irrelevant to disease research data but essential for git functionality"
".git\objects\b2\b19f561cef9867a25704621a0aa823e29edf4f","b19f561cef9867a25704621a0aa823e29edf4f","",520217,"I","P5","Git Version Control System","Git Internals","2026","N/A","N/A","Version Control Database Metadata (Blob / Commit / Log)","NO (VCS database internals)","Internal git database","VCS System Metadata","Tracks commit history and git synchronization","Internal VCS objects",".git repository","KEEP (Do not delete if git version tracking is desired)","SAFE_TO_DELETE_IF_NOT_A_GIT_REPO","Git system internal tracking object; irrelevant to disease research data but essential for git functionality"
".git\objects\b3\c82ba278665a5147f2a4edcc9f890c4f680c4e","c82ba278665a5147f2a4edcc9f890c4f680c4e","",782561,"I","P5","Git Version Control System","Git Internals","2026","N/A","N/A","Version Control Database Metadata (Blob / Commit / Log)","NO (VCS database internals)","Internal git database","VCS System Metadata","Tracks commit history and git synchronization","Internal VCS objects",".git repository","KEEP (Do not delete if git version tracking is desired)","SAFE_TO_DELETE_IF_NOT_A_GIT_REPO","Git system internal tracking object; irrelevant to disease research data but essential for git functionality"
".git\objects\b3\c8fe1673240d6fd787500cc09fbafa61804323","c8fe1673240d6fd787500cc09fbafa61804323","",1034576,"I","P5","Git Version Control System","Git Internals","2026","N/A","N/A","Version Control Database Metadata (Blob / Commit / Log)","NO (VCS database internals)","Internal git database","VCS System Metadata","Tracks commit history and git synchronization","Internal VCS objects",".git repository","KEEP (Do not delete if git version tracking is desired)","SAFE_TO_DELETE_IF_NOT_A_GIT_REPO","Git system internal tracking object; irrelevant to disease research data but essential for git functionality"
".git\objects\b4\720524762f7683f9cb2b691b58a2cdb4e9fa66","720524762f7683f9cb2b691b58a2cdb4e9fa66","",554706,"I","P5","Git Version Control System","Git Internals","2026","N/A","N/A","Version Control Database Metadata (Blob / Commit / Log)","NO (VCS database internals)","Internal git database","VCS System Metadata","Tracks commit history and git synchronization","Internal VCS objects",".git repository","KEEP (Do not delete if git version tracking is desired)","SAFE_TO_DELETE_IF_NOT_A_GIT_REPO","Git system internal tracking object; irrelevant to disease research data but essential for git functionality"
".git\objects\b4\a501c1953770fd6a003a213b67751ef14a7d06","a501c1953770fd6a003a213b67751ef14a7d06","",605378,"I","P5","Git Version Control System","Git Internals","2026","N/A","N/A","Version Control Database Metadata (Blob / Commit / Log)","NO (VCS database internals)","Internal git database","VCS System Metadata","Tracks commit history and git synchronization","Internal VCS objects",".git repository","KEEP (Do not delete if git version tracking is desired)","SAFE_TO_DELETE_IF_NOT_A_GIT_REPO","Git system internal tracking object; irrelevant to disease research data but essential for git functionality"
".git\objects\b4\a9d5cb2eea82629529d699492b60057ee9de6b","a9d5cb2eea82629529d699492b60057ee9de6b","",563091,"I","P5","Git Version Control System","Git Internals","2026","N/A","N/A","Version Control Database Metadata (Blob / Commit / Log)","NO (VCS database internals)","Internal git database","VCS System Metadata","Tracks commit history and git synchronization","Internal VCS objects",".git repository","KEEP (Do not delete if git version tracking is desired)","SAFE_TO_DELETE_IF_NOT_A_GIT_REPO","Git system internal tracking object; irrelevant to disease research data but essential for git functionality"
".git\objects\b7\60a413bbba33aa29a2c6d70366ce74cdfc482f","60a413bbba33aa29a2c6d70366ce74cdfc482f","",632531,"I","P5","Git Version Control System","Git Internals","2026","N/A","N/A","Version Control Database Metadata (Blob / Commit / Log)","NO (VCS database internals)","Internal git database","VCS System Metadata","Tracks commit history and git synchronization","Internal VCS objects",".git repository","KEEP (Do not delete if git version tracking is desired)","SAFE_TO_DELETE_IF_NOT_A_GIT_REPO","Git system internal tracking object; irrelevant to disease research data but essential for git functionality"
".git\objects\b7\cb696ad79ed304e24790c6774738a54264400b","cb696ad79ed304e24790c6774738a54264400b","",494545,"I","P5","Git Version Control System","Git Internals","2026","N/A","N/A","Version Control Database Metadata (Blob / Commit / Log)","NO (VCS database internals)","Internal git database","VCS System Metadata","Tracks commit history and git synchronization","Internal VCS objects",".git repository","KEEP (Do not delete if git version tracking is desired)","SAFE_TO_DELETE_IF_NOT_A_GIT_REPO","Git system internal tracking object; irrelevant to disease research data but essential for git functionality"
".git\objects\b8\fd48ca906d82f2637988e589fede964f9d4a15","fd48ca906d82f2637988e589fede964f9d4a15","",652364,"I","P5","Git Version Control System","Git Internals","2026","N/A","N/A","Version Control Database Metadata (Blob / Commit / Log)","NO (VCS database internals)","Internal git database","VCS System Metadata","Tracks commit history and git synchronization","Internal VCS objects",".git repository","KEEP (Do not delete if git version tracking is desired)","SAFE_TO_DELETE_IF_NOT_A_GIT_REPO","Git system internal tracking object; irrelevant to disease research data but essential for git functionality"
".git\objects\b9\33619d29de28783047bcc58740cc3c30ba72f6","33619d29de28783047bcc58740cc3c30ba72f6","",1176150,"I","P5","Git Version Control System","Git Internals","2026","N/A","N/A","Version Control Database Metadata (Blob / Commit / Log)","NO (VCS database internals)","Internal git database","VCS System Metadata","Tracks commit history and git synchronization","Internal VCS objects",".git repository","KEEP (Do not delete if git version tracking is desired)","SAFE_TO_DELETE_IF_NOT_A_GIT_REPO","Git system internal tracking object; irrelevant to disease research data but essential for git functionality"
".git\objects\b9\3b799cdbcde3554284d47f63d587492c95e7b6","3b799cdbcde3554284d47f63d587492c95e7b6","",782803,"I","P5","Git Version Control System","Git Internals","2026","N/A","N/A","Version Control Database Metadata (Blob / Commit / Log)","NO (VCS database internals)","Internal git database","VCS System Metadata","Tracks commit history and git synchronization","Internal VCS objects",".git repository","KEEP (Do not delete if git version tracking is desired)","SAFE_TO_DELETE_IF_NOT_A_GIT_REPO","Git system internal tracking object; irrelevant to disease research data but essential for git functionality"
".git\objects\b9\9adf611f46aeec20f9a8ebdbb7f45980d3b0a8","9adf611f46aeec20f9a8ebdbb7f45980d3b0a8","",951217,"I","P5","Git Version Control System","Git Internals","2026","N/A","N/A","Version Control Database Metadata (Blob / Commit / Log)","NO (VCS database internals)","Internal git database","VCS System Metadata","Tracks commit history and git synchronization","Internal VCS objects",".git repository","KEEP (Do not delete if git version tracking is desired)","SAFE_TO_DELETE_IF_NOT_A_GIT_REPO","Git system internal tracking object; irrelevant to disease research data but essential for git functionality"
".git\objects\b9\ddfbfbccb0a54c5850bad4d0ca6ebdf24fbfd5","ddfbfbccb0a54c5850bad4d0ca6ebdf24fbfd5","",1068,"I","P5","Git Version Control System","Git Internals","2026","N/A","N/A","Version Control Database Metadata (Blob / Commit / Log)","NO (VCS database internals)","Internal git database","VCS System Metadata","Tracks commit history and git synchronization","Internal VCS objects",".git repository","KEEP (Do not delete if git version tracking is desired)","SAFE_TO_DELETE_IF_NOT_A_GIT_REPO","Git system internal tracking object; irrelevant to disease research data but essential for git functionality"
".git\objects\bb\0b80d35f33e8f6c5a2a79535779cfc70237340","0b80d35f33e8f6c5a2a79535779cfc70237340","",1040655,"I","P5","Git Version Control System","Git Internals","2026","N/A","N/A","Version Control Database Metadata (Blob / Commit / Log)","NO (VCS database internals)","Internal git database","VCS System Metadata","Tracks commit history and git synchronization","Internal VCS objects",".git repository","KEEP (Do not delete if git version tracking is desired)","SAFE_TO_DELETE_IF_NOT_A_GIT_REPO","Git system internal tracking object; irrelevant to disease research data but essential for git functionality"
".git\objects\bb\fe0369b2b07688d2b790548698a6d9d6332ed8","fe0369b2b07688d2b790548698a6d9d6332ed8","",946320,"I","P5","Git Version Control System","Git Internals","2026","N/A","N/A","Version Control Database Metadata (Blob / Commit / Log)","NO (VCS database internals)","Internal git database","VCS System Metadata","Tracks commit history and git synchronization","Internal VCS objects",".git repository","KEEP (Do not delete if git version tracking is desired)","SAFE_TO_DELETE_IF_NOT_A_GIT_REPO","Git system internal tracking object; irrelevant to disease research data but essential for git functionality"
".git\objects\bc\3c2afe770819628d9386abd4e2d9541b6e2f93","3c2afe770819628d9386abd4e2d9541b6e2f93","",662341,"I","P5","Git Version Control System","Git Internals","2026","N/A","N/A","Version Control Database Metadata (Blob / Commit / Log)","NO (VCS database internals)","Internal git database","VCS System Metadata","Tracks commit history and git synchronization","Internal VCS objects",".git repository","KEEP (Do not delete if git version tracking is desired)","SAFE_TO_DELETE_IF_NOT_A_GIT_REPO","Git system internal tracking object; irrelevant to disease research data but essential for git functionality"
".git\objects\bc\7d367f9c1c9aca7403bfaa3c5cbf65f5333601","7d367f9c1c9aca7403bfaa3c5cbf65f5333601","",840839,"I","P5","Git Version Control System","Git Internals","2026","N/A","N/A","Version Control Database Metadata (Blob / Commit / Log)","NO (VCS database internals)","Internal git database","VCS System Metadata","Tracks commit history and git synchronization","Internal VCS objects",".git repository","KEEP (Do not delete if git version tracking is desired)","SAFE_TO_DELETE_IF_NOT_A_GIT_REPO","Git system internal tracking object; irrelevant to disease research data but essential for git functionality"
".git\objects\bd\e4e29a77ee36bd5f278cdf053c0a90240e2329","e4e29a77ee36bd5f278cdf053c0a90240e2329","",849818,"I","P5","Git Version Control System","Git Internals","2026","N/A","N/A","Version Control Database Metadata (Blob / Commit / Log)","NO (VCS database internals)","Internal git database","VCS System Metadata","Tracks commit history and git synchronization","Internal VCS objects",".git repository","KEEP (Do not delete if git version tracking is desired)","SAFE_TO_DELETE_IF_NOT_A_GIT_REPO","Git system internal tracking object; irrelevant to disease research data but essential for git functionality"
".git\objects\bf\c5372dfd91b43bb78ae2159736f1a846658eed","c5372dfd91b43bb78ae2159736f1a846658eed","",1007085,"I","P5","Git Version Control System","Git Internals","2026","N/A","N/A","Version Control Database Metadata (Blob / Commit / Log)","NO (VCS database internals)","Internal git database","VCS System Metadata","Tracks commit history and git synchronization","Internal VCS objects",".git repository","KEEP (Do not delete if git version tracking is desired)","SAFE_TO_DELETE_IF_NOT_A_GIT_REPO","Git system internal tracking object; irrelevant to disease research data but essential for git functionality"
".git\objects\c3\d6225056cc092821276fef3249bdccbc32b0db","d6225056cc092821276fef3249bdccbc32b0db","",675980,"I","P5","Git Version Control System","Git Internals","2026","N/A","N/A","Version Control Database Metadata (Blob / Commit / Log)","NO (VCS database internals)","Internal git database","VCS System Metadata","Tracks commit history and git synchronization","Internal VCS objects",".git repository","KEEP (Do not delete if git version tracking is desired)","SAFE_TO_DELETE_IF_NOT_A_GIT_REPO","Git system internal tracking object; irrelevant to disease research data but essential for git functionality"
".git\objects\c4\45a696f78459ec238e9a34bc631526d948b89c","45a696f78459ec238e9a34bc631526d948b89c","",513089,"I","P5","Git Version Control System","Git Internals","2026","N/A","N/A","Version Control Database Metadata (Blob / Commit / Log)","NO (VCS database internals)","Internal git database","VCS System Metadata","Tracks commit history and git synchronization","Internal VCS objects",".git repository","KEEP (Do not delete if git version tracking is desired)","SAFE_TO_DELETE_IF_NOT_A_GIT_REPO","Git system internal tracking object; irrelevant to disease research data but essential for git functionality"
".git\objects\c5\5ac5b766d844f1bc1116aafed22fc0234afcc0","5ac5b766d844f1bc1116aafed22fc0234afcc0","",715357,"I","P5","Git Version Control System","Git Internals","2026","N/A","N/A","Version Control Database Metadata (Blob / Commit / Log)","NO (VCS database internals)","Internal git database","VCS System Metadata","Tracks commit history and git synchronization","Internal VCS objects",".git repository","KEEP (Do not delete if git version tracking is desired)","SAFE_TO_DELETE_IF_NOT_A_GIT_REPO","Git system internal tracking object; irrelevant to disease research data but essential for git functionality"
".git\objects\c5\b846b267c3f3b388cc342850d858845b8e285d","b846b267c3f3b388cc342850d858845b8e285d","",3629,"I","P5","Git Version Control System","Git Internals","2026","N/A","N/A","Version Control Database Metadata (Blob / Commit / Log)","NO (VCS database internals)","Internal git database","VCS System Metadata","Tracks commit history and git synchronization","Internal VCS objects",".git repository","KEEP (Do not delete if git version tracking is desired)","SAFE_TO_DELETE_IF_NOT_A_GIT_REPO","Git system internal tracking object; irrelevant to disease research data but essential for git functionality"
".git\objects\c6\cf4d5004db47f5bcf6b4b90c703ba468dfb2ad","cf4d5004db47f5bcf6b4b90c703ba468dfb2ad","",814863,"I","P5","Git Version Control System","Git Internals","2026","N/A","N/A","Version Control Database Metadata (Blob / Commit / Log)","NO (VCS database internals)","Internal git database","VCS System Metadata","Tracks commit history and git synchronization","Internal VCS objects",".git repository","KEEP (Do not delete if git version tracking is desired)","SAFE_TO_DELETE_IF_NOT_A_GIT_REPO","Git system internal tracking object; irrelevant to disease research data but essential for git functionality"
".git\objects\c7\20edefff809d59cfc01be3ca1a77d06e897659","20edefff809d59cfc01be3ca1a77d06e897659","",16803,"I","P5","Git Version Control System","Git Internals","2026","N/A","N/A","Version Control Database Metadata (Blob / Commit / Log)","NO (VCS database internals)","Internal git database","VCS System Metadata","Tracks commit history and git synchronization","Internal VCS objects",".git repository","KEEP (Do not delete if git version tracking is desired)","SAFE_TO_DELETE_IF_NOT_A_GIT_REPO","Git system internal tracking object; irrelevant to disease research data but essential for git functionality"
".git\objects\c8\c15115ca237f3fe76326cf3278fe3f7ce8ef7e","c15115ca237f3fe76326cf3278fe3f7ce8ef7e","",645648,"I","P5","Git Version Control System","Git Internals","2026","N/A","N/A","Version Control Database Metadata (Blob / Commit / Log)","NO (VCS database internals)","Internal git database","VCS System Metadata","Tracks commit history and git synchronization","Internal VCS objects",".git repository","KEEP (Do not delete if git version tracking is desired)","SAFE_TO_DELETE_IF_NOT_A_GIT_REPO","Git system internal tracking object; irrelevant to disease research data but essential for git functionality"
".git\objects\c9\869e49092b8ba26335906b8b1dd4c224ad8376","869e49092b8ba26335906b8b1dd4c224ad8376","",1319375,"I","P5","Git Version Control System","Git Internals","2026","N/A","N/A","Version Control Database Metadata (Blob / Commit / Log)","NO (VCS database internals)","Internal git database","VCS System Metadata","Tracks commit history and git synchronization","Internal VCS objects",".git repository","KEEP (Do not delete if git version tracking is desired)","SAFE_TO_DELETE_IF_NOT_A_GIT_REPO","Git system internal tracking object; irrelevant to disease research data but essential for git functionality"
".git\objects\c9\dfab4c1498cd19ac6877de82abb9f5feed23cd","dfab4c1498cd19ac6877de82abb9f5feed23cd","",934667,"I","P5","Git Version Control System","Git Internals","2026","N/A","N/A","Version Control Database Metadata (Blob / Commit / Log)","NO (VCS database internals)","Internal git database","VCS System Metadata","Tracks commit history and git synchronization","Internal VCS objects",".git repository","KEEP (Do not delete if git version tracking is desired)","SAFE_TO_DELETE_IF_NOT_A_GIT_REPO","Git system internal tracking object; irrelevant to disease research data but essential for git functionality"
".git\objects\cc\0f72e18ccbee1404a59db5c856d51fb3148fad","0f72e18ccbee1404a59db5c856d51fb3148fad","",794860,"I","P5","Git Version Control System","Git Internals","2026","N/A","N/A","Version Control Database Metadata (Blob / Commit / Log)","NO (VCS database internals)","Internal git database","VCS System Metadata","Tracks commit history and git synchronization","Internal VCS objects",".git repository","KEEP (Do not delete if git version tracking is desired)","SAFE_TO_DELETE_IF_NOT_A_GIT_REPO","Git system internal tracking object; irrelevant to disease research data but essential for git functionality"
".git\objects\cc\92c801ff31dfa91480b653e8357d1b965a5b00","92c801ff31dfa91480b653e8357d1b965a5b00","",847141,"I","P5","Git Version Control System","Git Internals","2026","N/A","N/A","Version Control Database Metadata (Blob / Commit / Log)","NO (VCS database internals)","Internal git database","VCS System Metadata","Tracks commit history and git synchronization","Internal VCS objects",".git repository","KEEP (Do not delete if git version tracking is desired)","SAFE_TO_DELETE_IF_NOT_A_GIT_REPO","Git system internal tracking object; irrelevant to disease research data but essential for git functionality"
".git\objects\d0\1c7f4aaa5435afbc4fa72a87f9a79e517d7585","1c7f4aaa5435afbc4fa72a87f9a79e517d7585","",646288,"I","P5","Git Version Control System","Git Internals","2026","N/A","N/A","Version Control Database Metadata (Blob / Commit / Log)","NO (VCS database internals)","Internal git database","VCS System Metadata","Tracks commit history and git synchronization","Internal VCS objects",".git repository","KEEP (Do not delete if git version tracking is desired)","SAFE_TO_DELETE_IF_NOT_A_GIT_REPO","Git system internal tracking object; irrelevant to disease research data but essential for git functionality"
".git\objects\d2\0b5a4b9a9db0695c64152cc42f2bd812d9c479","0b5a4b9a9db0695c64152cc42f2bd812d9c479","",621622,"I","P5","Git Version Control System","Git Internals","2026","N/A","N/A","Version Control Database Metadata (Blob / Commit / Log)","NO (VCS database internals)","Internal git database","VCS System Metadata","Tracks commit history and git synchronization","Internal VCS objects",".git repository","KEEP (Do not delete if git version tracking is desired)","SAFE_TO_DELETE_IF_NOT_A_GIT_REPO","Git system internal tracking object; irrelevant to disease research data but essential for git functionality"
".git\objects\d2\a9a8e9aed4d6b35bbfdb4939d8ce90b7844ff8","a9a8e9aed4d6b35bbfdb4939d8ce90b7844ff8","",599678,"I","P5","Git Version Control System","Git Internals","2026","N/A","N/A","Version Control Database Metadata (Blob / Commit / Log)","NO (VCS database internals)","Internal git database","VCS System Metadata","Tracks commit history and git synchronization","Internal VCS objects",".git repository","KEEP (Do not delete if git version tracking is desired)","SAFE_TO_DELETE_IF_NOT_A_GIT_REPO","Git system internal tracking object; irrelevant to disease research data but essential for git functionality"
".git\objects\d3\4052b53a68ad8346d15a3d4f6fbe2406d29cdf","4052b53a68ad8346d15a3d4f6fbe2406d29cdf","",4327,"I","P5","Git Version Control System","Git Internals","2026","N/A","N/A","Version Control Database Metadata (Blob / Commit / Log)","NO (VCS database internals)","Internal git database","VCS System Metadata","Tracks commit history and git synchronization","Internal VCS objects",".git repository","KEEP (Do not delete if git version tracking is desired)","SAFE_TO_DELETE_IF_NOT_A_GIT_REPO","Git system internal tracking object; irrelevant to disease research data but essential for git functionality"
".git\objects\d3\8687e3e6f6825eb0bcb0bd8eee6ec231cbc419","8687e3e6f6825eb0bcb0bd8eee6ec231cbc419","",599636,"I","P5","Git Version Control System","Git Internals","2026","N/A","N/A","Version Control Database Metadata (Blob / Commit / Log)","NO (VCS database internals)","Internal git database","VCS System Metadata","Tracks commit history and git synchronization","Internal VCS objects",".git repository","KEEP (Do not delete if git version tracking is desired)","SAFE_TO_DELETE_IF_NOT_A_GIT_REPO","Git system internal tracking object; irrelevant to disease research data but essential for git functionality"
".git\objects\d3\f37bf951e7bdff1c685c902f08d020d79c1de3","f37bf951e7bdff1c685c902f08d020d79c1de3","",66884,"I","P5","Git Version Control System","Git Internals","2026","N/A","N/A","Version Control Database Metadata (Blob / Commit / Log)","NO (VCS database internals)","Internal git database","VCS System Metadata","Tracks commit history and git synchronization","Internal VCS objects",".git repository","KEEP (Do not delete if git version tracking is desired)","SAFE_TO_DELETE_IF_NOT_A_GIT_REPO","Git system internal tracking object; irrelevant to disease research data but essential for git functionality"
".git\objects\d5\0683dbc8350e5d92c55c46a49bed3adf4582d0","0683dbc8350e5d92c55c46a49bed3adf4582d0","",897686,"I","P5","Git Version Control System","Git Internals","2026","N/A","N/A","Version Control Database Metadata (Blob / Commit / Log)","NO (VCS database internals)","Internal git database","VCS System Metadata","Tracks commit history and git synchronization","Internal VCS objects",".git repository","KEEP (Do not delete if git version tracking is desired)","SAFE_TO_DELETE_IF_NOT_A_GIT_REPO","Git system internal tracking object; irrelevant to disease research data but essential for git functionality"
".git\objects\d5\41108040793067ec205fd57a2d811e9c567336","41108040793067ec205fd57a2d811e9c567336","",862827,"I","P5","Git Version Control System","Git Internals","2026","N/A","N/A","Version Control Database Metadata (Blob / Commit / Log)","NO (VCS database internals)","Internal git database","VCS System Metadata","Tracks commit history and git synchronization","Internal VCS objects",".git repository","KEEP (Do not delete if git version tracking is desired)","SAFE_TO_DELETE_IF_NOT_A_GIT_REPO","Git system internal tracking object; irrelevant to disease research data but essential for git functionality"
".git\objects\d5\e4e0fd387a49c91c3553352a997ae6b6066548","e4e0fd387a49c91c3553352a997ae6b6066548","",696409,"I","P5","Git Version Control System","Git Internals","2026","N/A","N/A","Version Control Database Metadata (Blob / Commit / Log)","NO (VCS database internals)","Internal git database","VCS System Metadata","Tracks commit history and git synchronization","Internal VCS objects",".git repository","KEEP (Do not delete if git version tracking is desired)","SAFE_TO_DELETE_IF_NOT_A_GIT_REPO","Git system internal tracking object; irrelevant to disease research data but essential for git functionality"
".git\objects\d7\ba9d460c151986f77284af33ec7bc8976f73ff","ba9d460c151986f77284af33ec7bc8976f73ff","",707973,"I","P5","Git Version Control System","Git Internals","2026","N/A","N/A","Version Control Database Metadata (Blob / Commit / Log)","NO (VCS database internals)","Internal git database","VCS System Metadata","Tracks commit history and git synchronization","Internal VCS objects",".git repository","KEEP (Do not delete if git version tracking is desired)","SAFE_TO_DELETE_IF_NOT_A_GIT_REPO","Git system internal tracking object; irrelevant to disease research data but essential for git functionality"
".git\objects\d9\91a0314e15011365f924ef514cfe7426a61715","91a0314e15011365f924ef514cfe7426a61715","",702604,"I","P5","Git Version Control System","Git Internals","2026","N/A","N/A","Version Control Database Metadata (Blob / Commit / Log)","NO (VCS database internals)","Internal git database","VCS System Metadata","Tracks commit history and git synchronization","Internal VCS objects",".git repository","KEEP (Do not delete if git version tracking is desired)","SAFE_TO_DELETE_IF_NOT_A_GIT_REPO","Git system internal tracking object; irrelevant to disease research data but essential for git functionality"
".git\objects\da\7be892ef3c6ee344692a7d18a2298779102120","7be892ef3c6ee344692a7d18a2298779102120","",964188,"I","P5","Git Version Control System","Git Internals","2026","N/A","N/A","Version Control Database Metadata (Blob / Commit / Log)","NO (VCS database internals)","Internal git database","VCS System Metadata","Tracks commit history and git synchronization","Internal VCS objects",".git repository","KEEP (Do not delete if git version tracking is desired)","SAFE_TO_DELETE_IF_NOT_A_GIT_REPO","Git system internal tracking object; irrelevant to disease research data but essential for git functionality"
".git\objects\db\bf91df0c7f2c01b369c3f8b733945c9d6485d6","bf91df0c7f2c01b369c3f8b733945c9d6485d6","",161,"I","P5","Git Version Control System","Git Internals","2026","N/A","N/A","Version Control Database Metadata (Blob / Commit / Log)","NO (VCS database internals)","Internal git database","VCS System Metadata","Tracks commit history and git synchronization","Internal VCS objects",".git repository","KEEP (Do not delete if git version tracking is desired)","SAFE_TO_DELETE_IF_NOT_A_GIT_REPO","Git system internal tracking object; irrelevant to disease research data but essential for git functionality"
".git\objects\dc\6654715764a3a7da5a952cc5a0dd542382570c","6654715764a3a7da5a952cc5a0dd542382570c","",914643,"I","P5","Git Version Control System","Git Internals","2026","N/A","N/A","Version Control Database Metadata (Blob / Commit / Log)","NO (VCS database internals)","Internal git database","VCS System Metadata","Tracks commit history and git synchronization","Internal VCS objects",".git repository","KEEP (Do not delete if git version tracking is desired)","SAFE_TO_DELETE_IF_NOT_A_GIT_REPO","Git system internal tracking object; irrelevant to disease research data but essential for git functionality"
".git\objects\de\082cae9ab56fc69ec860c7ee58bccd35d03ed6","082cae9ab56fc69ec860c7ee58bccd35d03ed6","",30067,"I","P5","Git Version Control System","Git Internals","2026","N/A","N/A","Version Control Database Metadata (Blob / Commit / Log)","NO (VCS database internals)","Internal git database","VCS System Metadata","Tracks commit history and git synchronization","Internal VCS objects",".git repository","KEEP (Do not delete if git version tracking is desired)","SAFE_TO_DELETE_IF_NOT_A_GIT_REPO","Git system internal tracking object; irrelevant to disease research data but essential for git functionality"
".git\objects\de\3e84f0f137cba4efe477041383b52a476b3daf","3e84f0f137cba4efe477041383b52a476b3daf","",1077908,"I","P5","Git Version Control System","Git Internals","2026","N/A","N/A","Version Control Database Metadata (Blob / Commit / Log)","NO (VCS database internals)","Internal git database","VCS System Metadata","Tracks commit history and git synchronization","Internal VCS objects",".git repository","KEEP (Do not delete if git version tracking is desired)","SAFE_TO_DELETE_IF_NOT_A_GIT_REPO","Git system internal tracking object; irrelevant to disease research data but essential for git functionality"
".git\objects\df\65216c280f4a52a58c0def997714a852669f78","65216c280f4a52a58c0def997714a852669f78","",4017033,"I","P5","Git Version Control System","Git Internals","2026","N/A","N/A","Version Control Database Metadata (Blob / Commit / Log)","NO (VCS database internals)","Internal git database","VCS System Metadata","Tracks commit history and git synchronization","Internal VCS objects",".git repository","KEEP (Do not delete if git version tracking is desired)","SAFE_TO_DELETE_IF_NOT_A_GIT_REPO","Git system internal tracking object; irrelevant to disease research data but essential for git functionality"
".git\objects\df\75f9c2d8165a5fa71072a23f7969e73ecdbe80","75f9c2d8165a5fa71072a23f7969e73ecdbe80","",55383,"I","P5","Git Version Control System","Git Internals","2026","N/A","N/A","Version Control Database Metadata (Blob / Commit / Log)","NO (VCS database internals)","Internal git database","VCS System Metadata","Tracks commit history and git synchronization","Internal VCS objects",".git repository","KEEP (Do not delete if git version tracking is desired)","SAFE_TO_DELETE_IF_NOT_A_GIT_REPO","Git system internal tracking object; irrelevant to disease research data but essential for git functionality"
".git\objects\e0\8e6876c80748badf70941d1a22edc265d560a6","8e6876c80748badf70941d1a22edc265d560a6","",918397,"I","P5","Git Version Control System","Git Internals","2026","N/A","N/A","Version Control Database Metadata (Blob / Commit / Log)","NO (VCS database internals)","Internal git database","VCS System Metadata","Tracks commit history and git synchronization","Internal VCS objects",".git repository","KEEP (Do not delete if git version tracking is desired)","SAFE_TO_DELETE_IF_NOT_A_GIT_REPO","Git system internal tracking object; irrelevant to disease research data but essential for git functionality"
".git\objects\e1\590e2906f84d7b01b6392ab79080236be70930","590e2906f84d7b01b6392ab79080236be70930","",93940,"I","P5","Git Version Control System","Git Internals","2026","N/A","N/A","Version Control Database Metadata (Blob / Commit / Log)","NO (VCS database internals)","Internal git database","VCS System Metadata","Tracks commit history and git synchronization","Internal VCS objects",".git repository","KEEP (Do not delete if git version tracking is desired)","SAFE_TO_DELETE_IF_NOT_A_GIT_REPO","Git system internal tracking object; irrelevant to disease research data but essential for git functionality"
".git\objects\e1\f3d107c6aa2b6c1a01bebb01f982be212a423c","f3d107c6aa2b6c1a01bebb01f982be212a423c","",933667,"I","P5","Git Version Control System","Git Internals","2026","N/A","N/A","Version Control Database Metadata (Blob / Commit / Log)","NO (VCS database internals)","Internal git database","VCS System Metadata","Tracks commit history and git synchronization","Internal VCS objects",".git repository","KEEP (Do not delete if git version tracking is desired)","SAFE_TO_DELETE_IF_NOT_A_GIT_REPO","Git system internal tracking object; irrelevant to disease research data but essential for git functionality"
".git\objects\e3\b5b18e43be54362c77ac637b791c9cec480eaa","b5b18e43be54362c77ac637b791c9cec480eaa","",652879,"I","P5","Git Version Control System","Git Internals","2026","N/A","N/A","Version Control Database Metadata (Blob / Commit / Log)","NO (VCS database internals)","Internal git database","VCS System Metadata","Tracks commit history and git synchronization","Internal VCS objects",".git repository","KEEP (Do not delete if git version tracking is desired)","SAFE_TO_DELETE_IF_NOT_A_GIT_REPO","Git system internal tracking object; irrelevant to disease research data but essential for git functionality"
".git\objects\e4\378eaaf9b4f56b6d937bc75d25d04db4144109","378eaaf9b4f56b6d937bc75d25d04db4144109","",805836,"I","P5","Git Version Control System","Git Internals","2026","N/A","N/A","Version Control Database Metadata (Blob / Commit / Log)","NO (VCS database internals)","Internal git database","VCS System Metadata","Tracks commit history and git synchronization","Internal VCS objects",".git repository","KEEP (Do not delete if git version tracking is desired)","SAFE_TO_DELETE_IF_NOT_A_GIT_REPO","Git system internal tracking object; irrelevant to disease research data but essential for git functionality"
".git\objects\e4\d19c5e63d713ed840a734a77ffd6a7ad2de6d5","d19c5e63d713ed840a734a77ffd6a7ad2de6d5","",11697,"I","P5","Git Version Control System","Git Internals","2026","N/A","N/A","Version Control Database Metadata (Blob / Commit / Log)","NO (VCS database internals)","Internal git database","VCS System Metadata","Tracks commit history and git synchronization","Internal VCS objects",".git repository","KEEP (Do not delete if git version tracking is desired)","SAFE_TO_DELETE_IF_NOT_A_GIT_REPO","Git system internal tracking object; irrelevant to disease research data but essential for git functionality"
".git\objects\e5\93bbf2f0795206b6c785469f5841fc826cee79","93bbf2f0795206b6c785469f5841fc826cee79","",772167,"I","P5","Git Version Control System","Git Internals","2026","N/A","N/A","Version Control Database Metadata (Blob / Commit / Log)","NO (VCS database internals)","Internal git database","VCS System Metadata","Tracks commit history and git synchronization","Internal VCS objects",".git repository","KEEP (Do not delete if git version tracking is desired)","SAFE_TO_DELETE_IF_NOT_A_GIT_REPO","Git system internal tracking object; irrelevant to disease research data but essential for git functionality"
".git\objects\e5\cc81a06c49afe2183c4180fe38a5941bd0673c","cc81a06c49afe2183c4180fe38a5941bd0673c","",1061261,"I","P5","Git Version Control System","Git Internals","2026","N/A","N/A","Version Control Database Metadata (Blob / Commit / Log)","NO (VCS database internals)","Internal git database","VCS System Metadata","Tracks commit history and git synchronization","Internal VCS objects",".git repository","KEEP (Do not delete if git version tracking is desired)","SAFE_TO_DELETE_IF_NOT_A_GIT_REPO","Git system internal tracking object; irrelevant to disease research data but essential for git functionality"
".git\objects\e5\d7e5c3b86f58d3ae3b631901a828c329ac01e4","d7e5c3b86f58d3ae3b631901a828c329ac01e4","",895536,"I","P5","Git Version Control System","Git Internals","2026","N/A","N/A","Version Control Database Metadata (Blob / Commit / Log)","NO (VCS database internals)","Internal git database","VCS System Metadata","Tracks commit history and git synchronization","Internal VCS objects",".git repository","KEEP (Do not delete if git version tracking is desired)","SAFE_TO_DELETE_IF_NOT_A_GIT_REPO","Git system internal tracking object; irrelevant to disease research data but essential for git functionality"
".git\objects\e6\608aca0eb3ed341cee1409fece4eeb201e146e","608aca0eb3ed341cee1409fece4eeb201e146e","",1068596,"I","P5","Git Version Control System","Git Internals","2026","N/A","N/A","Version Control Database Metadata (Blob / Commit / Log)","NO (VCS database internals)","Internal git database","VCS System Metadata","Tracks commit history and git synchronization","Internal VCS objects",".git repository","KEEP (Do not delete if git version tracking is desired)","SAFE_TO_DELETE_IF_NOT_A_GIT_REPO","Git system internal tracking object; irrelevant to disease research data but essential for git functionality"
".git\objects\e6\9de29bb2d1d6434b8b29ae775ad8c2e48c5391","9de29bb2d1d6434b8b29ae775ad8c2e48c5391","",15,"I","P5","Git Version Control System","Git Internals","2026","N/A","N/A","Version Control Database Metadata (Blob / Commit / Log)","NO (VCS database internals)","Internal git database","VCS System Metadata","Tracks commit history and git synchronization","Internal VCS objects",".git repository","KEEP (Do not delete if git version tracking is desired)","SAFE_TO_DELETE_IF_NOT_A_GIT_REPO","Git system internal tracking object; irrelevant to disease research data but essential for git functionality"
".git\objects\e6\e57b4aae1b70830db135dd1825c14daccf8b6c","e57b4aae1b70830db135dd1825c14daccf8b6c","",1012624,"I","P5","Git Version Control System","Git Internals","2026","N/A","N/A","Version Control Database Metadata (Blob / Commit / Log)","NO (VCS database internals)","Internal git database","VCS System Metadata","Tracks commit history and git synchronization","Internal VCS objects",".git repository","KEEP (Do not delete if git version tracking is desired)","SAFE_TO_DELETE_IF_NOT_A_GIT_REPO","Git system internal tracking object; irrelevant to disease research data but essential for git functionality"
".git\objects\e7\5769c64cd736a921f13fdbba039c1808937fcd","5769c64cd736a921f13fdbba039c1808937fcd","",65830,"I","P5","Git Version Control System","Git Internals","2026","N/A","N/A","Version Control Database Metadata (Blob / Commit / Log)","NO (VCS database internals)","Internal git database","VCS System Metadata","Tracks commit history and git synchronization","Internal VCS objects",".git repository","KEEP (Do not delete if git version tracking is desired)","SAFE_TO_DELETE_IF_NOT_A_GIT_REPO","Git system internal tracking object; irrelevant to disease research data but essential for git functionality"
".git\objects\e8\c088618bd3e2ad79440291617781063560ba73","c088618bd3e2ad79440291617781063560ba73","",1132855,"I","P5","Git Version Control System","Git Internals","2026","N/A","N/A","Version Control Database Metadata (Blob / Commit / Log)","NO (VCS database internals)","Internal git database","VCS System Metadata","Tracks commit history and git synchronization","Internal VCS objects",".git repository","KEEP (Do not delete if git version tracking is desired)","SAFE_TO_DELETE_IF_NOT_A_GIT_REPO","Git system internal tracking object; irrelevant to disease research data but essential for git functionality"
".git\objects\ed\003926fd5db2a7222522e0ae60c51ee986208b","003926fd5db2a7222522e0ae60c51ee986208b","",714686,"I","P5","Git Version Control System","Git Internals","2026","N/A","N/A","Version Control Database Metadata (Blob / Commit / Log)","NO (VCS database internals)","Internal git database","VCS System Metadata","Tracks commit history and git synchronization","Internal VCS objects",".git repository","KEEP (Do not delete if git version tracking is desired)","SAFE_TO_DELETE_IF_NOT_A_GIT_REPO","Git system internal tracking object; irrelevant to disease research data but essential for git functionality"
".git\objects\ed\d179ca3bddcab74aa138719444c5efb8de418a","d179ca3bddcab74aa138719444c5efb8de418a","",528139,"I","P5","Git Version Control System","Git Internals","2026","N/A","N/A","Version Control Database Metadata (Blob / Commit / Log)","NO (VCS database internals)","Internal git database","VCS System Metadata","Tracks commit history and git synchronization","Internal VCS objects",".git repository","KEEP (Do not delete if git version tracking is desired)","SAFE_TO_DELETE_IF_NOT_A_GIT_REPO","Git system internal tracking object; irrelevant to disease research data but essential for git functionality"
".git\objects\ef\321e0c166dc644a23675e7ae78c1ef7ee7e302","321e0c166dc644a23675e7ae78c1ef7ee7e302","",672329,"I","P5","Git Version Control System","Git Internals","2026","N/A","N/A","Version Control Database Metadata (Blob / Commit / Log)","NO (VCS database internals)","Internal git database","VCS System Metadata","Tracks commit history and git synchronization","Internal VCS objects",".git repository","KEEP (Do not delete if git version tracking is desired)","SAFE_TO_DELETE_IF_NOT_A_GIT_REPO","Git system internal tracking object; irrelevant to disease research data but essential for git functionality"
".git\objects\ef\db5bf9bb5f8dbee65d4eab2beb9d500ab24c0d","db5bf9bb5f8dbee65d4eab2beb9d500ab24c0d","",1201107,"I","P5","Git Version Control System","Git Internals","2026","N/A","N/A","Version Control Database Metadata (Blob / Commit / Log)","NO (VCS database internals)","Internal git database","VCS System Metadata","Tracks commit history and git synchronization","Internal VCS objects",".git repository","KEEP (Do not delete if git version tracking is desired)","SAFE_TO_DELETE_IF_NOT_A_GIT_REPO","Git system internal tracking object; irrelevant to disease research data but essential for git functionality"
".git\objects\f0\25c10140445ed5d9ac52ec969e891275bae6f9","25c10140445ed5d9ac52ec969e891275bae6f9","",518,"I","P5","Git Version Control System","Git Internals","2026","N/A","N/A","Version Control Database Metadata (Blob / Commit / Log)","NO (VCS database internals)","Internal git database","VCS System Metadata","Tracks commit history and git synchronization","Internal VCS objects",".git repository","KEEP (Do not delete if git version tracking is desired)","SAFE_TO_DELETE_IF_NOT_A_GIT_REPO","Git system internal tracking object; irrelevant to disease research data but essential for git functionality"
".git\objects\f0\b549707cee4169d011608500d4896533b28415","b549707cee4169d011608500d4896533b28415","",616961,"I","P5","Git Version Control System","Git Internals","2026","N/A","N/A","Version Control Database Metadata (Blob / Commit / Log)","NO (VCS database internals)","Internal git database","VCS System Metadata","Tracks commit history and git synchronization","Internal VCS objects",".git repository","KEEP (Do not delete if git version tracking is desired)","SAFE_TO_DELETE_IF_NOT_A_GIT_REPO","Git system internal tracking object; irrelevant to disease research data but essential for git functionality"
".git\objects\f1\caef33fa98fb06dc14775a70862cd59dfbf957","caef33fa98fb06dc14775a70862cd59dfbf957","",913592,"I","P5","Git Version Control System","Git Internals","2026","N/A","N/A","Version Control Database Metadata (Blob / Commit / Log)","NO (VCS database internals)","Internal git database","VCS System Metadata","Tracks commit history and git synchronization","Internal VCS objects",".git repository","KEEP (Do not delete if git version tracking is desired)","SAFE_TO_DELETE_IF_NOT_A_GIT_REPO","Git system internal tracking object; irrelevant to disease research data but essential for git functionality"
".git\objects\f3\435a97e7994c4f75a644ef6898b42aa801175c","435a97e7994c4f75a644ef6898b42aa801175c","",1053647,"I","P5","Git Version Control System","Git Internals","2026","N/A","N/A","Version Control Database Metadata (Blob / Commit / Log)","NO (VCS database internals)","Internal git database","VCS System Metadata","Tracks commit history and git synchronization","Internal VCS objects",".git repository","KEEP (Do not delete if git version tracking is desired)","SAFE_TO_DELETE_IF_NOT_A_GIT_REPO","Git system internal tracking object; irrelevant to disease research data but essential for git functionality"
".git\objects\f4\380ff48f2ddcf05e1518182e15442ac7342ceb","380ff48f2ddcf05e1518182e15442ac7342ceb","",668347,"I","P5","Git Version Control System","Git Internals","2026","N/A","N/A","Version Control Database Metadata (Blob / Commit / Log)","NO (VCS database internals)","Internal git database","VCS System Metadata","Tracks commit history and git synchronization","Internal VCS objects",".git repository","KEEP (Do not delete if git version tracking is desired)","SAFE_TO_DELETE_IF_NOT_A_GIT_REPO","Git system internal tracking object; irrelevant to disease research data but essential for git functionality"
".git\objects\f4\8e2b00aa83711dac7c1a83e1344fe778773799","8e2b00aa83711dac7c1a83e1344fe778773799","",581907,"I","P5","Git Version Control System","Git Internals","2026","N/A","N/A","Version Control Database Metadata (Blob / Commit / Log)","NO (VCS database internals)","Internal git database","VCS System Metadata","Tracks commit history and git synchronization","Internal VCS objects",".git repository","KEEP (Do not delete if git version tracking is desired)","SAFE_TO_DELETE_IF_NOT_A_GIT_REPO","Git system internal tracking object; irrelevant to disease research data but essential for git functionality"
".git\objects\f4\a91a7e2c1bcf1d4c3a8342084a8fbbd1549217","a91a7e2c1bcf1d4c3a8342084a8fbbd1549217","",1883,"I","P5","Git Version Control System","Git Internals","2026","N/A","N/A","Version Control Database Metadata (Blob / Commit / Log)","NO (VCS database internals)","Internal git database","VCS System Metadata","Tracks commit history and git synchronization","Internal VCS objects",".git repository","KEEP (Do not delete if git version tracking is desired)","SAFE_TO_DELETE_IF_NOT_A_GIT_REPO","Git system internal tracking object; irrelevant to disease research data but essential for git functionality"
".git\objects\f6\50750fa2134207ada1b3aaf2a1f4ca8f467706","50750fa2134207ada1b3aaf2a1f4ca8f467706","",1058240,"I","P5","Git Version Control System","Git Internals","2026","N/A","N/A","Version Control Database Metadata (Blob / Commit / Log)","NO (VCS database internals)","Internal git database","VCS System Metadata","Tracks commit history and git synchronization","Internal VCS objects",".git repository","KEEP (Do not delete if git version tracking is desired)","SAFE_TO_DELETE_IF_NOT_A_GIT_REPO","Git system internal tracking object; irrelevant to disease research data but essential for git functionality"
".git\objects\f6\ae18218fec523454664e90e60c9cfcce6a0e16","ae18218fec523454664e90e60c9cfcce6a0e16","",730742,"I","P5","Git Version Control System","Git Internals","2026","N/A","N/A","Version Control Database Metadata (Blob / Commit / Log)","NO (VCS database internals)","Internal git database","VCS System Metadata","Tracks commit history and git synchronization","Internal VCS objects",".git repository","KEEP (Do not delete if git version tracking is desired)","SAFE_TO_DELETE_IF_NOT_A_GIT_REPO","Git system internal tracking object; irrelevant to disease research data but essential for git functionality"
".git\objects\f6\bc0af7cab2110a240c08c18972ab475bebcc67","bc0af7cab2110a240c08c18972ab475bebcc67","",640964,"I","P5","Git Version Control System","Git Internals","2026","N/A","N/A","Version Control Database Metadata (Blob / Commit / Log)","NO (VCS database internals)","Internal git database","VCS System Metadata","Tracks commit history and git synchronization","Internal VCS objects",".git repository","KEEP (Do not delete if git version tracking is desired)","SAFE_TO_DELETE_IF_NOT_A_GIT_REPO","Git system internal tracking object; irrelevant to disease research data but essential for git functionality"
".git\objects\f6\eeb1f6342ad7229e2c6178f9d452cf45264eee","eeb1f6342ad7229e2c6178f9d452cf45264eee","",531794,"I","P5","Git Version Control System","Git Internals","2026","N/A","N/A","Version Control Database Metadata (Blob / Commit / Log)","NO (VCS database internals)","Internal git database","VCS System Metadata","Tracks commit history and git synchronization","Internal VCS objects",".git repository","KEEP (Do not delete if git version tracking is desired)","SAFE_TO_DELETE_IF_NOT_A_GIT_REPO","Git system internal tracking object; irrelevant to disease research data but essential for git functionality"
".git\objects\f7\015f3ce943b5bb6b85d6dcea55aaa7ffad559e","015f3ce943b5bb6b85d6dcea55aaa7ffad559e","",5392,"I","P5","Git Version Control System","Git Internals","2026","N/A","N/A","Version Control Database Metadata (Blob / Commit / Log)","NO (VCS database internals)","Internal git database","VCS System Metadata","Tracks commit history and git synchronization","Internal VCS objects",".git repository","KEEP (Do not delete if git version tracking is desired)","SAFE_TO_DELETE_IF_NOT_A_GIT_REPO","Git system internal tracking object; irrelevant to disease research data but essential for git functionality"
".git\objects\f7\30d032f24a243141572195591649dfec2ca4f0","30d032f24a243141572195591649dfec2ca4f0","",2554,"I","P5","Git Version Control System","Git Internals","2026","N/A","N/A","Version Control Database Metadata (Blob / Commit / Log)","NO (VCS database internals)","Internal git database","VCS System Metadata","Tracks commit history and git synchronization","Internal VCS objects",".git repository","KEEP (Do not delete if git version tracking is desired)","SAFE_TO_DELETE_IF_NOT_A_GIT_REPO","Git system internal tracking object; irrelevant to disease research data but essential for git functionality"
".git\objects\f7\45d9075b524d171c92e4950e9f18a3f3c85c13","45d9075b524d171c92e4950e9f18a3f3c85c13","",607090,"I","P5","Git Version Control System","Git Internals","2026","N/A","N/A","Version Control Database Metadata (Blob / Commit / Log)","NO (VCS database internals)","Internal git database","VCS System Metadata","Tracks commit history and git synchronization","Internal VCS objects",".git repository","KEEP (Do not delete if git version tracking is desired)","SAFE_TO_DELETE_IF_NOT_A_GIT_REPO","Git system internal tracking object; irrelevant to disease research data but essential for git functionality"
".git\objects\f7\ff6efb15da982c3e1c026792d61ffaafbf14d3","ff6efb15da982c3e1c026792d61ffaafbf14d3","",820416,"I","P5","Git Version Control System","Git Internals","2026","N/A","N/A","Version Control Database Metadata (Blob / Commit / Log)","NO (VCS database internals)","Internal git database","VCS System Metadata","Tracks commit history and git synchronization","Internal VCS objects",".git repository","KEEP (Do not delete if git version tracking is desired)","SAFE_TO_DELETE_IF_NOT_A_GIT_REPO","Git system internal tracking object; irrelevant to disease research data but essential for git functionality"
".git\objects\f8\44c3cebd1613ac1791cc96b341e651c946e6f8","44c3cebd1613ac1791cc96b341e651c946e6f8","",775895,"I","P5","Git Version Control System","Git Internals","2026","N/A","N/A","Version Control Database Metadata (Blob / Commit / Log)","NO (VCS database internals)","Internal git database","VCS System Metadata","Tracks commit history and git synchronization","Internal VCS objects",".git repository","KEEP (Do not delete if git version tracking is desired)","SAFE_TO_DELETE_IF_NOT_A_GIT_REPO","Git system internal tracking object; irrelevant to disease research data but essential for git functionality"
".git\objects\f8\7a99312f5f4e385749c2831b2218d0981a2847","7a99312f5f4e385749c2831b2218d0981a2847","",15902,"I","P5","Git Version Control System","Git Internals","2026","N/A","N/A","Version Control Database Metadata (Blob / Commit / Log)","NO (VCS database internals)","Internal git database","VCS System Metadata","Tracks commit history and git synchronization","Internal VCS objects",".git repository","KEEP (Do not delete if git version tracking is desired)","SAFE_TO_DELETE_IF_NOT_A_GIT_REPO","Git system internal tracking object; irrelevant to disease research data but essential for git functionality"
".git\objects\f8\9628b7e92dea210e3f72e243c8e77da308d03b","9628b7e92dea210e3f72e243c8e77da308d03b","",749929,"I","P5","Git Version Control System","Git Internals","2026","N/A","N/A","Version Control Database Metadata (Blob / Commit / Log)","NO (VCS database internals)","Internal git database","VCS System Metadata","Tracks commit history and git synchronization","Internal VCS objects",".git repository","KEEP (Do not delete if git version tracking is desired)","SAFE_TO_DELETE_IF_NOT_A_GIT_REPO","Git system internal tracking object; irrelevant to disease research data but essential for git functionality"
".git\objects\f9\7fe28b8525c384cc1c922f13def4b191d1ff34","7fe28b8525c384cc1c922f13def4b191d1ff34","",504498,"I","P5","Git Version Control System","Git Internals","2026","N/A","N/A","Version Control Database Metadata (Blob / Commit / Log)","NO (VCS database internals)","Internal git database","VCS System Metadata","Tracks commit history and git synchronization","Internal VCS objects",".git repository","KEEP (Do not delete if git version tracking is desired)","SAFE_TO_DELETE_IF_NOT_A_GIT_REPO","Git system internal tracking object; irrelevant to disease research data but essential for git functionality"
".git\objects\f9\bd006dfd129f6ef682f4a0ed5111d6a2f933d1","bd006dfd129f6ef682f4a0ed5111d6a2f933d1","",166071,"I","P5","Git Version Control System","Git Internals","2026","N/A","N/A","Version Control Database Metadata (Blob / Commit / Log)","NO (VCS database internals)","Internal git database","VCS System Metadata","Tracks commit history and git synchronization","Internal VCS objects",".git repository","KEEP (Do not delete if git version tracking is desired)","SAFE_TO_DELETE_IF_NOT_A_GIT_REPO","Git system internal tracking object; irrelevant to disease research data but essential for git functionality"
".git\objects\fa\454f724d7f22b5da3cd5b7e4baf345b042e5f2","454f724d7f22b5da3cd5b7e4baf345b042e5f2","",770159,"I","P5","Git Version Control System","Git Internals","2026","N/A","N/A","Version Control Database Metadata (Blob / Commit / Log)","NO (VCS database internals)","Internal git database","VCS System Metadata","Tracks commit history and git synchronization","Internal VCS objects",".git repository","KEEP (Do not delete if git version tracking is desired)","SAFE_TO_DELETE_IF_NOT_A_GIT_REPO","Git system internal tracking object; irrelevant to disease research data but essential for git functionality"
".git\objects\fa\bde36b6a22139b658a7a52525dc7aa52d335d1","bde36b6a22139b658a7a52525dc7aa52d335d1","",827819,"I","P5","Git Version Control System","Git Internals","2026","N/A","N/A","Version Control Database Metadata (Blob / Commit / Log)","NO (VCS database internals)","Internal git database","VCS System Metadata","Tracks commit history and git synchronization","Internal VCS objects",".git repository","KEEP (Do not delete if git version tracking is desired)","SAFE_TO_DELETE_IF_NOT_A_GIT_REPO","Git system internal tracking object; irrelevant to disease research data but essential for git functionality"
".git\objects\fe\89022b2bdd953b5a478acd7a572c16ff68eeea","89022b2bdd953b5a478acd7a572c16ff68eeea","",672695,"I","P5","Git Version Control System","Git Internals","2026","N/A","N/A","Version Control Database Metadata (Blob / Commit / Log)","NO (VCS database internals)","Internal git database","VCS System Metadata","Tracks commit history and git synchronization","Internal VCS objects",".git repository","KEEP (Do not delete if git version tracking is desired)","SAFE_TO_DELETE_IF_NOT_A_GIT_REPO","Git system internal tracking object; irrelevant to disease research data but essential for git functionality"
".git\objects\fe\9be3d49c6d6ad23b86279cfce164e1165270e1","9be3d49c6d6ad23b86279cfce164e1165270e1","",512898,"I","P5","Git Version Control System","Git Internals","2026","N/A","N/A","Version Control Database Metadata (Blob / Commit / Log)","NO (VCS database internals)","Internal git database","VCS System Metadata","Tracks commit history and git synchronization","Internal VCS objects",".git repository","KEEP (Do not delete if git version tracking is desired)","SAFE_TO_DELETE_IF_NOT_A_GIT_REPO","Git system internal tracking object; irrelevant to disease research data but essential for git functionality"
".git\objects\ff\18feb65a2bcdb60d2252013081e32b887e1b62","18feb65a2bcdb60d2252013081e32b887e1b62","",167511,"I","P5","Git Version Control System","Git Internals","2026","N/A","N/A","Version Control Database Metadata (Blob / Commit / Log)","NO (VCS database internals)","Internal git database","VCS System Metadata","Tracks commit history and git synchronization","Internal VCS objects",".git repository","KEEP (Do not delete if git version tracking is desired)","SAFE_TO_DELETE_IF_NOT_A_GIT_REPO","Git system internal tracking object; irrelevant to disease research data but essential for git functionality"
".git\objects\ff\3f7fc34b663db24ab410f2f3af90b012a9b72c","3f7fc34b663db24ab410f2f3af90b012a9b72c","",1222597,"I","P5","Git Version Control System","Git Internals","2026","N/A","N/A","Version Control Database Metadata (Blob / Commit / Log)","NO (VCS database internals)","Internal git database","VCS System Metadata","Tracks commit history and git synchronization","Internal VCS objects",".git repository","KEEP (Do not delete if git version tracking is desired)","SAFE_TO_DELETE_IF_NOT_A_GIT_REPO","Git system internal tracking object; irrelevant to disease research data but essential for git functionality"
".git\refs\heads\master","master","",41,"I","P5","Git Version Control System","Git Internals","2026","N/A","N/A","Version Control Database Metadata (Blob / Commit / Log)","NO (VCS database internals)","Internal git database","VCS System Metadata","Tracks commit history and git synchronization","Internal VCS objects",".git repository","KEEP (Do not delete if git version tracking is desired)","SAFE_TO_DELETE_IF_NOT_A_GIT_REPO","Git system internal tracking object; irrelevant to disease research data but essential for git functionality"
".git\refs\remotes\origin\master","master","",41,"I","P5","Git Version Control System","Git Internals","2026","N/A","N/A","Version Control Database Metadata (Blob / Commit / Log)","NO (VCS database internals)","Internal git database","VCS System Metadata","Tracks commit history and git synchronization","Internal VCS objects",".git repository","KEEP (Do not delete if git version tracking is desired)","SAFE_TO_DELETE_IF_NOT_A_GIT_REPO","Git system internal tracking object; irrelevant to disease research data but essential for git functionality"
".kilo\.gitignore",".gitignore","",107,"C","P3","VCS Config","Git / IDE","2026","N/A","N/A","Version Control Configuration","NO","YES","Configuration","VCS rule configuration","Unique config","Git configuration","KEEP","SAFE_WITH_BACKUP","Project configuration file"
"Data_Source_Audit_Report.md","Data_Source_Audit_Report.md",".md",38517,"C","P3","Workspace Audit Working Drafts","Project Audit System","2026","Current Audit Working State","Workspace","Project Working Audit Documentation","Metadata & Audit Log","YES","Derived Project Document","Internal working notes and baseline audit files","Precursor working versions","Workspace file inspection","KEEP","SAFE_WITH_BACKUP","Historical working documents tracking repository audit iterations"
"Field_Project_Report_Draft_Seasonal_Disease_Patterns.docx","Field_Project_Report_Draft_Seasonal_Disease_Patterns.docx",".docx",44813,"C","P0","Khan Umar (Student Author) / RP Institute","B.Sc. Data Science, Semester III, University of Mumbai","2026","Semester III Project Draft","Maharashtra / India","Official Field Project Report Draft: Analysis of Seasonal Disease Patterns Using Government Health Data","YES (Draft report text, methodology, student declaration, structure)","YES (Primary manuscript draft)","Primary Project Document","The primary formal report deliverable being submitted for semester examination","Unique official report draft","Student manuscript","KEEP","UNSAFE - Core Project Submission Deliverable","The actual Word report manuscript submitted for college evaluation; contains student declaration and report chapters"
"NCDC weekly outbreaks\1774348518512-Blog Banner - 680 by 350 - 2026-03-24T143710.119.png","1774348518512-Blog Banner - 680 by 350 - 2026-03-24T143710.119.png",".png",617392,"H","P5","Redcliffe Labs Blog","Redcliffe Labs","2026","None","India","Commercial Blog Banner Graphic (Home remedies & seasonal tips)","NO (Marketing infographic banner)","NO","Web Marketing Artifact","None (Marketing banner)","Commercial marketing artifact","Redcliffe Labs website","SAFE TO DELETE AFTER APPROVAL","SAFE_TO_DELETE","Commercial marketing banner downloaded from private laboratory blog; zero scientific value"
"NCDC weekly outbreaks\1774348592863-Blog Banner - 680 by 350 - 2026-03-24T143718.737.png","1774348592863-Blog Banner - 680 by 350 - 2026-03-24T143718.737.png",".png",630052,"H","P5","Redcliffe Labs Blog","Redcliffe Labs","2026","None","India","Commercial Blog Banner Graphic (Home remedies & seasonal tips)","NO (Marketing infographic banner)","NO","Web Marketing Artifact","None (Marketing banner)","Commercial marketing artifact","Redcliffe Labs website","SAFE TO DELETE AFTER APPROVAL","SAFE_TO_DELETE","Commercial marketing banner downloaded from private laboratory blog; zero scientific value"
"NCDC weekly outbreaks\1774348624758-Untitled design.png","1774348624758-Untitled design.png",".png",1070913,"F","P4","Canva / Graphic Design Tool","Student / Project Creator","2026","General Overview","India","Canva Presentation Graphic: Common Seasonal Diseases in India","NO (Text/Design template)","NO","Derived Graphic Design Asset","Draft slide/poster design for presentation","Canva export","Canva design","KEEP FOR NOW","SAFE_TO_DELETE","Graphic design draft; may be useful for final presentation slides, but not a data asset"
"NCDC weekly outbreaks\2022\week25.pdf","week25.pdf",".pdf",602320,"A","P0","Government of India / MoHFW / NCDC / IDSP","National Centre for Disease Control (NCDC)","2022","2022 Week 25","India (All States & UTs, including Maharashtra)","Weekly Disease Alerts / Outbreak Surveillance (Dengue, Malaria, ADD, Cholera, Food Poisoning, etc.)","YES","YES","Primary Government Data","Primary weekly surveillance record containing district-level outbreak tables for Maharashtra","Unique official report","Integrated Disease Surveillance Programme (IDSP) Weekly Outbreak Surveillance","KEEP (Do not delete)","UNSAFE - Core Primary Evidence","Official weekly outbreak surveillance report containing primary epidemiological outbreak records for Maharashtra and India"
"NCDC weekly outbreaks\2022\week26.pdf","week26.pdf",".pdf",594553,"A","P0","Government of India / MoHFW / NCDC / IDSP","National Centre for Disease Control (NCDC)","2022","2022 Week 26","India (All States & UTs, including Maharashtra)","Weekly Disease Alerts / Outbreak Surveillance (Dengue, Malaria, ADD, Cholera, Food Poisoning, etc.)","YES","YES","Primary Government Data","Primary weekly surveillance record containing district-level outbreak tables for Maharashtra","Unique official report","Integrated Disease Surveillance Programme (IDSP) Weekly Outbreak Surveillance","KEEP (Do not delete)","UNSAFE - Core Primary Evidence","Official weekly outbreak surveillance report containing primary epidemiological outbreak records for Maharashtra and India"
"NCDC weekly outbreaks\2022\week27.pdf","week27.pdf",".pdf",727890,"A","P0","Government of India / MoHFW / NCDC / IDSP","National Centre for Disease Control (NCDC)","2022","2022 Week 27","India (All States & UTs, including Maharashtra)","Weekly Disease Alerts / Outbreak Surveillance (Dengue, Malaria, ADD, Cholera, Food Poisoning, etc.)","YES","YES","Primary Government Data","Primary weekly surveillance record containing district-level outbreak tables for Maharashtra","Unique official report","Integrated Disease Surveillance Programme (IDSP) Weekly Outbreak Surveillance","KEEP (Do not delete)","UNSAFE - Core Primary Evidence","Official weekly outbreak surveillance report containing primary epidemiological outbreak records for Maharashtra and India"
"NCDC weekly outbreaks\2022\week28.pdf","week28.pdf",".pdf",692916,"A","P0","Government of India / MoHFW / NCDC / IDSP","National Centre for Disease Control (NCDC)","2022","2022 Week 28","India (All States & UTs, including Maharashtra)","Weekly Disease Alerts / Outbreak Surveillance (Dengue, Malaria, ADD, Cholera, Food Poisoning, etc.)","YES","YES","Primary Government Data","Primary weekly surveillance record containing district-level outbreak tables for Maharashtra","Unique official report","Integrated Disease Surveillance Programme (IDSP) Weekly Outbreak Surveillance","KEEP (Do not delete)","UNSAFE - Core Primary Evidence","Official weekly outbreak surveillance report containing primary epidemiological outbreak records for Maharashtra and India"
"NCDC weekly outbreaks\2022\week29.pdf","week29.pdf",".pdf",708983,"A","P0","Government of India / MoHFW / NCDC / IDSP","National Centre for Disease Control (NCDC)","2022","2022 Week 29","India (All States & UTs, including Maharashtra)","Weekly Disease Alerts / Outbreak Surveillance (Dengue, Malaria, ADD, Cholera, Food Poisoning, etc.)","YES","YES","Primary Government Data","Primary weekly surveillance record containing district-level outbreak tables for Maharashtra","Unique official report","Integrated Disease Surveillance Programme (IDSP) Weekly Outbreak Surveillance","KEEP (Do not delete)","UNSAFE - Core Primary Evidence","Official weekly outbreak surveillance report containing primary epidemiological outbreak records for Maharashtra and India"
"NCDC weekly outbreaks\2022\week30.pdf","week30.pdf",".pdf",727693,"A","P0","Government of India / MoHFW / NCDC / IDSP","National Centre for Disease Control (NCDC)","2022","2022 Week 30","India (All States & UTs, including Maharashtra)","Weekly Disease Alerts / Outbreak Surveillance (Dengue, Malaria, ADD, Cholera, Food Poisoning, etc.)","YES","YES","Primary Government Data","Primary weekly surveillance record containing district-level outbreak tables for Maharashtra","Unique official report","Integrated Disease Surveillance Programme (IDSP) Weekly Outbreak Surveillance","KEEP (Do not delete)","UNSAFE - Core Primary Evidence","Official weekly outbreak surveillance report containing primary epidemiological outbreak records for Maharashtra and India"
"NCDC weekly outbreaks\2022\week31.pdf","week31.pdf",".pdf",577995,"A","P0","Government of India / MoHFW / NCDC / IDSP","National Centre for Disease Control (NCDC)","2022","2022 Week 31","India (All States & UTs, including Maharashtra)","Weekly Disease Alerts / Outbreak Surveillance (Dengue, Malaria, ADD, Cholera, Food Poisoning, etc.)","YES","YES","Primary Government Data","Primary weekly surveillance record containing district-level outbreak tables for Maharashtra","Unique official report","Integrated Disease Surveillance Programme (IDSP) Weekly Outbreak Surveillance","KEEP (Do not delete)","UNSAFE - Core Primary Evidence","Official weekly outbreak surveillance report containing primary epidemiological outbreak records for Maharashtra and India"
"NCDC weekly outbreaks\2022\week32.pdf","week32.pdf",".pdf",541728,"A","P0","Government of India / MoHFW / NCDC / IDSP","National Centre for Disease Control (NCDC)","2022","2022 Week 32","India (All States & UTs, including Maharashtra)","Weekly Disease Alerts / Outbreak Surveillance (Dengue, Malaria, ADD, Cholera, Food Poisoning, etc.)","YES","YES","Primary Government Data","Primary weekly surveillance record containing district-level outbreak tables for Maharashtra","Unique official report","Integrated Disease Surveillance Programme (IDSP) Weekly Outbreak Surveillance","KEEP (Do not delete)","UNSAFE - Core Primary Evidence","Official weekly outbreak surveillance report containing primary epidemiological outbreak records for Maharashtra and India"
"NCDC weekly outbreaks\2022\week33.pdf","week33.pdf",".pdf",554305,"A","P0","Government of India / MoHFW / NCDC / IDSP","National Centre for Disease Control (NCDC)","2022","2022 Week 33","India (All States & UTs, including Maharashtra)","Weekly Disease Alerts / Outbreak Surveillance (Dengue, Malaria, ADD, Cholera, Food Poisoning, etc.)","YES","YES","Primary Government Data","Primary weekly surveillance record containing district-level outbreak tables for Maharashtra","Unique official report","Integrated Disease Surveillance Programme (IDSP) Weekly Outbreak Surveillance","KEEP (Do not delete)","UNSAFE - Core Primary Evidence","Official weekly outbreak surveillance report containing primary epidemiological outbreak records for Maharashtra and India"
"NCDC weekly outbreaks\2022\week34.pdf","week34.pdf",".pdf",772149,"A","P0","Government of India / MoHFW / NCDC / IDSP","National Centre for Disease Control (NCDC)","2022","2022 Week 34","India (All States & UTs, including Maharashtra)","Weekly Disease Alerts / Outbreak Surveillance (Dengue, Malaria, ADD, Cholera, Food Poisoning, etc.)","YES","YES","Primary Government Data","Primary weekly surveillance record containing district-level outbreak tables for Maharashtra","Unique official report","Integrated Disease Surveillance Programme (IDSP) Weekly Outbreak Surveillance","KEEP (Do not delete)","UNSAFE - Core Primary Evidence","Official weekly outbreak surveillance report containing primary epidemiological outbreak records for Maharashtra and India"
"NCDC weekly outbreaks\2022\week35.pdf","week35.pdf",".pdf",610188,"A","P0","Government of India / MoHFW / NCDC / IDSP","National Centre for Disease Control (NCDC)","2022","2022 Week 35","India (All States & UTs, including Maharashtra)","Weekly Disease Alerts / Outbreak Surveillance (Dengue, Malaria, ADD, Cholera, Food Poisoning, etc.)","YES","YES","Primary Government Data","Primary weekly surveillance record containing district-level outbreak tables for Maharashtra","Unique official report","Integrated Disease Surveillance Programme (IDSP) Weekly Outbreak Surveillance","KEEP (Do not delete)","UNSAFE - Core Primary Evidence","Official weekly outbreak surveillance report containing primary epidemiological outbreak records for Maharashtra and India"
"NCDC weekly outbreaks\2022\week36.pdf","week36.pdf",".pdf",762129,"A","P0","Government of India / MoHFW / NCDC / IDSP","National Centre for Disease Control (NCDC)","2022","2022 Week 36","India (All States & UTs, including Maharashtra)","Weekly Disease Alerts / Outbreak Surveillance (Dengue, Malaria, ADD, Cholera, Food Poisoning, etc.)","YES","YES","Primary Government Data","Primary weekly surveillance record containing district-level outbreak tables for Maharashtra","Unique official report","Integrated Disease Surveillance Programme (IDSP) Weekly Outbreak Surveillance","KEEP (Do not delete)","UNSAFE - Core Primary Evidence","Official weekly outbreak surveillance report containing primary epidemiological outbreak records for Maharashtra and India"
"NCDC weekly outbreaks\2022\week37.pdf","week37.pdf",".pdf",709492,"A","P0","Government of India / MoHFW / NCDC / IDSP","National Centre for Disease Control (NCDC)","2022","2022 Week 37","India (All States & UTs, including Maharashtra)","Weekly Disease Alerts / Outbreak Surveillance (Dengue, Malaria, ADD, Cholera, Food Poisoning, etc.)","YES","YES","Primary Government Data","Primary weekly surveillance record containing district-level outbreak tables for Maharashtra","Unique official report","Integrated Disease Surveillance Programme (IDSP) Weekly Outbreak Surveillance","KEEP (Do not delete)","UNSAFE - Core Primary Evidence","Official weekly outbreak surveillance report containing primary epidemiological outbreak records for Maharashtra and India"
"NCDC weekly outbreaks\2022\week38.pdf","week38.pdf",".pdf",761630,"A","P0","Government of India / MoHFW / NCDC / IDSP","National Centre for Disease Control (NCDC)","2022","2022 Week 38","India (All States & UTs, including Maharashtra)","Weekly Disease Alerts / Outbreak Surveillance (Dengue, Malaria, ADD, Cholera, Food Poisoning, etc.)","YES","YES","Primary Government Data","Primary weekly surveillance record containing district-level outbreak tables for Maharashtra","Unique official report","Integrated Disease Surveillance Programme (IDSP) Weekly Outbreak Surveillance","KEEP (Do not delete)","UNSAFE - Core Primary Evidence","Official weekly outbreak surveillance report containing primary epidemiological outbreak records for Maharashtra and India"
"NCDC weekly outbreaks\2022\week39.pdf","week39.pdf",".pdf",575968,"A","P0","Government of India / MoHFW / NCDC / IDSP","National Centre for Disease Control (NCDC)","2022","2022 Week 39","India (All States & UTs, including Maharashtra)","Weekly Disease Alerts / Outbreak Surveillance (Dengue, Malaria, ADD, Cholera, Food Poisoning, etc.)","YES","YES","Primary Government Data","Primary weekly surveillance record containing district-level outbreak tables for Maharashtra","Unique official report","Integrated Disease Surveillance Programme (IDSP) Weekly Outbreak Surveillance","KEEP (Do not delete)","UNSAFE - Core Primary Evidence","Official weekly outbreak surveillance report containing primary epidemiological outbreak records for Maharashtra and India"
"NCDC weekly outbreaks\2022\week40.pdf","week40.pdf",".pdf",507428,"A","P0","Government of India / MoHFW / NCDC / IDSP","National Centre for Disease Control (NCDC)","2022","2022 Week 40","India (All States & UTs, including Maharashtra)","Weekly Disease Alerts / Outbreak Surveillance (Dengue, Malaria, ADD, Cholera, Food Poisoning, etc.)","YES","YES","Primary Government Data","Primary weekly surveillance record containing district-level outbreak tables for Maharashtra","Unique official report","Integrated Disease Surveillance Programme (IDSP) Weekly Outbreak Surveillance","KEEP (Do not delete)","UNSAFE - Core Primary Evidence","Official weekly outbreak surveillance report containing primary epidemiological outbreak records for Maharashtra and India"
"NCDC weekly outbreaks\2022\week41.pdf","week41.pdf",".pdf",700560,"A","P0","Government of India / MoHFW / NCDC / IDSP","National Centre for Disease Control (NCDC)","2022","2022 Week 41","India (All States & UTs, including Maharashtra)","Weekly Disease Alerts / Outbreak Surveillance (Dengue, Malaria, ADD, Cholera, Food Poisoning, etc.)","YES","YES","Primary Government Data","Primary weekly surveillance record containing district-level outbreak tables for Maharashtra","Unique official report","Integrated Disease Surveillance Programme (IDSP) Weekly Outbreak Surveillance","KEEP (Do not delete)","UNSAFE - Core Primary Evidence","Official weekly outbreak surveillance report containing primary epidemiological outbreak records for Maharashtra and India"
"NCDC weekly outbreaks\2022\week42.pdf","week42.pdf",".pdf",643714,"A","P0","Government of India / MoHFW / NCDC / IDSP","National Centre for Disease Control (NCDC)","2022","2022 Week 42","India (All States & UTs, including Maharashtra)","Weekly Disease Alerts / Outbreak Surveillance (Dengue, Malaria, ADD, Cholera, Food Poisoning, etc.)","YES","YES","Primary Government Data","Primary weekly surveillance record containing district-level outbreak tables for Maharashtra","Unique official report","Integrated Disease Surveillance Programme (IDSP) Weekly Outbreak Surveillance","KEEP (Do not delete)","UNSAFE - Core Primary Evidence","Official weekly outbreak surveillance report containing primary epidemiological outbreak records for Maharashtra and India"
"NCDC weekly outbreaks\2022\week43.pdf","week43.pdf",".pdf",667778,"A","P0","Government of India / MoHFW / NCDC / IDSP","National Centre for Disease Control (NCDC)","2022","2022 Week 43","India (All States & UTs, including Maharashtra)","Weekly Disease Alerts / Outbreak Surveillance (Dengue, Malaria, ADD, Cholera, Food Poisoning, etc.)","YES","YES","Primary Government Data","Primary weekly surveillance record containing district-level outbreak tables for Maharashtra","Unique official report","Integrated Disease Surveillance Programme (IDSP) Weekly Outbreak Surveillance","KEEP (Do not delete)","UNSAFE - Core Primary Evidence","Official weekly outbreak surveillance report containing primary epidemiological outbreak records for Maharashtra and India"
"NCDC weekly outbreaks\2022\week44.pdf","week44.pdf",".pdf",563304,"A","P0","Government of India / MoHFW / NCDC / IDSP","National Centre for Disease Control (NCDC)","2022","2022 Week 44","India (All States & UTs, including Maharashtra)","Weekly Disease Alerts / Outbreak Surveillance (Dengue, Malaria, ADD, Cholera, Food Poisoning, etc.)","YES","YES","Primary Government Data","Primary weekly surveillance record containing district-level outbreak tables for Maharashtra","Unique official report","Integrated Disease Surveillance Programme (IDSP) Weekly Outbreak Surveillance","KEEP (Do not delete)","UNSAFE - Core Primary Evidence","Official weekly outbreak surveillance report containing primary epidemiological outbreak records for Maharashtra and India"
"NCDC weekly outbreaks\2022\week45.pdf","week45.pdf",".pdf",692311,"A","P0","Government of India / MoHFW / NCDC / IDSP","National Centre for Disease Control (NCDC)","2022","2022 Week 45","India (All States & UTs, including Maharashtra)","Weekly Disease Alerts / Outbreak Surveillance (Dengue, Malaria, ADD, Cholera, Food Poisoning, etc.)","YES","YES","Primary Government Data","Primary weekly surveillance record containing district-level outbreak tables for Maharashtra","Unique official report","Integrated Disease Surveillance Programme (IDSP) Weekly Outbreak Surveillance","KEEP (Do not delete)","UNSAFE - Core Primary Evidence","Official weekly outbreak surveillance report containing primary epidemiological outbreak records for Maharashtra and India"
"NCDC weekly outbreaks\2022\week46.pdf","week46.pdf",".pdf",620621,"A","P0","Government of India / MoHFW / NCDC / IDSP","National Centre for Disease Control (NCDC)","2022","2022 Week 46","India (All States & UTs, including Maharashtra)","Weekly Disease Alerts / Outbreak Surveillance (Dengue, Malaria, ADD, Cholera, Food Poisoning, etc.)","YES","YES","Primary Government Data","Primary weekly surveillance record containing district-level outbreak tables for Maharashtra","Unique official report","Integrated Disease Surveillance Programme (IDSP) Weekly Outbreak Surveillance","KEEP (Do not delete)","UNSAFE - Core Primary Evidence","Official weekly outbreak surveillance report containing primary epidemiological outbreak records for Maharashtra and India"
"NCDC weekly outbreaks\2022\week47.pdf","week47.pdf",".pdf",662211,"A","P0","Government of India / MoHFW / NCDC / IDSP","National Centre for Disease Control (NCDC)","2022","2022 Week 47","India (All States & UTs, including Maharashtra)","Weekly Disease Alerts / Outbreak Surveillance (Dengue, Malaria, ADD, Cholera, Food Poisoning, etc.)","YES","YES","Primary Government Data","Primary weekly surveillance record containing district-level outbreak tables for Maharashtra","Unique official report","Integrated Disease Surveillance Programme (IDSP) Weekly Outbreak Surveillance","KEEP (Do not delete)","UNSAFE - Core Primary Evidence","Official weekly outbreak surveillance report containing primary epidemiological outbreak records for Maharashtra and India"
"NCDC weekly outbreaks\2022\week48.pdf","week48.pdf",".pdf",692517,"A","P0","Government of India / MoHFW / NCDC / IDSP","National Centre for Disease Control (NCDC)","2022","2022 Week 48","India (All States & UTs, including Maharashtra)","Weekly Disease Alerts / Outbreak Surveillance (Dengue, Malaria, ADD, Cholera, Food Poisoning, etc.)","YES","YES","Primary Government Data","Primary weekly surveillance record containing district-level outbreak tables for Maharashtra","Unique official report","Integrated Disease Surveillance Programme (IDSP) Weekly Outbreak Surveillance","KEEP (Do not delete)","UNSAFE - Core Primary Evidence","Official weekly outbreak surveillance report containing primary epidemiological outbreak records for Maharashtra and India"
"NCDC weekly outbreaks\2022\week49.pdf","week49.pdf",".pdf",733441,"A","P0","Government of India / MoHFW / NCDC / IDSP","National Centre for Disease Control (NCDC)","2022","2022 Week 49","India (All States & UTs, including Maharashtra)","Weekly Disease Alerts / Outbreak Surveillance (Dengue, Malaria, ADD, Cholera, Food Poisoning, etc.)","YES","YES","Primary Government Data","Primary weekly surveillance record containing district-level outbreak tables for Maharashtra","Unique official report","Integrated Disease Surveillance Programme (IDSP) Weekly Outbreak Surveillance","KEEP (Do not delete)","UNSAFE - Core Primary Evidence","Official weekly outbreak surveillance report containing primary epidemiological outbreak records for Maharashtra and India"
"NCDC weekly outbreaks\2022\week50.pdf","week50.pdf",".pdf",532785,"A","P0","Government of India / MoHFW / NCDC / IDSP","National Centre for Disease Control (NCDC)","2022","2022 Week 50","India (All States & UTs, including Maharashtra)","Weekly Disease Alerts / Outbreak Surveillance (Dengue, Malaria, ADD, Cholera, Food Poisoning, etc.)","YES","YES","Primary Government Data","Primary weekly surveillance record containing district-level outbreak tables for Maharashtra","Unique official report","Integrated Disease Surveillance Programme (IDSP) Weekly Outbreak Surveillance","KEEP (Do not delete)","UNSAFE - Core Primary Evidence","Official weekly outbreak surveillance report containing primary epidemiological outbreak records for Maharashtra and India"
"NCDC weekly outbreaks\2022\week51.pdf","week51.pdf",".pdf",589863,"A","P0","Government of India / MoHFW / NCDC / IDSP","National Centre for Disease Control (NCDC)","2022","2022 Week 51","India (All States & UTs, including Maharashtra)","Weekly Disease Alerts / Outbreak Surveillance (Dengue, Malaria, ADD, Cholera, Food Poisoning, etc.)","YES","YES","Primary Government Data","Primary weekly surveillance record containing district-level outbreak tables for Maharashtra","Unique official report","Integrated Disease Surveillance Programme (IDSP) Weekly Outbreak Surveillance","KEEP (Do not delete)","UNSAFE - Core Primary Evidence","Official weekly outbreak surveillance report containing primary epidemiological outbreak records for Maharashtra and India"
"NCDC weekly outbreaks\2022\week52.pdf","week52.pdf",".pdf",636880,"A","P0","Government of India / MoHFW / NCDC / IDSP","National Centre for Disease Control (NCDC)","2022","2022 Week 52","India (All States & UTs, including Maharashtra)","Weekly Disease Alerts / Outbreak Surveillance (Dengue, Malaria, ADD, Cholera, Food Poisoning, etc.)","YES","YES","Primary Government Data","Primary weekly surveillance record containing district-level outbreak tables for Maharashtra","Unique official report","Integrated Disease Surveillance Programme (IDSP) Weekly Outbreak Surveillance","KEEP (Do not delete)","UNSAFE - Core Primary Evidence","Official weekly outbreak surveillance report containing primary epidemiological outbreak records for Maharashtra and India"
"NCDC weekly outbreaks\2022-2026.pdf","2022-2026.pdf",".pdf",144906,"G","P4","Browser Print-to-PDF","Google Search","2026","Google Search Snapshot","India / Maharashtra","Printed Google Search Results (""monthly report of the recent years about seasonal disease patterns in india or maharashtra"")","NO (Search snippet text only)","NO (Duplicate print of Google Search page)","Redundant Browser Printout","Duplicate browser artifact","Duplicate of monthly report...Google Search.pdf","Google search printout","SAFE TO DELETE AFTER APPROVAL","SAFE_TO_DELETE","Redundant duplicate print of the identical Google search results page"
"NCDC weekly outbreaks\2023\week1.pdf","week1.pdf",".pdf",752120,"A","P0","Government of India / MoHFW / NCDC / IDSP","National Centre for Disease Control (NCDC)","2023","2023 Week 1","India (All States & UTs, including Maharashtra)","Weekly Disease Alerts / Outbreak Surveillance (Dengue, Malaria, ADD, Cholera, Food Poisoning, etc.)","YES","YES","Primary Government Data","Primary weekly surveillance record containing district-level outbreak tables for Maharashtra","Unique official report","Integrated Disease Surveillance Programme (IDSP) Weekly Outbreak Surveillance","KEEP (Do not delete)","UNSAFE - Core Primary Evidence","Official weekly outbreak surveillance report containing primary epidemiological outbreak records for Maharashtra and India"
"NCDC weekly outbreaks\2023\week10.pdf","week10.pdf",".pdf",788360,"A","P0","Government of India / MoHFW / NCDC / IDSP","National Centre for Disease Control (NCDC)","2023","2023 Week 10","India (All States & UTs, including Maharashtra)","Weekly Disease Alerts / Outbreak Surveillance (Dengue, Malaria, ADD, Cholera, Food Poisoning, etc.)","YES","YES","Primary Government Data","Primary weekly surveillance record containing district-level outbreak tables for Maharashtra","Unique official report","Integrated Disease Surveillance Programme (IDSP) Weekly Outbreak Surveillance","KEEP (Do not delete)","UNSAFE - Core Primary Evidence","Official weekly outbreak surveillance report containing primary epidemiological outbreak records for Maharashtra and India"
"NCDC weekly outbreaks\2023\week11.pdf","week11.pdf",".pdf",580905,"A","P0","Government of India / MoHFW / NCDC / IDSP","National Centre for Disease Control (NCDC)","2023","2023 Week 11","India (All States & UTs, including Maharashtra)","Weekly Disease Alerts / Outbreak Surveillance (Dengue, Malaria, ADD, Cholera, Food Poisoning, etc.)","YES","YES","Primary Government Data","Primary weekly surveillance record containing district-level outbreak tables for Maharashtra","Unique official report","Integrated Disease Surveillance Programme (IDSP) Weekly Outbreak Surveillance","KEEP (Do not delete)","UNSAFE - Core Primary Evidence","Official weekly outbreak surveillance report containing primary epidemiological outbreak records for Maharashtra and India"
"NCDC weekly outbreaks\2023\week12.pdf","week12.pdf",".pdf",692863,"A","P0","Government of India / MoHFW / NCDC / IDSP","National Centre for Disease Control (NCDC)","2023","2023 Week 12","India (All States & UTs, including Maharashtra)","Weekly Disease Alerts / Outbreak Surveillance (Dengue, Malaria, ADD, Cholera, Food Poisoning, etc.)","YES","YES","Primary Government Data","Primary weekly surveillance record containing district-level outbreak tables for Maharashtra","Unique official report","Integrated Disease Surveillance Programme (IDSP) Weekly Outbreak Surveillance","KEEP (Do not delete)","UNSAFE - Core Primary Evidence","Official weekly outbreak surveillance report containing primary epidemiological outbreak records for Maharashtra and India"
"NCDC weekly outbreaks\2023\week13.pdf","week13.pdf",".pdf",569538,"A","P0","Government of India / MoHFW / NCDC / IDSP","National Centre for Disease Control (NCDC)","2023","2023 Week 13","India (All States & UTs, including Maharashtra)","Weekly Disease Alerts / Outbreak Surveillance (Dengue, Malaria, ADD, Cholera, Food Poisoning, etc.)","YES","YES","Primary Government Data","Primary weekly surveillance record containing district-level outbreak tables for Maharashtra","Unique official report","Integrated Disease Surveillance Programme (IDSP) Weekly Outbreak Surveillance","KEEP (Do not delete)","UNSAFE - Core Primary Evidence","Official weekly outbreak surveillance report containing primary epidemiological outbreak records for Maharashtra and India"
"NCDC weekly outbreaks\2023\week14.pdf","week14.pdf",".pdf",726035,"A","P0","Government of India / MoHFW / NCDC / IDSP","National Centre for Disease Control (NCDC)","2023","2023 Week 14","India (All States & UTs, including Maharashtra)","Weekly Disease Alerts / Outbreak Surveillance (Dengue, Malaria, ADD, Cholera, Food Poisoning, etc.)","YES","YES","Primary Government Data","Primary weekly surveillance record containing district-level outbreak tables for Maharashtra","Unique official report","Integrated Disease Surveillance Programme (IDSP) Weekly Outbreak Surveillance","KEEP (Do not delete)","UNSAFE - Core Primary Evidence","Official weekly outbreak surveillance report containing primary epidemiological outbreak records for Maharashtra and India"
"NCDC weekly outbreaks\2023\week16.pdf","week16.pdf",".pdf",711221,"A","P0","Government of India / MoHFW / NCDC / IDSP","National Centre for Disease Control (NCDC)","2023","2023 Week 16","India (All States & UTs, including Maharashtra)","Weekly Disease Alerts / Outbreak Surveillance (Dengue, Malaria, ADD, Cholera, Food Poisoning, etc.)","YES","YES","Primary Government Data","Primary weekly surveillance record containing district-level outbreak tables for Maharashtra","Unique official report","Integrated Disease Surveillance Programme (IDSP) Weekly Outbreak Surveillance","KEEP (Do not delete)","UNSAFE - Core Primary Evidence","Official weekly outbreak surveillance report containing primary epidemiological outbreak records for Maharashtra and India"
"NCDC weekly outbreaks\2023\week17.pdf","week17.pdf",".pdf",690913,"A","P0","Government of India / MoHFW / NCDC / IDSP","National Centre for Disease Control (NCDC)","2023","2023 Week 17","India (All States & UTs, including Maharashtra)","Weekly Disease Alerts / Outbreak Surveillance (Dengue, Malaria, ADD, Cholera, Food Poisoning, etc.)","YES","YES","Primary Government Data","Primary weekly surveillance record containing district-level outbreak tables for Maharashtra","Unique official report","Integrated Disease Surveillance Programme (IDSP) Weekly Outbreak Surveillance","KEEP (Do not delete)","UNSAFE - Core Primary Evidence","Official weekly outbreak surveillance report containing primary epidemiological outbreak records for Maharashtra and India"
"NCDC weekly outbreaks\2023\week18.pdf","week18.pdf",".pdf",750115,"A","P0","Government of India / MoHFW / NCDC / IDSP","National Centre for Disease Control (NCDC)","2023","2023 Week 18","India (All States & UTs, including Maharashtra)","Weekly Disease Alerts / Outbreak Surveillance (Dengue, Malaria, ADD, Cholera, Food Poisoning, etc.)","YES","YES","Primary Government Data","Primary weekly surveillance record containing district-level outbreak tables for Maharashtra","Unique official report","Integrated Disease Surveillance Programme (IDSP) Weekly Outbreak Surveillance","KEEP (Do not delete)","UNSAFE - Core Primary Evidence","Official weekly outbreak surveillance report containing primary epidemiological outbreak records for Maharashtra and India"
"NCDC weekly outbreaks\2023\week19.pdf","week19.pdf",".pdf",701263,"A","P0","Government of India / MoHFW / NCDC / IDSP","National Centre for Disease Control (NCDC)","2023","2023 Week 19","India (All States & UTs, including Maharashtra)","Weekly Disease Alerts / Outbreak Surveillance (Dengue, Malaria, ADD, Cholera, Food Poisoning, etc.)","YES","YES","Primary Government Data","Primary weekly surveillance record containing district-level outbreak tables for Maharashtra","Unique official report","Integrated Disease Surveillance Programme (IDSP) Weekly Outbreak Surveillance","KEEP (Do not delete)","UNSAFE - Core Primary Evidence","Official weekly outbreak surveillance report containing primary epidemiological outbreak records for Maharashtra and India"
"NCDC weekly outbreaks\2023\week2.pdf","week2.pdf",".pdf",674024,"A","P0","Government of India / MoHFW / NCDC / IDSP","National Centre for Disease Control (NCDC)","2023","2023 Week 2","India (All States & UTs, including Maharashtra)","Weekly Disease Alerts / Outbreak Surveillance (Dengue, Malaria, ADD, Cholera, Food Poisoning, etc.)","YES","YES","Primary Government Data","Primary weekly surveillance record containing district-level outbreak tables for Maharashtra","Unique official report","Integrated Disease Surveillance Programme (IDSP) Weekly Outbreak Surveillance","KEEP (Do not delete)","UNSAFE - Core Primary Evidence","Official weekly outbreak surveillance report containing primary epidemiological outbreak records for Maharashtra and India"
"NCDC weekly outbreaks\2023\week20.pdf","week20.pdf",".pdf",588832,"A","P0","Government of India / MoHFW / NCDC / IDSP","National Centre for Disease Control (NCDC)","2023","2023 Week 20","India (All States & UTs, including Maharashtra)","Weekly Disease Alerts / Outbreak Surveillance (Dengue, Malaria, ADD, Cholera, Food Poisoning, etc.)","YES","YES","Primary Government Data","Primary weekly surveillance record containing district-level outbreak tables for Maharashtra","Unique official report","Integrated Disease Surveillance Programme (IDSP) Weekly Outbreak Surveillance","KEEP (Do not delete)","UNSAFE - Core Primary Evidence","Official weekly outbreak surveillance report containing primary epidemiological outbreak records for Maharashtra and India"
"NCDC weekly outbreaks\2023\week21.pdf","week21.pdf",".pdf",623632,"A","P0","Government of India / MoHFW / NCDC / IDSP","National Centre for Disease Control (NCDC)","2023","2023 Week 21","India (All States & UTs, including Maharashtra)","Weekly Disease Alerts / Outbreak Surveillance (Dengue, Malaria, ADD, Cholera, Food Poisoning, etc.)","YES","YES","Primary Government Data","Primary weekly surveillance record containing district-level outbreak tables for Maharashtra","Unique official report","Integrated Disease Surveillance Programme (IDSP) Weekly Outbreak Surveillance","KEEP (Do not delete)","UNSAFE - Core Primary Evidence","Official weekly outbreak surveillance report containing primary epidemiological outbreak records for Maharashtra and India"
"NCDC weekly outbreaks\2023\week22.pdf","week22.pdf",".pdf",707818,"A","P0","Government of India / MoHFW / NCDC / IDSP","National Centre for Disease Control (NCDC)","2023","2023 Week 22","India (All States & UTs, including Maharashtra)","Weekly Disease Alerts / Outbreak Surveillance (Dengue, Malaria, ADD, Cholera, Food Poisoning, etc.)","YES","YES","Primary Government Data","Primary weekly surveillance record containing district-level outbreak tables for Maharashtra","Unique official report","Integrated Disease Surveillance Programme (IDSP) Weekly Outbreak Surveillance","KEEP (Do not delete)","UNSAFE - Core Primary Evidence","Official weekly outbreak surveillance report containing primary epidemiological outbreak records for Maharashtra and India"
"NCDC weekly outbreaks\2023\week23.pdf","week23.pdf",".pdf",733034,"A","P0","Government of India / MoHFW / NCDC / IDSP","National Centre for Disease Control (NCDC)","2023","2023 Week 23","India (All States & UTs, including Maharashtra)","Weekly Disease Alerts / Outbreak Surveillance (Dengue, Malaria, ADD, Cholera, Food Poisoning, etc.)","YES","YES","Primary Government Data","Primary weekly surveillance record containing district-level outbreak tables for Maharashtra","Unique official report","Integrated Disease Surveillance Programme (IDSP) Weekly Outbreak Surveillance","KEEP (Do not delete)","UNSAFE - Core Primary Evidence","Official weekly outbreak surveillance report containing primary epidemiological outbreak records for Maharashtra and India"
"NCDC weekly outbreaks\2023\week24.pdf","week24.pdf",".pdf",633515,"A","P0","Government of India / MoHFW / NCDC / IDSP","National Centre for Disease Control (NCDC)","2023","2023 Week 24","India (All States & UTs, including Maharashtra)","Weekly Disease Alerts / Outbreak Surveillance (Dengue, Malaria, ADD, Cholera, Food Poisoning, etc.)","YES","YES","Primary Government Data","Primary weekly surveillance record containing district-level outbreak tables for Maharashtra","Unique official report","Integrated Disease Surveillance Programme (IDSP) Weekly Outbreak Surveillance","KEEP (Do not delete)","UNSAFE - Core Primary Evidence","Official weekly outbreak surveillance report containing primary epidemiological outbreak records for Maharashtra and India"
"NCDC weekly outbreaks\2023\week25.pdf","week25.pdf",".pdf",942537,"A","P0","Government of India / MoHFW / NCDC / IDSP","National Centre for Disease Control (NCDC)","2023","2023 Week 25","India (All States & UTs, including Maharashtra)","Weekly Disease Alerts / Outbreak Surveillance (Dengue, Malaria, ADD, Cholera, Food Poisoning, etc.)","YES","YES","Primary Government Data","Primary weekly surveillance record containing district-level outbreak tables for Maharashtra","Unique official report","Integrated Disease Surveillance Programme (IDSP) Weekly Outbreak Surveillance","KEEP (Do not delete)","UNSAFE - Core Primary Evidence","Official weekly outbreak surveillance report containing primary epidemiological outbreak records for Maharashtra and India"
"NCDC weekly outbreaks\2023\week26.pdf","week26.pdf",".pdf",917768,"A","P0","Government of India / MoHFW / NCDC / IDSP","National Centre for Disease Control (NCDC)","2023","2023 Week 26","India (All States & UTs, including Maharashtra)","Weekly Disease Alerts / Outbreak Surveillance (Dengue, Malaria, ADD, Cholera, Food Poisoning, etc.)","YES","YES","Primary Government Data","Primary weekly surveillance record containing district-level outbreak tables for Maharashtra","Unique official report","Integrated Disease Surveillance Programme (IDSP) Weekly Outbreak Surveillance","KEEP (Do not delete)","UNSAFE - Core Primary Evidence","Official weekly outbreak surveillance report containing primary epidemiological outbreak records for Maharashtra and India"
"NCDC weekly outbreaks\2023\week27.pdf","week27.pdf",".pdf",864450,"A","P0","Government of India / MoHFW / NCDC / IDSP","National Centre for Disease Control (NCDC)","2023","2023 Week 27","India (All States & UTs, including Maharashtra)","Weekly Disease Alerts / Outbreak Surveillance (Dengue, Malaria, ADD, Cholera, Food Poisoning, etc.)","YES","YES","Primary Government Data","Primary weekly surveillance record containing district-level outbreak tables for Maharashtra","Unique official report","Integrated Disease Surveillance Programme (IDSP) Weekly Outbreak Surveillance","KEEP (Do not delete)","UNSAFE - Core Primary Evidence","Official weekly outbreak surveillance report containing primary epidemiological outbreak records for Maharashtra and India"
"NCDC weekly outbreaks\2023\week28.pdf","week28.pdf",".pdf",877260,"A","P0","Government of India / MoHFW / NCDC / IDSP","National Centre for Disease Control (NCDC)","2023","2023 Week 28","India (All States & UTs, including Maharashtra)","Weekly Disease Alerts / Outbreak Surveillance (Dengue, Malaria, ADD, Cholera, Food Poisoning, etc.)","YES","YES","Primary Government Data","Primary weekly surveillance record containing district-level outbreak tables for Maharashtra","Unique official report","Integrated Disease Surveillance Programme (IDSP) Weekly Outbreak Surveillance","KEEP (Do not delete)","UNSAFE - Core Primary Evidence","Official weekly outbreak surveillance report containing primary epidemiological outbreak records for Maharashtra and India"
"NCDC weekly outbreaks\2023\week29.pdf","week29.pdf",".pdf",755578,"A","P0","Government of India / MoHFW / NCDC / IDSP","National Centre for Disease Control (NCDC)","2023","2023 Week 29","India (All States & UTs, including Maharashtra)","Weekly Disease Alerts / Outbreak Surveillance (Dengue, Malaria, ADD, Cholera, Food Poisoning, etc.)","YES","YES","Primary Government Data","Primary weekly surveillance record containing district-level outbreak tables for Maharashtra","Unique official report","Integrated Disease Surveillance Programme (IDSP) Weekly Outbreak Surveillance","KEEP (Do not delete)","UNSAFE - Core Primary Evidence","Official weekly outbreak surveillance report containing primary epidemiological outbreak records for Maharashtra and India"
"NCDC weekly outbreaks\2023\week3.pdf","week3.pdf",".pdf",564808,"A","P0","Government of India / MoHFW / NCDC / IDSP","National Centre for Disease Control (NCDC)","2023","2023 Week 3","India (All States & UTs, including Maharashtra)","Weekly Disease Alerts / Outbreak Surveillance (Dengue, Malaria, ADD, Cholera, Food Poisoning, etc.)","YES","YES","Primary Government Data","Primary weekly surveillance record containing district-level outbreak tables for Maharashtra","Unique official report","Integrated Disease Surveillance Programme (IDSP) Weekly Outbreak Surveillance","KEEP (Do not delete)","UNSAFE - Core Primary Evidence","Official weekly outbreak surveillance report containing primary epidemiological outbreak records for Maharashtra and India"
"NCDC weekly outbreaks\2023\week30.pdf","week30.pdf",".pdf",726902,"A","P0","Government of India / MoHFW / NCDC / IDSP","National Centre for Disease Control (NCDC)","2023","2023 Week 30","India (All States & UTs, including Maharashtra)","Weekly Disease Alerts / Outbreak Surveillance (Dengue, Malaria, ADD, Cholera, Food Poisoning, etc.)","YES","YES","Primary Government Data","Primary weekly surveillance record containing district-level outbreak tables for Maharashtra","Unique official report","Integrated Disease Surveillance Programme (IDSP) Weekly Outbreak Surveillance","KEEP (Do not delete)","UNSAFE - Core Primary Evidence","Official weekly outbreak surveillance report containing primary epidemiological outbreak records for Maharashtra and India"
"NCDC weekly outbreaks\2023\week31.pdf","week31.pdf",".pdf",851745,"A","P0","Government of India / MoHFW / NCDC / IDSP","National Centre for Disease Control (NCDC)","2023","2023 Week 31","India (All States & UTs, including Maharashtra)","Weekly Disease Alerts / Outbreak Surveillance (Dengue, Malaria, ADD, Cholera, Food Poisoning, etc.)","YES","YES","Primary Government Data","Primary weekly surveillance record containing district-level outbreak tables for Maharashtra","Unique official report","Integrated Disease Surveillance Programme (IDSP) Weekly Outbreak Surveillance","KEEP (Do not delete)","UNSAFE - Core Primary Evidence","Official weekly outbreak surveillance report containing primary epidemiological outbreak records for Maharashtra and India"
"NCDC weekly outbreaks\2023\week32.pdf","week32.pdf",".pdf",689392,"A","P0","Government of India / MoHFW / NCDC / IDSP","National Centre for Disease Control (NCDC)","2023","2023 Week 32","India (All States & UTs, including Maharashtra)","Weekly Disease Alerts / Outbreak Surveillance (Dengue, Malaria, ADD, Cholera, Food Poisoning, etc.)","YES","YES","Primary Government Data","Primary weekly surveillance record containing district-level outbreak tables for Maharashtra","Unique official report","Integrated Disease Surveillance Programme (IDSP) Weekly Outbreak Surveillance","KEEP (Do not delete)","UNSAFE - Core Primary Evidence","Official weekly outbreak surveillance report containing primary epidemiological outbreak records for Maharashtra and India"
"NCDC weekly outbreaks\2023\week33.pdf","week33.pdf",".pdf",1023997,"A","P0","Government of India / MoHFW / NCDC / IDSP","National Centre for Disease Control (NCDC)","2023","2023 Week 33","India (All States & UTs, including Maharashtra)","Weekly Disease Alerts / Outbreak Surveillance (Dengue, Malaria, ADD, Cholera, Food Poisoning, etc.)","YES","YES","Primary Government Data","Primary weekly surveillance record containing district-level outbreak tables for Maharashtra","Unique official report","Integrated Disease Surveillance Programme (IDSP) Weekly Outbreak Surveillance","KEEP (Do not delete)","UNSAFE - Core Primary Evidence","Official weekly outbreak surveillance report containing primary epidemiological outbreak records for Maharashtra and India"
"NCDC weekly outbreaks\2023\week34.pdf","week34.pdf",".pdf",781924,"A","P0","Government of India / MoHFW / NCDC / IDSP","National Centre for Disease Control (NCDC)","2023","2023 Week 34","India (All States & UTs, including Maharashtra)","Weekly Disease Alerts / Outbreak Surveillance (Dengue, Malaria, ADD, Cholera, Food Poisoning, etc.)","YES","YES","Primary Government Data","Primary weekly surveillance record containing district-level outbreak tables for Maharashtra","Unique official report","Integrated Disease Surveillance Programme (IDSP) Weekly Outbreak Surveillance","KEEP (Do not delete)","UNSAFE - Core Primary Evidence","Official weekly outbreak surveillance report containing primary epidemiological outbreak records for Maharashtra and India"
"NCDC weekly outbreaks\2023\week35.pdf","week35.pdf",".pdf",1213292,"A","P0","Government of India / MoHFW / NCDC / IDSP","National Centre for Disease Control (NCDC)","2023","2023 Week 35","India (All States & UTs, including Maharashtra)","Weekly Disease Alerts / Outbreak Surveillance (Dengue, Malaria, ADD, Cholera, Food Poisoning, etc.)","YES","YES","Primary Government Data","Primary weekly surveillance record containing district-level outbreak tables for Maharashtra","Unique official report","Integrated Disease Surveillance Programme (IDSP) Weekly Outbreak Surveillance","KEEP (Do not delete)","UNSAFE - Core Primary Evidence","Official weekly outbreak surveillance report containing primary epidemiological outbreak records for Maharashtra and India"
"NCDC weekly outbreaks\2023\week36.pdf","week36.pdf",".pdf",849288,"A","P0","Government of India / MoHFW / NCDC / IDSP","National Centre for Disease Control (NCDC)","2023","2023 Week 36","India (All States & UTs, including Maharashtra)","Weekly Disease Alerts / Outbreak Surveillance (Dengue, Malaria, ADD, Cholera, Food Poisoning, etc.)","YES","YES","Primary Government Data","Primary weekly surveillance record containing district-level outbreak tables for Maharashtra","Unique official report","Integrated Disease Surveillance Programme (IDSP) Weekly Outbreak Surveillance","KEEP (Do not delete)","UNSAFE - Core Primary Evidence","Official weekly outbreak surveillance report containing primary epidemiological outbreak records for Maharashtra and India"
"NCDC weekly outbreaks\2023\week37.pdf","week37.pdf",".pdf",905740,"A","P0","Government of India / MoHFW / NCDC / IDSP","National Centre for Disease Control (NCDC)","2023","2023 Week 37","India (All States & UTs, including Maharashtra)","Weekly Disease Alerts / Outbreak Surveillance (Dengue, Malaria, ADD, Cholera, Food Poisoning, etc.)","YES","YES","Primary Government Data","Primary weekly surveillance record containing district-level outbreak tables for Maharashtra","Unique official report","Integrated Disease Surveillance Programme (IDSP) Weekly Outbreak Surveillance","KEEP (Do not delete)","UNSAFE - Core Primary Evidence","Official weekly outbreak surveillance report containing primary epidemiological outbreak records for Maharashtra and India"
"NCDC weekly outbreaks\2023\week38.pdf","week38.pdf",".pdf",850439,"A","P0","Government of India / MoHFW / NCDC / IDSP","National Centre for Disease Control (NCDC)","2023","2023 Week 38","India (All States & UTs, including Maharashtra)","Weekly Disease Alerts / Outbreak Surveillance (Dengue, Malaria, ADD, Cholera, Food Poisoning, etc.)","YES","YES","Primary Government Data","Primary weekly surveillance record containing district-level outbreak tables for Maharashtra","Unique official report","Integrated Disease Surveillance Programme (IDSP) Weekly Outbreak Surveillance","KEEP (Do not delete)","UNSAFE - Core Primary Evidence","Official weekly outbreak surveillance report containing primary epidemiological outbreak records for Maharashtra and India"
"NCDC weekly outbreaks\2023\week39.pdf","week39.pdf",".pdf",848129,"A","P0","Government of India / MoHFW / NCDC / IDSP","National Centre for Disease Control (NCDC)","2023","2023 Week 39","India (All States & UTs, including Maharashtra)","Weekly Disease Alerts / Outbreak Surveillance (Dengue, Malaria, ADD, Cholera, Food Poisoning, etc.)","YES","YES","Primary Government Data","Primary weekly surveillance record containing district-level outbreak tables for Maharashtra","Unique official report","Integrated Disease Surveillance Programme (IDSP) Weekly Outbreak Surveillance","KEEP (Do not delete)","UNSAFE - Core Primary Evidence","Official weekly outbreak surveillance report containing primary epidemiological outbreak records for Maharashtra and India"
"NCDC weekly outbreaks\2023\week4.pdf","week4.pdf",".pdf",543549,"A","P0","Government of India / MoHFW / NCDC / IDSP","National Centre for Disease Control (NCDC)","2023","2023 Week 4","India (All States & UTs, including Maharashtra)","Weekly Disease Alerts / Outbreak Surveillance (Dengue, Malaria, ADD, Cholera, Food Poisoning, etc.)","YES","YES","Primary Government Data","Primary weekly surveillance record containing district-level outbreak tables for Maharashtra","Unique official report","Integrated Disease Surveillance Programme (IDSP) Weekly Outbreak Surveillance","KEEP (Do not delete)","UNSAFE - Core Primary Evidence","Official weekly outbreak surveillance report containing primary epidemiological outbreak records for Maharashtra and India"
"NCDC weekly outbreaks\2023\week40.pdf","week40.pdf",".pdf",843243,"A","P0","Government of India / MoHFW / NCDC / IDSP","National Centre for Disease Control (NCDC)","2023","2023 Week 40","India (All States & UTs, including Maharashtra)","Weekly Disease Alerts / Outbreak Surveillance (Dengue, Malaria, ADD, Cholera, Food Poisoning, etc.)","YES","YES","Primary Government Data","Primary weekly surveillance record containing district-level outbreak tables for Maharashtra","Unique official report","Integrated Disease Surveillance Programme (IDSP) Weekly Outbreak Surveillance","KEEP (Do not delete)","UNSAFE - Core Primary Evidence","Official weekly outbreak surveillance report containing primary epidemiological outbreak records for Maharashtra and India"
"NCDC weekly outbreaks\2023\week41.pdf","week41.pdf",".pdf",718021,"A","P0","Government of India / MoHFW / NCDC / IDSP","National Centre for Disease Control (NCDC)","2023","2023 Week 41","India (All States & UTs, including Maharashtra)","Weekly Disease Alerts / Outbreak Surveillance (Dengue, Malaria, ADD, Cholera, Food Poisoning, etc.)","YES","YES","Primary Government Data","Primary weekly surveillance record containing district-level outbreak tables for Maharashtra","Unique official report","Integrated Disease Surveillance Programme (IDSP) Weekly Outbreak Surveillance","KEEP (Do not delete)","UNSAFE - Core Primary Evidence","Official weekly outbreak surveillance report containing primary epidemiological outbreak records for Maharashtra and India"
"NCDC weekly outbreaks\2023\week42.pdf","week42.pdf",".pdf",928783,"A","P0","Government of India / MoHFW / NCDC / IDSP","National Centre for Disease Control (NCDC)","2023","2023 Week 42","India (All States & UTs, including Maharashtra)","Weekly Disease Alerts / Outbreak Surveillance (Dengue, Malaria, ADD, Cholera, Food Poisoning, etc.)","YES","YES","Primary Government Data","Primary weekly surveillance record containing district-level outbreak tables for Maharashtra","Unique official report","Integrated Disease Surveillance Programme (IDSP) Weekly Outbreak Surveillance","KEEP (Do not delete)","UNSAFE - Core Primary Evidence","Official weekly outbreak surveillance report containing primary epidemiological outbreak records for Maharashtra and India"
"NCDC weekly outbreaks\2023\week43.pdf","week43.pdf",".pdf",789286,"A","P0","Government of India / MoHFW / NCDC / IDSP","National Centre for Disease Control (NCDC)","2023","2023 Week 43","India (All States & UTs, including Maharashtra)","Weekly Disease Alerts / Outbreak Surveillance (Dengue, Malaria, ADD, Cholera, Food Poisoning, etc.)","YES","YES","Primary Government Data","Primary weekly surveillance record containing district-level outbreak tables for Maharashtra","Unique official report","Integrated Disease Surveillance Programme (IDSP) Weekly Outbreak Surveillance","KEEP (Do not delete)","UNSAFE - Core Primary Evidence","Official weekly outbreak surveillance report containing primary epidemiological outbreak records for Maharashtra and India"
"NCDC weekly outbreaks\2023\week44.pdf","week44.pdf",".pdf",704274,"A","P0","Government of India / MoHFW / NCDC / IDSP","National Centre for Disease Control (NCDC)","2023","2023 Week 44","India (All States & UTs, including Maharashtra)","Weekly Disease Alerts / Outbreak Surveillance (Dengue, Malaria, ADD, Cholera, Food Poisoning, etc.)","YES","YES","Primary Government Data","Primary weekly surveillance record containing district-level outbreak tables for Maharashtra","Unique official report","Integrated Disease Surveillance Programme (IDSP) Weekly Outbreak Surveillance","KEEP (Do not delete)","UNSAFE - Core Primary Evidence","Official weekly outbreak surveillance report containing primary epidemiological outbreak records for Maharashtra and India"
"NCDC weekly outbreaks\2023\week45.pdf","week45.pdf",".pdf",718310,"A","P0","Government of India / MoHFW / NCDC / IDSP","National Centre for Disease Control (NCDC)","2023","2023 Week 45","India (All States & UTs, including Maharashtra)","Weekly Disease Alerts / Outbreak Surveillance (Dengue, Malaria, ADD, Cholera, Food Poisoning, etc.)","YES","YES","Primary Government Data","Primary weekly surveillance record containing district-level outbreak tables for Maharashtra","Unique official report","Integrated Disease Surveillance Programme (IDSP) Weekly Outbreak Surveillance","KEEP (Do not delete)","UNSAFE - Core Primary Evidence","Official weekly outbreak surveillance report containing primary epidemiological outbreak records for Maharashtra and India"
"NCDC weekly outbreaks\2023\week46.pdf","week46.pdf",".pdf",611714,"A","P0","Government of India / MoHFW / NCDC / IDSP","National Centre for Disease Control (NCDC)","2023","2023 Week 46","India (All States & UTs, including Maharashtra)","Weekly Disease Alerts / Outbreak Surveillance (Dengue, Malaria, ADD, Cholera, Food Poisoning, etc.)","YES","YES","Primary Government Data","Primary weekly surveillance record containing district-level outbreak tables for Maharashtra","Unique official report","Integrated Disease Surveillance Programme (IDSP) Weekly Outbreak Surveillance","KEEP (Do not delete)","UNSAFE - Core Primary Evidence","Official weekly outbreak surveillance report containing primary epidemiological outbreak records for Maharashtra and India"
"NCDC weekly outbreaks\2023\week47.pdf","week47.pdf",".pdf",849432,"A","P0","Government of India / MoHFW / NCDC / IDSP","National Centre for Disease Control (NCDC)","2023","2023 Week 47","India (All States & UTs, including Maharashtra)","Weekly Disease Alerts / Outbreak Surveillance (Dengue, Malaria, ADD, Cholera, Food Poisoning, etc.)","YES","YES","Primary Government Data","Primary weekly surveillance record containing district-level outbreak tables for Maharashtra","Unique official report","Integrated Disease Surveillance Programme (IDSP) Weekly Outbreak Surveillance","KEEP (Do not delete)","UNSAFE - Core Primary Evidence","Official weekly outbreak surveillance report containing primary epidemiological outbreak records for Maharashtra and India"
"NCDC weekly outbreaks\2023\week48.pdf","week48.pdf",".pdf",615141,"A","P0","Government of India / MoHFW / NCDC / IDSP","National Centre for Disease Control (NCDC)","2023","2023 Week 48","India (All States & UTs, including Maharashtra)","Weekly Disease Alerts / Outbreak Surveillance (Dengue, Malaria, ADD, Cholera, Food Poisoning, etc.)","YES","YES","Primary Government Data","Primary weekly surveillance record containing district-level outbreak tables for Maharashtra","Unique official report","Integrated Disease Surveillance Programme (IDSP) Weekly Outbreak Surveillance","KEEP (Do not delete)","UNSAFE - Core Primary Evidence","Official weekly outbreak surveillance report containing primary epidemiological outbreak records for Maharashtra and India"
"NCDC weekly outbreaks\2023\week49.pdf","week49.pdf",".pdf",794600,"A","P0","Government of India / MoHFW / NCDC / IDSP","National Centre for Disease Control (NCDC)","2023","2023 Week 49","India (All States & UTs, including Maharashtra)","Weekly Disease Alerts / Outbreak Surveillance (Dengue, Malaria, ADD, Cholera, Food Poisoning, etc.)","YES","YES","Primary Government Data","Primary weekly surveillance record containing district-level outbreak tables for Maharashtra","Unique official report","Integrated Disease Surveillance Programme (IDSP) Weekly Outbreak Surveillance","KEEP (Do not delete)","UNSAFE - Core Primary Evidence","Official weekly outbreak surveillance report containing primary epidemiological outbreak records for Maharashtra and India"
"NCDC weekly outbreaks\2023\week5.pdf","week5.pdf",".pdf",653250,"A","P0","Government of India / MoHFW / NCDC / IDSP","National Centre for Disease Control (NCDC)","2023","2023 Week 5","India (All States & UTs, including Maharashtra)","Weekly Disease Alerts / Outbreak Surveillance (Dengue, Malaria, ADD, Cholera, Food Poisoning, etc.)","YES","YES","Primary Government Data","Primary weekly surveillance record containing district-level outbreak tables for Maharashtra","Unique official report","Integrated Disease Surveillance Programme (IDSP) Weekly Outbreak Surveillance","KEEP (Do not delete)","UNSAFE - Core Primary Evidence","Official weekly outbreak surveillance report containing primary epidemiological outbreak records for Maharashtra and India"
"NCDC weekly outbreaks\2023\week50_1788952212.pdf","week50_1788952212.pdf",".pdf",666846,"A","P0","Government of India / MoHFW / NCDC / IDSP","National Centre for Disease Control (NCDC)","2023","2023 Week 50","India (All States & UTs, including Maharashtra)","Weekly Disease Alerts / Outbreak Surveillance (Dengue, Malaria, ADD, Cholera, Food Poisoning, etc.)","YES","YES","Primary Government Data","Primary weekly surveillance record containing district-level outbreak tables for Maharashtra","Unique official report","Integrated Disease Surveillance Programme (IDSP) Weekly Outbreak Surveillance","KEEP (Do not delete)","UNSAFE - Core Primary Evidence","Official weekly outbreak surveillance report containing primary epidemiological outbreak records for Maharashtra and India"
"NCDC weekly outbreaks\2023\week6.pdf","week6.pdf",".pdf",724717,"A","P0","Government of India / MoHFW / NCDC / IDSP","National Centre for Disease Control (NCDC)","2023","2023 Week 6","India (All States & UTs, including Maharashtra)","Weekly Disease Alerts / Outbreak Surveillance (Dengue, Malaria, ADD, Cholera, Food Poisoning, etc.)","YES","YES","Primary Government Data","Primary weekly surveillance record containing district-level outbreak tables for Maharashtra","Unique official report","Integrated Disease Surveillance Programme (IDSP) Weekly Outbreak Surveillance","KEEP (Do not delete)","UNSAFE - Core Primary Evidence","Official weekly outbreak surveillance report containing primary epidemiological outbreak records for Maharashtra and India"
"NCDC weekly outbreaks\2023\week7.pdf","week7.pdf",".pdf",715956,"A","P0","Government of India / MoHFW / NCDC / IDSP","National Centre for Disease Control (NCDC)","2023","2023 Week 7","India (All States & UTs, including Maharashtra)","Weekly Disease Alerts / Outbreak Surveillance (Dengue, Malaria, ADD, Cholera, Food Poisoning, etc.)","YES","YES","Primary Government Data","Primary weekly surveillance record containing district-level outbreak tables for Maharashtra","Unique official report","Integrated Disease Surveillance Programme (IDSP) Weekly Outbreak Surveillance","KEEP (Do not delete)","UNSAFE - Core Primary Evidence","Official weekly outbreak surveillance report containing primary epidemiological outbreak records for Maharashtra and India"
"NCDC weekly outbreaks\2023\week8.pdf","week8.pdf",".pdf",723525,"A","P0","Government of India / MoHFW / NCDC / IDSP","National Centre for Disease Control (NCDC)","2023","2023 Week 8","India (All States & UTs, including Maharashtra)","Weekly Disease Alerts / Outbreak Surveillance (Dengue, Malaria, ADD, Cholera, Food Poisoning, etc.)","YES","YES","Primary Government Data","Primary weekly surveillance record containing district-level outbreak tables for Maharashtra","Unique official report","Integrated Disease Surveillance Programme (IDSP) Weekly Outbreak Surveillance","KEEP (Do not delete)","UNSAFE - Core Primary Evidence","Official weekly outbreak surveillance report containing primary epidemiological outbreak records for Maharashtra and India"
"NCDC weekly outbreaks\2023\week9.pdf","week9.pdf",".pdf",554693,"A","P0","Government of India / MoHFW / NCDC / IDSP","National Centre for Disease Control (NCDC)","2023","2023 Week 9","India (All States & UTs, including Maharashtra)","Weekly Disease Alerts / Outbreak Surveillance (Dengue, Malaria, ADD, Cholera, Food Poisoning, etc.)","YES","YES","Primary Government Data","Primary weekly surveillance record containing district-level outbreak tables for Maharashtra","Unique official report","Integrated Disease Surveillance Programme (IDSP) Weekly Outbreak Surveillance","KEEP (Do not delete)","UNSAFE - Core Primary Evidence","Official weekly outbreak surveillance report containing primary epidemiological outbreak records for Maharashtra and India"
"NCDC weekly outbreaks\2024\week10_1788951380.pdf","week10_1788951380.pdf",".pdf",691389,"A","P0","Government of India / MoHFW / NCDC / IDSP","National Centre for Disease Control (NCDC)","2024","2024 Week 10","India (All States & UTs, including Maharashtra)","Weekly Disease Alerts / Outbreak Surveillance (Dengue, Malaria, ADD, Cholera, Food Poisoning, etc.)","YES","YES","Primary Government Data","Primary weekly surveillance record containing district-level outbreak tables for Maharashtra","Unique official report","Integrated Disease Surveillance Programme (IDSP) Weekly Outbreak Surveillance","KEEP (Do not delete)","UNSAFE - Core Primary Evidence","Official weekly outbreak surveillance report containing primary epidemiological outbreak records for Maharashtra and India"
"NCDC weekly outbreaks\2024\week11_1788951396.pdf","week11_1788951396.pdf",".pdf",978519,"A","P0","Government of India / MoHFW / NCDC / IDSP","National Centre for Disease Control (NCDC)","2024","2024 Week 11","India (All States & UTs, including Maharashtra)","Weekly Disease Alerts / Outbreak Surveillance (Dengue, Malaria, ADD, Cholera, Food Poisoning, etc.)","YES","YES","Primary Government Data","Primary weekly surveillance record containing district-level outbreak tables for Maharashtra","Unique official report","Integrated Disease Surveillance Programme (IDSP) Weekly Outbreak Surveillance","KEEP (Do not delete)","UNSAFE - Core Primary Evidence","Official weekly outbreak surveillance report containing primary epidemiological outbreak records for Maharashtra and India"
"NCDC weekly outbreaks\2024\week12_1788951408.pdf","week12_1788951408.pdf",".pdf",788273,"A","P0","Government of India / MoHFW / NCDC / IDSP","National Centre for Disease Control (NCDC)","2024","2024 Week 12","India (All States & UTs, including Maharashtra)","Weekly Disease Alerts / Outbreak Surveillance (Dengue, Malaria, ADD, Cholera, Food Poisoning, etc.)","YES","YES","Primary Government Data","Primary weekly surveillance record containing district-level outbreak tables for Maharashtra","Unique official report","Integrated Disease Surveillance Programme (IDSP) Weekly Outbreak Surveillance","KEEP (Do not delete)","UNSAFE - Core Primary Evidence","Official weekly outbreak surveillance report containing primary epidemiological outbreak records for Maharashtra and India"
"NCDC weekly outbreaks\2024\week13_1788951420.pdf","week13_1788951420.pdf",".pdf",782509,"A","P0","Government of India / MoHFW / NCDC / IDSP","National Centre for Disease Control (NCDC)","2024","2024 Week 13","India (All States & UTs, including Maharashtra)","Weekly Disease Alerts / Outbreak Surveillance (Dengue, Malaria, ADD, Cholera, Food Poisoning, etc.)","YES","YES","Primary Government Data","Primary weekly surveillance record containing district-level outbreak tables for Maharashtra","Unique official report","Integrated Disease Surveillance Programme (IDSP) Weekly Outbreak Surveillance","KEEP (Do not delete)","UNSAFE - Core Primary Evidence","Official weekly outbreak surveillance report containing primary epidemiological outbreak records for Maharashtra and India"
"NCDC weekly outbreaks\2024\week14_1788951433.pdf","week14_1788951433.pdf",".pdf",755766,"A","P0","Government of India / MoHFW / NCDC / IDSP","National Centre for Disease Control (NCDC)","2024","2024 Week 14","India (All States & UTs, including Maharashtra)","Weekly Disease Alerts / Outbreak Surveillance (Dengue, Malaria, ADD, Cholera, Food Poisoning, etc.)","YES","YES","Primary Government Data","Primary weekly surveillance record containing district-level outbreak tables for Maharashtra","Unique official report","Integrated Disease Surveillance Programme (IDSP) Weekly Outbreak Surveillance","KEEP (Do not delete)","UNSAFE - Core Primary Evidence","Official weekly outbreak surveillance report containing primary epidemiological outbreak records for Maharashtra and India"
"NCDC weekly outbreaks\2024\week15_1788951443.pdf","week15_1788951443.pdf",".pdf",911568,"A","P0","Government of India / MoHFW / NCDC / IDSP","National Centre for Disease Control (NCDC)","2024","2024 Week 15","India (All States & UTs, including Maharashtra)","Weekly Disease Alerts / Outbreak Surveillance (Dengue, Malaria, ADD, Cholera, Food Poisoning, etc.)","YES","YES","Primary Government Data","Primary weekly surveillance record containing district-level outbreak tables for Maharashtra","Unique official report","Integrated Disease Surveillance Programme (IDSP) Weekly Outbreak Surveillance","KEEP (Do not delete)","UNSAFE - Core Primary Evidence","Official weekly outbreak surveillance report containing primary epidemiological outbreak records for Maharashtra and India"
"NCDC weekly outbreaks\2024\week16_1788951454.pdf","week16_1788951454.pdf",".pdf",797905,"A","P0","Government of India / MoHFW / NCDC / IDSP","National Centre for Disease Control (NCDC)","2024","2024 Week 16","India (All States & UTs, including Maharashtra)","Weekly Disease Alerts / Outbreak Surveillance (Dengue, Malaria, ADD, Cholera, Food Poisoning, etc.)","YES","YES","Primary Government Data","Primary weekly surveillance record containing district-level outbreak tables for Maharashtra","Unique official report","Integrated Disease Surveillance Programme (IDSP) Weekly Outbreak Surveillance","KEEP (Do not delete)","UNSAFE - Core Primary Evidence","Official weekly outbreak surveillance report containing primary epidemiological outbreak records for Maharashtra and India"
"NCDC weekly outbreaks\2024\week17_1788951485.pdf","week17_1788951485.pdf",".pdf",920362,"A","P0","Government of India / MoHFW / NCDC / IDSP","National Centre for Disease Control (NCDC)","2024","2024 Week 17","India (All States & UTs, including Maharashtra)","Weekly Disease Alerts / Outbreak Surveillance (Dengue, Malaria, ADD, Cholera, Food Poisoning, etc.)","YES","YES","Primary Government Data","Primary weekly surveillance record containing district-level outbreak tables for Maharashtra","Unique official report","Integrated Disease Surveillance Programme (IDSP) Weekly Outbreak Surveillance","KEEP (Do not delete)","UNSAFE - Core Primary Evidence","Official weekly outbreak surveillance report containing primary epidemiological outbreak records for Maharashtra and India"
"NCDC weekly outbreaks\2024\week18_1788951496.pdf","week18_1788951496.pdf",".pdf",866989,"A","P0","Government of India / MoHFW / NCDC / IDSP","National Centre for Disease Control (NCDC)","2024","2024 Week 18","India (All States & UTs, including Maharashtra)","Weekly Disease Alerts / Outbreak Surveillance (Dengue, Malaria, ADD, Cholera, Food Poisoning, etc.)","YES","YES","Primary Government Data","Primary weekly surveillance record containing district-level outbreak tables for Maharashtra","Unique official report","Integrated Disease Surveillance Programme (IDSP) Weekly Outbreak Surveillance","KEEP (Do not delete)","UNSAFE - Core Primary Evidence","Official weekly outbreak surveillance report containing primary epidemiological outbreak records for Maharashtra and India"
"NCDC weekly outbreaks\2024\week19_1788951508.pdf","week19_1788951508.pdf",".pdf",963998,"A","P0","Government of India / MoHFW / NCDC / IDSP","National Centre for Disease Control (NCDC)","2024","2024 Week 19","India (All States & UTs, including Maharashtra)","Weekly Disease Alerts / Outbreak Surveillance (Dengue, Malaria, ADD, Cholera, Food Poisoning, etc.)","YES","YES","Primary Government Data","Primary weekly surveillance record containing district-level outbreak tables for Maharashtra","Unique official report","Integrated Disease Surveillance Programme (IDSP) Weekly Outbreak Surveillance","KEEP (Do not delete)","UNSAFE - Core Primary Evidence","Official weekly outbreak surveillance report containing primary epidemiological outbreak records for Maharashtra and India"
"NCDC weekly outbreaks\2024\week1_1788951246.pdf","week1_1788951246.pdf",".pdf",961723,"A","P0","Government of India / MoHFW / NCDC / IDSP","National Centre for Disease Control (NCDC)","2024","2024 Week 1","India (All States & UTs, including Maharashtra)","Weekly Disease Alerts / Outbreak Surveillance (Dengue, Malaria, ADD, Cholera, Food Poisoning, etc.)","YES","YES","Primary Government Data","Primary weekly surveillance record containing district-level outbreak tables for Maharashtra","Unique official report","Integrated Disease Surveillance Programme (IDSP) Weekly Outbreak Surveillance","KEEP (Do not delete)","UNSAFE - Core Primary Evidence","Official weekly outbreak surveillance report containing primary epidemiological outbreak records for Maharashtra and India"
"NCDC weekly outbreaks\2024\week20_1788951522.pdf","week20_1788951522.pdf",".pdf",962411,"A","P0","Government of India / MoHFW / NCDC / IDSP","National Centre for Disease Control (NCDC)","2024","2024 Week 20","India (All States & UTs, including Maharashtra)","Weekly Disease Alerts / Outbreak Surveillance (Dengue, Malaria, ADD, Cholera, Food Poisoning, etc.)","YES","YES","Primary Government Data","Primary weekly surveillance record containing district-level outbreak tables for Maharashtra","Unique official report","Integrated Disease Surveillance Programme (IDSP) Weekly Outbreak Surveillance","KEEP (Do not delete)","UNSAFE - Core Primary Evidence","Official weekly outbreak surveillance report containing primary epidemiological outbreak records for Maharashtra and India"
"NCDC weekly outbreaks\2024\week21_1788951532.pdf","week21_1788951532.pdf",".pdf",936534,"A","P0","Government of India / MoHFW / NCDC / IDSP","National Centre for Disease Control (NCDC)","2024","2024 Week 21","India (All States & UTs, including Maharashtra)","Weekly Disease Alerts / Outbreak Surveillance (Dengue, Malaria, ADD, Cholera, Food Poisoning, etc.)","YES","YES","Primary Government Data","Primary weekly surveillance record containing district-level outbreak tables for Maharashtra","Unique official report","Integrated Disease Surveillance Programme (IDSP) Weekly Outbreak Surveillance","KEEP (Do not delete)","UNSAFE - Core Primary Evidence","Official weekly outbreak surveillance report containing primary epidemiological outbreak records for Maharashtra and India"
"NCDC weekly outbreaks\2024\week22_1788951544.pdf","week22_1788951544.pdf",".pdf",888674,"A","P0","Government of India / MoHFW / NCDC / IDSP","National Centre for Disease Control (NCDC)","2024","2024 Week 22","India (All States & UTs, including Maharashtra)","Weekly Disease Alerts / Outbreak Surveillance (Dengue, Malaria, ADD, Cholera, Food Poisoning, etc.)","YES","YES","Primary Government Data","Primary weekly surveillance record containing district-level outbreak tables for Maharashtra","Unique official report","Integrated Disease Surveillance Programme (IDSP) Weekly Outbreak Surveillance","KEEP (Do not delete)","UNSAFE - Core Primary Evidence","Official weekly outbreak surveillance report containing primary epidemiological outbreak records for Maharashtra and India"
"NCDC weekly outbreaks\2024\week23_1788951559.pdf","week23_1788951559.pdf",".pdf",804402,"A","P0","Government of India / MoHFW / NCDC / IDSP","National Centre for Disease Control (NCDC)","2024","2024 Week 23","India (All States & UTs, including Maharashtra)","Weekly Disease Alerts / Outbreak Surveillance (Dengue, Malaria, ADD, Cholera, Food Poisoning, etc.)","YES","YES","Primary Government Data","Primary weekly surveillance record containing district-level outbreak tables for Maharashtra","Unique official report","Integrated Disease Surveillance Programme (IDSP) Weekly Outbreak Surveillance","KEEP (Do not delete)","UNSAFE - Core Primary Evidence","Official weekly outbreak surveillance report containing primary epidemiological outbreak records for Maharashtra and India"
"NCDC weekly outbreaks\2024\week24_1788951570.pdf","week24_1788951570.pdf",".pdf",903573,"A","P0","Government of India / MoHFW / NCDC / IDSP","National Centre for Disease Control (NCDC)","2024","2024 Week 24","India (All States & UTs, including Maharashtra)","Weekly Disease Alerts / Outbreak Surveillance (Dengue, Malaria, ADD, Cholera, Food Poisoning, etc.)","YES","YES","Primary Government Data","Primary weekly surveillance record containing district-level outbreak tables for Maharashtra","Unique official report","Integrated Disease Surveillance Programme (IDSP) Weekly Outbreak Surveillance","KEEP (Do not delete)","UNSAFE - Core Primary Evidence","Official weekly outbreak surveillance report containing primary epidemiological outbreak records for Maharashtra and India"
"NCDC weekly outbreaks\2024\week25_1788951582.pdf","week25_1788951582.pdf",".pdf",890037,"A","P0","Government of India / MoHFW / NCDC / IDSP","National Centre for Disease Control (NCDC)","2024","2024 Week 25","India (All States & UTs, including Maharashtra)","Weekly Disease Alerts / Outbreak Surveillance (Dengue, Malaria, ADD, Cholera, Food Poisoning, etc.)","YES","YES","Primary Government Data","Primary weekly surveillance record containing district-level outbreak tables for Maharashtra","Unique official report","Integrated Disease Surveillance Programme (IDSP) Weekly Outbreak Surveillance","KEEP (Do not delete)","UNSAFE - Core Primary Evidence","Official weekly outbreak surveillance report containing primary epidemiological outbreak records for Maharashtra and India"
"NCDC weekly outbreaks\2024\week26_1788951715.pdf","week26_1788951715.pdf",".pdf",1406461,"A","P0","Government of India / MoHFW / NCDC / IDSP","National Centre for Disease Control (NCDC)","2024","2024 Week 26","India (All States & UTs, including Maharashtra)","Weekly Disease Alerts / Outbreak Surveillance (Dengue, Malaria, ADD, Cholera, Food Poisoning, etc.)","YES","YES","Primary Government Data","Primary weekly surveillance record containing district-level outbreak tables for Maharashtra","Unique official report","Integrated Disease Surveillance Programme (IDSP) Weekly Outbreak Surveillance","KEEP (Do not delete)","UNSAFE - Core Primary Evidence","Official weekly outbreak surveillance report containing primary epidemiological outbreak records for Maharashtra and India"
"NCDC weekly outbreaks\2024\week27_1788951732.pdf","week27_1788951732.pdf",".pdf",1184244,"A","P0","Government of India / MoHFW / NCDC / IDSP","National Centre for Disease Control (NCDC)","2024","2024 Week 27","India (All States & UTs, including Maharashtra)","Weekly Disease Alerts / Outbreak Surveillance (Dengue, Malaria, ADD, Cholera, Food Poisoning, etc.)","YES","YES","Primary Government Data","Primary weekly surveillance record containing district-level outbreak tables for Maharashtra","Unique official report","Integrated Disease Surveillance Programme (IDSP) Weekly Outbreak Surveillance","KEEP (Do not delete)","UNSAFE - Core Primary Evidence","Official weekly outbreak surveillance report containing primary epidemiological outbreak records for Maharashtra and India"
"NCDC weekly outbreaks\2024\week28_1788951744.pdf","week28_1788951744.pdf",".pdf",1708162,"A","P0","Government of India / MoHFW / NCDC / IDSP","National Centre for Disease Control (NCDC)","2024","2024 Week 28","India (All States & UTs, including Maharashtra)","Weekly Disease Alerts / Outbreak Surveillance (Dengue, Malaria, ADD, Cholera, Food Poisoning, etc.)","YES","YES","Primary Government Data","Primary weekly surveillance record containing district-level outbreak tables for Maharashtra","Unique official report","Integrated Disease Surveillance Programme (IDSP) Weekly Outbreak Surveillance","KEEP (Do not delete)","UNSAFE - Core Primary Evidence","Official weekly outbreak surveillance report containing primary epidemiological outbreak records for Maharashtra and India"
"NCDC weekly outbreaks\2024\week29_1788951764.pdf","week29_1788951764.pdf",".pdf",1189800,"A","P0","Government of India / MoHFW / NCDC / IDSP","National Centre for Disease Control (NCDC)","2024","2024 Week 29","India (All States & UTs, including Maharashtra)","Weekly Disease Alerts / Outbreak Surveillance (Dengue, Malaria, ADD, Cholera, Food Poisoning, etc.)","YES","YES","Primary Government Data","Primary weekly surveillance record containing district-level outbreak tables for Maharashtra","Unique official report","Integrated Disease Surveillance Programme (IDSP) Weekly Outbreak Surveillance","KEEP (Do not delete)","UNSAFE - Core Primary Evidence","Official weekly outbreak surveillance report containing primary epidemiological outbreak records for Maharashtra and India"
"NCDC weekly outbreaks\2024\week2_1788951271.pdf","week2_1788951271.pdf",".pdf",859437,"A","P0","Government of India / MoHFW / NCDC / IDSP","National Centre for Disease Control (NCDC)","2024","2024 Week 2","India (All States & UTs, including Maharashtra)","Weekly Disease Alerts / Outbreak Surveillance (Dengue, Malaria, ADD, Cholera, Food Poisoning, etc.)","YES","YES","Primary Government Data","Primary weekly surveillance record containing district-level outbreak tables for Maharashtra","Unique official report","Integrated Disease Surveillance Programme (IDSP) Weekly Outbreak Surveillance","KEEP (Do not delete)","UNSAFE - Core Primary Evidence","Official weekly outbreak surveillance report containing primary epidemiological outbreak records for Maharashtra and India"
"NCDC weekly outbreaks\2024\week30_1788951797.pdf","week30_1788951797.pdf",".pdf",1023592,"A","P0","Government of India / MoHFW / NCDC / IDSP","National Centre for Disease Control (NCDC)","2024","2024 Week 30","India (All States & UTs, including Maharashtra)","Weekly Disease Alerts / Outbreak Surveillance (Dengue, Malaria, ADD, Cholera, Food Poisoning, etc.)","YES","YES","Primary Government Data","Primary weekly surveillance record containing district-level outbreak tables for Maharashtra","Unique official report","Integrated Disease Surveillance Programme (IDSP) Weekly Outbreak Surveillance","KEEP (Do not delete)","UNSAFE - Core Primary Evidence","Official weekly outbreak surveillance report containing primary epidemiological outbreak records for Maharashtra and India"
"NCDC weekly outbreaks\2024\week31_1788951810.pdf","week31_1788951810.pdf",".pdf",1220521,"A","P0","Government of India / MoHFW / NCDC / IDSP","National Centre for Disease Control (NCDC)","2024","2024 Week 31","India (All States & UTs, including Maharashtra)","Weekly Disease Alerts / Outbreak Surveillance (Dengue, Malaria, ADD, Cholera, Food Poisoning, etc.)","YES","YES","Primary Government Data","Primary weekly surveillance record containing district-level outbreak tables for Maharashtra","Unique official report","Integrated Disease Surveillance Programme (IDSP) Weekly Outbreak Surveillance","KEEP (Do not delete)","UNSAFE - Core Primary Evidence","Official weekly outbreak surveillance report containing primary epidemiological outbreak records for Maharashtra and India"
"NCDC weekly outbreaks\2024\week32_1788951820.pdf","week32_1788951820.pdf",".pdf",1318615,"A","P0","Government of India / MoHFW / NCDC / IDSP","National Centre for Disease Control (NCDC)","2024","2024 Week 32","India (All States & UTs, including Maharashtra)","Weekly Disease Alerts / Outbreak Surveillance (Dengue, Malaria, ADD, Cholera, Food Poisoning, etc.)","YES","YES","Primary Government Data","Primary weekly surveillance record containing district-level outbreak tables for Maharashtra","Unique official report","Integrated Disease Surveillance Programme (IDSP) Weekly Outbreak Surveillance","KEEP (Do not delete)","UNSAFE - Core Primary Evidence","Official weekly outbreak surveillance report containing primary epidemiological outbreak records for Maharashtra and India"
"NCDC weekly outbreaks\2024\week33_1788951845.pdf","week33_1788951845.pdf",".pdf",1077366,"A","P0","Government of India / MoHFW / NCDC / IDSP","National Centre for Disease Control (NCDC)","2024","2024 Week 33","India (All States & UTs, including Maharashtra)","Weekly Disease Alerts / Outbreak Surveillance (Dengue, Malaria, ADD, Cholera, Food Poisoning, etc.)","YES","YES","Primary Government Data","Primary weekly surveillance record containing district-level outbreak tables for Maharashtra","Unique official report","Integrated Disease Surveillance Programme (IDSP) Weekly Outbreak Surveillance","KEEP (Do not delete)","UNSAFE - Core Primary Evidence","Official weekly outbreak surveillance report containing primary epidemiological outbreak records for Maharashtra and India"
"NCDC weekly outbreaks\2024\week34_1788951861.pdf","week34_1788951861.pdf",".pdf",1181485,"A","P0","Government of India / MoHFW / NCDC / IDSP","National Centre for Disease Control (NCDC)","2024","2024 Week 34","India (All States & UTs, including Maharashtra)","Weekly Disease Alerts / Outbreak Surveillance (Dengue, Malaria, ADD, Cholera, Food Poisoning, etc.)","YES","YES","Primary Government Data","Primary weekly surveillance record containing district-level outbreak tables for Maharashtra","Unique official report","Integrated Disease Surveillance Programme (IDSP) Weekly Outbreak Surveillance","KEEP (Do not delete)","UNSAFE - Core Primary Evidence","Official weekly outbreak surveillance report containing primary epidemiological outbreak records for Maharashtra and India"
"NCDC weekly outbreaks\2024\week35_1788951873.pdf","week35_1788951873.pdf",".pdf",784127,"A","P0","Government of India / MoHFW / NCDC / IDSP","National Centre for Disease Control (NCDC)","2024","2024 Week 35","India (All States & UTs, including Maharashtra)","Weekly Disease Alerts / Outbreak Surveillance (Dengue, Malaria, ADD, Cholera, Food Poisoning, etc.)","YES","YES","Primary Government Data","Primary weekly surveillance record containing district-level outbreak tables for Maharashtra","Unique official report","Integrated Disease Surveillance Programme (IDSP) Weekly Outbreak Surveillance","KEEP (Do not delete)","UNSAFE - Core Primary Evidence","Official weekly outbreak surveillance report containing primary epidemiological outbreak records for Maharashtra and India"
"NCDC weekly outbreaks\2024\week36_1788951892.pdf","week36_1788951892.pdf",".pdf",750123,"A","P0","Government of India / MoHFW / NCDC / IDSP","National Centre for Disease Control (NCDC)","2024","2024 Week 36","India (All States & UTs, including Maharashtra)","Weekly Disease Alerts / Outbreak Surveillance (Dengue, Malaria, ADD, Cholera, Food Poisoning, etc.)","YES","YES","Primary Government Data","Primary weekly surveillance record containing district-level outbreak tables for Maharashtra","Unique official report","Integrated Disease Surveillance Programme (IDSP) Weekly Outbreak Surveillance","KEEP (Do not delete)","UNSAFE - Core Primary Evidence","Official weekly outbreak surveillance report containing primary epidemiological outbreak records for Maharashtra and India"
"NCDC weekly outbreaks\2024\week37_1788951903.pdf","week37_1788951903.pdf",".pdf",740803,"A","P0","Government of India / MoHFW / NCDC / IDSP","National Centre for Disease Control (NCDC)","2024","2024 Week 37","India (All States & UTs, including Maharashtra)","Weekly Disease Alerts / Outbreak Surveillance (Dengue, Malaria, ADD, Cholera, Food Poisoning, etc.)","YES","YES","Primary Government Data","Primary weekly surveillance record containing district-level outbreak tables for Maharashtra","Unique official report","Integrated Disease Surveillance Programme (IDSP) Weekly Outbreak Surveillance","KEEP (Do not delete)","UNSAFE - Core Primary Evidence","Official weekly outbreak surveillance report containing primary epidemiological outbreak records for Maharashtra and India"
"NCDC weekly outbreaks\2024\week38_1788951915.pdf","week38_1788951915.pdf",".pdf",838695,"A","P0","Government of India / MoHFW / NCDC / IDSP","National Centre for Disease Control (NCDC)","2024","2024 Week 38","India (All States & UTs, including Maharashtra)","Weekly Disease Alerts / Outbreak Surveillance (Dengue, Malaria, ADD, Cholera, Food Poisoning, etc.)","YES","YES","Primary Government Data","Primary weekly surveillance record containing district-level outbreak tables for Maharashtra","Unique official report","Integrated Disease Surveillance Programme (IDSP) Weekly Outbreak Surveillance","KEEP (Do not delete)","UNSAFE - Core Primary Evidence","Official weekly outbreak surveillance report containing primary epidemiological outbreak records for Maharashtra and India"
"NCDC weekly outbreaks\2024\week39_1788951925.pdf","week39_1788951925.pdf",".pdf",767154,"A","P0","Government of India / MoHFW / NCDC / IDSP","National Centre for Disease Control (NCDC)","2024","2024 Week 39","India (All States & UTs, including Maharashtra)","Weekly Disease Alerts / Outbreak Surveillance (Dengue, Malaria, ADD, Cholera, Food Poisoning, etc.)","YES","YES","Primary Government Data","Primary weekly surveillance record containing district-level outbreak tables for Maharashtra","Unique official report","Integrated Disease Surveillance Programme (IDSP) Weekly Outbreak Surveillance","KEEP (Do not delete)","UNSAFE - Core Primary Evidence","Official weekly outbreak surveillance report containing primary epidemiological outbreak records for Maharashtra and India"
"NCDC weekly outbreaks\2024\week3_1788951287.pdf","week3_1788951287.pdf",".pdf",660226,"A","P0","Government of India / MoHFW / NCDC / IDSP","National Centre for Disease Control (NCDC)","2024","2024 Week 3","India (All States & UTs, including Maharashtra)","Weekly Disease Alerts / Outbreak Surveillance (Dengue, Malaria, ADD, Cholera, Food Poisoning, etc.)","YES","YES","Primary Government Data","Primary weekly surveillance record containing district-level outbreak tables for Maharashtra","Unique official report","Integrated Disease Surveillance Programme (IDSP) Weekly Outbreak Surveillance","KEEP (Do not delete)","UNSAFE - Core Primary Evidence","Official weekly outbreak surveillance report containing primary epidemiological outbreak records for Maharashtra and India"
"NCDC weekly outbreaks\2024\week40_1788951939.pdf","week40_1788951939.pdf",".pdf",769703,"A","P0","Government of India / MoHFW / NCDC / IDSP","National Centre for Disease Control (NCDC)","2024","2024 Week 40","India (All States & UTs, including Maharashtra)","Weekly Disease Alerts / Outbreak Surveillance (Dengue, Malaria, ADD, Cholera, Food Poisoning, etc.)","YES","YES","Primary Government Data","Primary weekly surveillance record containing district-level outbreak tables for Maharashtra","Unique official report","Integrated Disease Surveillance Programme (IDSP) Weekly Outbreak Surveillance","KEEP (Do not delete)","UNSAFE - Core Primary Evidence","Official weekly outbreak surveillance report containing primary epidemiological outbreak records for Maharashtra and India"
"NCDC weekly outbreaks\2024\week41_1788951950.pdf","week41_1788951950.pdf",".pdf",662220,"A","P0","Government of India / MoHFW / NCDC / IDSP","National Centre for Disease Control (NCDC)","2024","2024 Week 41","India (All States & UTs, including Maharashtra)","Weekly Disease Alerts / Outbreak Surveillance (Dengue, Malaria, ADD, Cholera, Food Poisoning, etc.)","YES","YES","Primary Government Data","Primary weekly surveillance record containing district-level outbreak tables for Maharashtra","Unique official report","Integrated Disease Surveillance Programme (IDSP) Weekly Outbreak Surveillance","KEEP (Do not delete)","UNSAFE - Core Primary Evidence","Official weekly outbreak surveillance report containing primary epidemiological outbreak records for Maharashtra and India"
"NCDC weekly outbreaks\2024\week42_1788951961.pdf","week42_1788951961.pdf",".pdf",855072,"A","P0","Government of India / MoHFW / NCDC / IDSP","National Centre for Disease Control (NCDC)","2024","2024 Week 42","India (All States & UTs, including Maharashtra)","Weekly Disease Alerts / Outbreak Surveillance (Dengue, Malaria, ADD, Cholera, Food Poisoning, etc.)","YES","YES","Primary Government Data","Primary weekly surveillance record containing district-level outbreak tables for Maharashtra","Unique official report","Integrated Disease Surveillance Programme (IDSP) Weekly Outbreak Surveillance","KEEP (Do not delete)","UNSAFE - Core Primary Evidence","Official weekly outbreak surveillance report containing primary epidemiological outbreak records for Maharashtra and India"
"NCDC weekly outbreaks\2024\week43_1788951974.pdf","week43_1788951974.pdf",".pdf",717757,"A","P0","Government of India / MoHFW / NCDC / IDSP","National Centre for Disease Control (NCDC)","2024","2024 Week 43","India (All States & UTs, including Maharashtra)","Weekly Disease Alerts / Outbreak Surveillance (Dengue, Malaria, ADD, Cholera, Food Poisoning, etc.)","YES","YES","Primary Government Data","Primary weekly surveillance record containing district-level outbreak tables for Maharashtra","Unique official report","Integrated Disease Surveillance Programme (IDSP) Weekly Outbreak Surveillance","KEEP (Do not delete)","UNSAFE - Core Primary Evidence","Official weekly outbreak surveillance report containing primary epidemiological outbreak records for Maharashtra and India"
"NCDC weekly outbreaks\2024\week44_1788951993.pdf","week44_1788951993.pdf",".pdf",829143,"A","P0","Government of India / MoHFW / NCDC / IDSP","National Centre for Disease Control (NCDC)","2024","2024 Week 44","India (All States & UTs, including Maharashtra)","Weekly Disease Alerts / Outbreak Surveillance (Dengue, Malaria, ADD, Cholera, Food Poisoning, etc.)","YES","YES","Primary Government Data","Primary weekly surveillance record containing district-level outbreak tables for Maharashtra","Unique official report","Integrated Disease Surveillance Programme (IDSP) Weekly Outbreak Surveillance","KEEP (Do not delete)","UNSAFE - Core Primary Evidence","Official weekly outbreak surveillance report containing primary epidemiological outbreak records for Maharashtra and India"
"NCDC weekly outbreaks\2024\week45_1788952004.pdf","week45_1788952004.pdf",".pdf",693325,"A","P0","Government of India / MoHFW / NCDC / IDSP","National Centre for Disease Control (NCDC)","2024","2024 Week 45","India (All States & UTs, including Maharashtra)","Weekly Disease Alerts / Outbreak Surveillance (Dengue, Malaria, ADD, Cholera, Food Poisoning, etc.)","YES","YES","Primary Government Data","Primary weekly surveillance record containing district-level outbreak tables for Maharashtra","Unique official report","Integrated Disease Surveillance Programme (IDSP) Weekly Outbreak Surveillance","KEEP (Do not delete)","UNSAFE - Core Primary Evidence","Official weekly outbreak surveillance report containing primary epidemiological outbreak records for Maharashtra and India"
"NCDC weekly outbreaks\2024\week46_1788952017.pdf","week46_1788952017.pdf",".pdf",823696,"A","P0","Government of India / MoHFW / NCDC / IDSP","National Centre for Disease Control (NCDC)","2024","2024 Week 46","India (All States & UTs, including Maharashtra)","Weekly Disease Alerts / Outbreak Surveillance (Dengue, Malaria, ADD, Cholera, Food Poisoning, etc.)","YES","YES","Primary Government Data","Primary weekly surveillance record containing district-level outbreak tables for Maharashtra","Unique official report","Integrated Disease Surveillance Programme (IDSP) Weekly Outbreak Surveillance","KEEP (Do not delete)","UNSAFE - Core Primary Evidence","Official weekly outbreak surveillance report containing primary epidemiological outbreak records for Maharashtra and India"
"NCDC weekly outbreaks\2024\week47_1788952028.pdf","week47_1788952028.pdf",".pdf",724069,"A","P0","Government of India / MoHFW / NCDC / IDSP","National Centre for Disease Control (NCDC)","2024","2024 Week 47","India (All States & UTs, including Maharashtra)","Weekly Disease Alerts / Outbreak Surveillance (Dengue, Malaria, ADD, Cholera, Food Poisoning, etc.)","YES","YES","Primary Government Data","Primary weekly surveillance record containing district-level outbreak tables for Maharashtra","Unique official report","Integrated Disease Surveillance Programme (IDSP) Weekly Outbreak Surveillance","KEEP (Do not delete)","UNSAFE - Core Primary Evidence","Official weekly outbreak surveillance report containing primary epidemiological outbreak records for Maharashtra and India"
"NCDC weekly outbreaks\2024\week48_1788952041.pdf","week48_1788952041.pdf",".pdf",817602,"A","P0","Government of India / MoHFW / NCDC / IDSP","National Centre for Disease Control (NCDC)","2024","2024 Week 48","India (All States & UTs, including Maharashtra)","Weekly Disease Alerts / Outbreak Surveillance (Dengue, Malaria, ADD, Cholera, Food Poisoning, etc.)","YES","YES","Primary Government Data","Primary weekly surveillance record containing district-level outbreak tables for Maharashtra","Unique official report","Integrated Disease Surveillance Programme (IDSP) Weekly Outbreak Surveillance","KEEP (Do not delete)","UNSAFE - Core Primary Evidence","Official weekly outbreak surveillance report containing primary epidemiological outbreak records for Maharashtra and India"
"NCDC weekly outbreaks\2024\week49_1788952055.pdf","week49_1788952055.pdf",".pdf",617541,"A","P0","Government of India / MoHFW / NCDC / IDSP","National Centre for Disease Control (NCDC)","2024","2024 Week 49","India (All States & UTs, including Maharashtra)","Weekly Disease Alerts / Outbreak Surveillance (Dengue, Malaria, ADD, Cholera, Food Poisoning, etc.)","YES","YES","Primary Government Data","Primary weekly surveillance record containing district-level outbreak tables for Maharashtra","Unique official report","Integrated Disease Surveillance Programme (IDSP) Weekly Outbreak Surveillance","KEEP (Do not delete)","UNSAFE - Core Primary Evidence","Official weekly outbreak surveillance report containing primary epidemiological outbreak records for Maharashtra and India"
"NCDC weekly outbreaks\2024\week4_1788951299.pdf","week4_1788951299.pdf",".pdf",740809,"A","P0","Government of India / MoHFW / NCDC / IDSP","National Centre for Disease Control (NCDC)","2024","2024 Week 4","India (All States & UTs, including Maharashtra)","Weekly Disease Alerts / Outbreak Surveillance (Dengue, Malaria, ADD, Cholera, Food Poisoning, etc.)","YES","YES","Primary Government Data","Primary weekly surveillance record containing district-level outbreak tables for Maharashtra","Unique official report","Integrated Disease Surveillance Programme (IDSP) Weekly Outbreak Surveillance","KEEP (Do not delete)","UNSAFE - Core Primary Evidence","Official weekly outbreak surveillance report containing primary epidemiological outbreak records for Maharashtra and India"
"NCDC weekly outbreaks\2024\week50_1788952068.pdf","week50_1788952068.pdf",".pdf",804646,"A","P0","Government of India / MoHFW / NCDC / IDSP","National Centre for Disease Control (NCDC)","2024","2024 Week 50","India (All States & UTs, including Maharashtra)","Weekly Disease Alerts / Outbreak Surveillance (Dengue, Malaria, ADD, Cholera, Food Poisoning, etc.)","YES","YES","Primary Government Data","Primary weekly surveillance record containing district-level outbreak tables for Maharashtra","Unique official report","Integrated Disease Surveillance Programme (IDSP) Weekly Outbreak Surveillance","KEEP (Do not delete)","UNSAFE - Core Primary Evidence","Official weekly outbreak surveillance report containing primary epidemiological outbreak records for Maharashtra and India"
"NCDC weekly outbreaks\2024\week51_1788952079.pdf","week51_1788952079.pdf",".pdf",638261,"A","P0","Government of India / MoHFW / NCDC / IDSP","National Centre for Disease Control (NCDC)","2024","2024 Week 51","India (All States & UTs, including Maharashtra)","Weekly Disease Alerts / Outbreak Surveillance (Dengue, Malaria, ADD, Cholera, Food Poisoning, etc.)","YES","YES","Primary Government Data","Primary weekly surveillance record containing district-level outbreak tables for Maharashtra","Unique official report","Integrated Disease Surveillance Programme (IDSP) Weekly Outbreak Surveillance","KEEP (Do not delete)","UNSAFE - Core Primary Evidence","Official weekly outbreak surveillance report containing primary epidemiological outbreak records for Maharashtra and India"
"NCDC weekly outbreaks\2024\week52_1788952090.pdf","week52_1788952090.pdf",".pdf",632353,"A","P0","Government of India / MoHFW / NCDC / IDSP","National Centre for Disease Control (NCDC)","2024","2024 Week 52","India (All States & UTs, including Maharashtra)","Weekly Disease Alerts / Outbreak Surveillance (Dengue, Malaria, ADD, Cholera, Food Poisoning, etc.)","YES","YES","Primary Government Data","Primary weekly surveillance record containing district-level outbreak tables for Maharashtra","Unique official report","Integrated Disease Surveillance Programme (IDSP) Weekly Outbreak Surveillance","KEEP (Do not delete)","UNSAFE - Core Primary Evidence","Official weekly outbreak surveillance report containing primary epidemiological outbreak records for Maharashtra and India"
"NCDC weekly outbreaks\2024\week5_1788951308.pdf","week5_1788951308.pdf",".pdf",740512,"A","P0","Government of India / MoHFW / NCDC / IDSP","National Centre for Disease Control (NCDC)","2024","2024 Week 5","India (All States & UTs, including Maharashtra)","Weekly Disease Alerts / Outbreak Surveillance (Dengue, Malaria, ADD, Cholera, Food Poisoning, etc.)","YES","YES","Primary Government Data","Primary weekly surveillance record containing district-level outbreak tables for Maharashtra","Unique official report","Integrated Disease Surveillance Programme (IDSP) Weekly Outbreak Surveillance","KEEP (Do not delete)","UNSAFE - Core Primary Evidence","Official weekly outbreak surveillance report containing primary epidemiological outbreak records for Maharashtra and India"
"NCDC weekly outbreaks\2024\week6_1788951327.pdf","week6_1788951327.pdf",".pdf",690248,"A","P0","Government of India / MoHFW / NCDC / IDSP","National Centre for Disease Control (NCDC)","2024","2024 Week 6","India (All States & UTs, including Maharashtra)","Weekly Disease Alerts / Outbreak Surveillance (Dengue, Malaria, ADD, Cholera, Food Poisoning, etc.)","YES","YES","Primary Government Data","Primary weekly surveillance record containing district-level outbreak tables for Maharashtra","Unique official report","Integrated Disease Surveillance Programme (IDSP) Weekly Outbreak Surveillance","KEEP (Do not delete)","UNSAFE - Core Primary Evidence","Official weekly outbreak surveillance report containing primary epidemiological outbreak records for Maharashtra and India"
"NCDC weekly outbreaks\2024\week7_1788951339.pdf","week7_1788951339.pdf",".pdf",832525,"A","P0","Government of India / MoHFW / NCDC / IDSP","National Centre for Disease Control (NCDC)","2024","2024 Week 7","India (All States & UTs, including Maharashtra)","Weekly Disease Alerts / Outbreak Surveillance (Dengue, Malaria, ADD, Cholera, Food Poisoning, etc.)","YES","YES","Primary Government Data","Primary weekly surveillance record containing district-level outbreak tables for Maharashtra","Unique official report","Integrated Disease Surveillance Programme (IDSP) Weekly Outbreak Surveillance","KEEP (Do not delete)","UNSAFE - Core Primary Evidence","Official weekly outbreak surveillance report containing primary epidemiological outbreak records for Maharashtra and India"
"NCDC weekly outbreaks\2024\week8_1788951359.pdf","week8_1788951359.pdf",".pdf",736802,"A","P0","Government of India / MoHFW / NCDC / IDSP","National Centre for Disease Control (NCDC)","2024","2024 Week 8","India (All States & UTs, including Maharashtra)","Weekly Disease Alerts / Outbreak Surveillance (Dengue, Malaria, ADD, Cholera, Food Poisoning, etc.)","YES","YES","Primary Government Data","Primary weekly surveillance record containing district-level outbreak tables for Maharashtra","Unique official report","Integrated Disease Surveillance Programme (IDSP) Weekly Outbreak Surveillance","KEEP (Do not delete)","UNSAFE - Core Primary Evidence","Official weekly outbreak surveillance report containing primary epidemiological outbreak records for Maharashtra and India"
"NCDC weekly outbreaks\2024\week9_1788951370.pdf","week9_1788951370.pdf",".pdf",790156,"A","P0","Government of India / MoHFW / NCDC / IDSP","National Centre for Disease Control (NCDC)","2024","2024 Week 9","India (All States & UTs, including Maharashtra)","Weekly Disease Alerts / Outbreak Surveillance (Dengue, Malaria, ADD, Cholera, Food Poisoning, etc.)","YES","YES","Primary Government Data","Primary weekly surveillance record containing district-level outbreak tables for Maharashtra","Unique official report","Integrated Disease Surveillance Programme (IDSP) Weekly Outbreak Surveillance","KEEP (Do not delete)","UNSAFE - Core Primary Evidence","Official weekly outbreak surveillance report containing primary epidemiological outbreak records for Maharashtra and India"
"NCDC weekly outbreaks\2025\week10_1788950298.pdf","week10_1788950298.pdf",".pdf",744093,"A","P0","Government of India / MoHFW / NCDC / IDSP","National Centre for Disease Control (NCDC)","2025","2025 Week 10","India (All States & UTs, including Maharashtra)","Weekly Disease Alerts / Outbreak Surveillance (Dengue, Malaria, ADD, Cholera, Food Poisoning, etc.)","YES","YES","Primary Government Data","Primary weekly surveillance record containing district-level outbreak tables for Maharashtra","Unique official report","Integrated Disease Surveillance Programme (IDSP) Weekly Outbreak Surveillance","KEEP (Do not delete)","UNSAFE - Core Primary Evidence","Official weekly outbreak surveillance report containing primary epidemiological outbreak records for Maharashtra and India"
"NCDC weekly outbreaks\2025\week11_1788950540.pdf","week11_1788950540.pdf",".pdf",770712,"A","P0","Government of India / MoHFW / NCDC / IDSP","National Centre for Disease Control (NCDC)","2025","2025 Week 11","India (All States & UTs, including Maharashtra)","Weekly Disease Alerts / Outbreak Surveillance (Dengue, Malaria, ADD, Cholera, Food Poisoning, etc.)","YES","YES","Primary Government Data","Primary weekly surveillance record containing district-level outbreak tables for Maharashtra","Unique official report","Integrated Disease Surveillance Programme (IDSP) Weekly Outbreak Surveillance","KEEP (Do not delete)","UNSAFE - Core Primary Evidence","Official weekly outbreak surveillance report containing primary epidemiological outbreak records for Maharashtra and India"
"NCDC weekly outbreaks\2025\week12_1788950562.pdf","week12_1788950562.pdf",".pdf",681302,"A","P0","Government of India / MoHFW / NCDC / IDSP","National Centre for Disease Control (NCDC)","2025","2025 Week 12","India (All States & UTs, including Maharashtra)","Weekly Disease Alerts / Outbreak Surveillance (Dengue, Malaria, ADD, Cholera, Food Poisoning, etc.)","YES","YES","Primary Government Data","Primary weekly surveillance record containing district-level outbreak tables for Maharashtra","Unique official report","Integrated Disease Surveillance Programme (IDSP) Weekly Outbreak Surveillance","KEEP (Do not delete)","UNSAFE - Core Primary Evidence","Official weekly outbreak surveillance report containing primary epidemiological outbreak records for Maharashtra and India"
"NCDC weekly outbreaks\2025\week13_1788950576.pdf","week13_1788950576.pdf",".pdf",667476,"A","P0","Government of India / MoHFW / NCDC / IDSP","National Centre for Disease Control (NCDC)","2025","2025 Week 13","India (All States & UTs, including Maharashtra)","Weekly Disease Alerts / Outbreak Surveillance (Dengue, Malaria, ADD, Cholera, Food Poisoning, etc.)","YES","YES","Primary Government Data","Primary weekly surveillance record containing district-level outbreak tables for Maharashtra","Unique official report","Integrated Disease Surveillance Programme (IDSP) Weekly Outbreak Surveillance","KEEP (Do not delete)","UNSAFE - Core Primary Evidence","Official weekly outbreak surveillance report containing primary epidemiological outbreak records for Maharashtra and India"
"NCDC weekly outbreaks\2025\week14_1788950590.pdf","week14_1788950590.pdf",".pdf",988445,"A","P0","Government of India / MoHFW / NCDC / IDSP","National Centre for Disease Control (NCDC)","2025","2025 Week 14","India (All States & UTs, including Maharashtra)","Weekly Disease Alerts / Outbreak Surveillance (Dengue, Malaria, ADD, Cholera, Food Poisoning, etc.)","YES","YES","Primary Government Data","Primary weekly surveillance record containing district-level outbreak tables for Maharashtra","Unique official report","Integrated Disease Surveillance Programme (IDSP) Weekly Outbreak Surveillance","KEEP (Do not delete)","UNSAFE - Core Primary Evidence","Official weekly outbreak surveillance report containing primary epidemiological outbreak records for Maharashtra and India"
"NCDC weekly outbreaks\2025\week15_1788950605.pdf","week15_1788950605.pdf",".pdf",882129,"A","P0","Government of India / MoHFW / NCDC / IDSP","National Centre for Disease Control (NCDC)","2025","2025 Week 15","India (All States & UTs, including Maharashtra)","Weekly Disease Alerts / Outbreak Surveillance (Dengue, Malaria, ADD, Cholera, Food Poisoning, etc.)","YES","YES","Primary Government Data","Primary weekly surveillance record containing district-level outbreak tables for Maharashtra","Unique official report","Integrated Disease Surveillance Programme (IDSP) Weekly Outbreak Surveillance","KEEP (Do not delete)","UNSAFE - Core Primary Evidence","Official weekly outbreak surveillance report containing primary epidemiological outbreak records for Maharashtra and India"
"NCDC weekly outbreaks\2025\week16_1788950618.pdf","week16_1788950618.pdf",".pdf",896886,"A","P0","Government of India / MoHFW / NCDC / IDSP","National Centre for Disease Control (NCDC)","2025","2025 Week 16","India (All States & UTs, including Maharashtra)","Weekly Disease Alerts / Outbreak Surveillance (Dengue, Malaria, ADD, Cholera, Food Poisoning, etc.)","YES","YES","Primary Government Data","Primary weekly surveillance record containing district-level outbreak tables for Maharashtra","Unique official report","Integrated Disease Surveillance Programme (IDSP) Weekly Outbreak Surveillance","KEEP (Do not delete)","UNSAFE - Core Primary Evidence","Official weekly outbreak surveillance report containing primary epidemiological outbreak records for Maharashtra and India"
"NCDC weekly outbreaks\2025\week17_1788950632.pdf","week17_1788950632.pdf",".pdf",929891,"A","P0","Government of India / MoHFW / NCDC / IDSP","National Centre for Disease Control (NCDC)","2025","2025 Week 17","India (All States & UTs, including Maharashtra)","Weekly Disease Alerts / Outbreak Surveillance (Dengue, Malaria, ADD, Cholera, Food Poisoning, etc.)","YES","YES","Primary Government Data","Primary weekly surveillance record containing district-level outbreak tables for Maharashtra","Unique official report","Integrated Disease Surveillance Programme (IDSP) Weekly Outbreak Surveillance","KEEP (Do not delete)","UNSAFE - Core Primary Evidence","Official weekly outbreak surveillance report containing primary epidemiological outbreak records for Maharashtra and India"
"NCDC weekly outbreaks\2025\week18_1788950653.pdf","week18_1788950653.pdf",".pdf",1319187,"A","P0","Government of India / MoHFW / NCDC / IDSP","National Centre for Disease Control (NCDC)","2025","2025 Week 18","India (All States & UTs, including Maharashtra)","Weekly Disease Alerts / Outbreak Surveillance (Dengue, Malaria, ADD, Cholera, Food Poisoning, etc.)","YES","YES","Primary Government Data","Primary weekly surveillance record containing district-level outbreak tables for Maharashtra","Unique official report","Integrated Disease Surveillance Programme (IDSP) Weekly Outbreak Surveillance","KEEP (Do not delete)","UNSAFE - Core Primary Evidence","Official weekly outbreak surveillance report containing primary epidemiological outbreak records for Maharashtra and India"
"NCDC weekly outbreaks\2025\week19_1788950700.pdf","week19_1788950700.pdf",".pdf",894208,"A","P0","Government of India / MoHFW / NCDC / IDSP","National Centre for Disease Control (NCDC)","2025","2025 Week 19","India (All States & UTs, including Maharashtra)","Weekly Disease Alerts / Outbreak Surveillance (Dengue, Malaria, ADD, Cholera, Food Poisoning, etc.)","YES","YES","Primary Government Data","Primary weekly surveillance record containing district-level outbreak tables for Maharashtra","Unique official report","Integrated Disease Surveillance Programme (IDSP) Weekly Outbreak Surveillance","KEEP (Do not delete)","UNSAFE - Core Primary Evidence","Official weekly outbreak surveillance report containing primary epidemiological outbreak records for Maharashtra and India"
"NCDC weekly outbreaks\2025\week1_1788948201.pdf","week1_1788948201.pdf",".pdf",594238,"A","P0","Government of India / MoHFW / NCDC / IDSP","National Centre for Disease Control (NCDC)","2025","2025 Week 1","India (All States & UTs, including Maharashtra)","Weekly Disease Alerts / Outbreak Surveillance (Dengue, Malaria, ADD, Cholera, Food Poisoning, etc.)","YES","YES","Primary Government Data","Primary weekly surveillance record containing district-level outbreak tables for Maharashtra","Unique official report","Integrated Disease Surveillance Programme (IDSP) Weekly Outbreak Surveillance","KEEP (Do not delete)","UNSAFE - Core Primary Evidence","Official weekly outbreak surveillance report containing primary epidemiological outbreak records for Maharashtra and India"
"NCDC weekly outbreaks\2025\week20_1788950712.pdf","week20_1788950712.pdf",".pdf",1171492,"A","P0","Government of India / MoHFW / NCDC / IDSP","National Centre for Disease Control (NCDC)","2025","2025 Week 20","India (All States & UTs, including Maharashtra)","Weekly Disease Alerts / Outbreak Surveillance (Dengue, Malaria, ADD, Cholera, Food Poisoning, etc.)","YES","YES","Primary Government Data","Primary weekly surveillance record containing district-level outbreak tables for Maharashtra","Unique official report","Integrated Disease Surveillance Programme (IDSP) Weekly Outbreak Surveillance","KEEP (Do not delete)","UNSAFE - Core Primary Evidence","Official weekly outbreak surveillance report containing primary epidemiological outbreak records for Maharashtra and India"
"NCDC weekly outbreaks\2025\week21_1788950729.pdf","week21_1788950729.pdf",".pdf",870302,"A","P0","Government of India / MoHFW / NCDC / IDSP","National Centre for Disease Control (NCDC)","2025","2025 Week 21","India (All States & UTs, including Maharashtra)","Weekly Disease Alerts / Outbreak Surveillance (Dengue, Malaria, ADD, Cholera, Food Poisoning, etc.)","YES","YES","Primary Government Data","Primary weekly surveillance record containing district-level outbreak tables for Maharashtra","Unique official report","Integrated Disease Surveillance Programme (IDSP) Weekly Outbreak Surveillance","KEEP (Do not delete)","UNSAFE - Core Primary Evidence","Official weekly outbreak surveillance report containing primary epidemiological outbreak records for Maharashtra and India"
"NCDC weekly outbreaks\2025\week22_1788950742.pdf","week22_1788950742.pdf",".pdf",705076,"A","P0","Government of India / MoHFW / NCDC / IDSP","National Centre for Disease Control (NCDC)","2025","2025 Week 22","India (All States & UTs, including Maharashtra)","Weekly Disease Alerts / Outbreak Surveillance (Dengue, Malaria, ADD, Cholera, Food Poisoning, etc.)","YES","YES","Primary Government Data","Primary weekly surveillance record containing district-level outbreak tables for Maharashtra","Unique official report","Integrated Disease Surveillance Programme (IDSP) Weekly Outbreak Surveillance","KEEP (Do not delete)","UNSAFE - Core Primary Evidence","Official weekly outbreak surveillance report containing primary epidemiological outbreak records for Maharashtra and India"
"NCDC weekly outbreaks\2025\week23_1788950756.pdf","week23_1788950756.pdf",".pdf",911930,"A","P0","Government of India / MoHFW / NCDC / IDSP","National Centre for Disease Control (NCDC)","2025","2025 Week 23","India (All States & UTs, including Maharashtra)","Weekly Disease Alerts / Outbreak Surveillance (Dengue, Malaria, ADD, Cholera, Food Poisoning, etc.)","YES","YES","Primary Government Data","Primary weekly surveillance record containing district-level outbreak tables for Maharashtra","Unique official report","Integrated Disease Surveillance Programme (IDSP) Weekly Outbreak Surveillance","KEEP (Do not delete)","UNSAFE - Core Primary Evidence","Official weekly outbreak surveillance report containing primary epidemiological outbreak records for Maharashtra and India"
"NCDC weekly outbreaks\2025\week24_1788950775.pdf","week24_1788950775.pdf",".pdf",1168222,"A","P0","Government of India / MoHFW / NCDC / IDSP","National Centre for Disease Control (NCDC)","2025","2025 Week 24","India (All States & UTs, including Maharashtra)","Weekly Disease Alerts / Outbreak Surveillance (Dengue, Malaria, ADD, Cholera, Food Poisoning, etc.)","YES","YES","Primary Government Data","Primary weekly surveillance record containing district-level outbreak tables for Maharashtra","Unique official report","Integrated Disease Surveillance Programme (IDSP) Weekly Outbreak Surveillance","KEEP (Do not delete)","UNSAFE - Core Primary Evidence","Official weekly outbreak surveillance report containing primary epidemiological outbreak records for Maharashtra and India"
"NCDC weekly outbreaks\2025\week25_1788950790.pdf","week25_1788950790.pdf",".pdf",928787,"A","P0","Government of India / MoHFW / NCDC / IDSP","National Centre for Disease Control (NCDC)","2025","2025 Week 25","India (All States & UTs, including Maharashtra)","Weekly Disease Alerts / Outbreak Surveillance (Dengue, Malaria, ADD, Cholera, Food Poisoning, etc.)","YES","YES","Primary Government Data","Primary weekly surveillance record containing district-level outbreak tables for Maharashtra","Unique official report","Integrated Disease Surveillance Programme (IDSP) Weekly Outbreak Surveillance","KEEP (Do not delete)","UNSAFE - Core Primary Evidence","Official weekly outbreak surveillance report containing primary epidemiological outbreak records for Maharashtra and India"
"NCDC weekly outbreaks\2025\week26_1788950806.pdf","week26_1788950806.pdf",".pdf",1184306,"A","P0","Government of India / MoHFW / NCDC / IDSP","National Centre for Disease Control (NCDC)","2025","2025 Week 26","India (All States & UTs, including Maharashtra)","Weekly Disease Alerts / Outbreak Surveillance (Dengue, Malaria, ADD, Cholera, Food Poisoning, etc.)","YES","YES","Primary Government Data","Primary weekly surveillance record containing district-level outbreak tables for Maharashtra","Unique official report","Integrated Disease Surveillance Programme (IDSP) Weekly Outbreak Surveillance","KEEP (Do not delete)","UNSAFE - Core Primary Evidence","Official weekly outbreak surveillance report containing primary epidemiological outbreak records for Maharashtra and India"
"NCDC weekly outbreaks\2025\week27_1788950821.pdf","week27_1788950821.pdf",".pdf",916070,"A","P0","Government of India / MoHFW / NCDC / IDSP","National Centre for Disease Control (NCDC)","2025","2025 Week 27","India (All States & UTs, including Maharashtra)","Weekly Disease Alerts / Outbreak Surveillance (Dengue, Malaria, ADD, Cholera, Food Poisoning, etc.)","YES","YES","Primary Government Data","Primary weekly surveillance record containing district-level outbreak tables for Maharashtra","Unique official report","Integrated Disease Surveillance Programme (IDSP) Weekly Outbreak Surveillance","KEEP (Do not delete)","UNSAFE - Core Primary Evidence","Official weekly outbreak surveillance report containing primary epidemiological outbreak records for Maharashtra and India"
"NCDC weekly outbreaks\2025\week28_1788950832.pdf","week28_1788950832.pdf",".pdf",1191667,"A","P0","Government of India / MoHFW / NCDC / IDSP","National Centre for Disease Control (NCDC)","2025","2025 Week 28","India (All States & UTs, including Maharashtra)","Weekly Disease Alerts / Outbreak Surveillance (Dengue, Malaria, ADD, Cholera, Food Poisoning, etc.)","YES","YES","Primary Government Data","Primary weekly surveillance record containing district-level outbreak tables for Maharashtra","Unique official report","Integrated Disease Surveillance Programme (IDSP) Weekly Outbreak Surveillance","KEEP (Do not delete)","UNSAFE - Core Primary Evidence","Official weekly outbreak surveillance report containing primary epidemiological outbreak records for Maharashtra and India"
"NCDC weekly outbreaks\2025\week29_1788950846.pdf","week29_1788950846.pdf",".pdf",1005795,"A","P0","Government of India / MoHFW / NCDC / IDSP","National Centre for Disease Control (NCDC)","2025","2025 Week 29","India (All States & UTs, including Maharashtra)","Weekly Disease Alerts / Outbreak Surveillance (Dengue, Malaria, ADD, Cholera, Food Poisoning, etc.)","YES","YES","Primary Government Data","Primary weekly surveillance record containing district-level outbreak tables for Maharashtra","Unique official report","Integrated Disease Surveillance Programme (IDSP) Weekly Outbreak Surveillance","KEEP (Do not delete)","UNSAFE - Core Primary Evidence","Official weekly outbreak surveillance report containing primary epidemiological outbreak records for Maharashtra and India"
"NCDC weekly outbreaks\2025\week2_1788950093.pdf","week2_1788950093.pdf",".pdf",762392,"A","P0","Government of India / MoHFW / NCDC / IDSP","National Centre for Disease Control (NCDC)","2025","2025 Week 2","India (All States & UTs, including Maharashtra)","Weekly Disease Alerts / Outbreak Surveillance (Dengue, Malaria, ADD, Cholera, Food Poisoning, etc.)","YES","YES","Primary Government Data","Primary weekly surveillance record containing district-level outbreak tables for Maharashtra","Unique official report","Integrated Disease Surveillance Programme (IDSP) Weekly Outbreak Surveillance","KEEP (Do not delete)","UNSAFE - Core Primary Evidence","Official weekly outbreak surveillance report containing primary epidemiological outbreak records for Maharashtra and India"
"NCDC weekly outbreaks\2025\week30_1788950862.pdf","week30_1788950862.pdf",".pdf",1116177,"A","P0","Government of India / MoHFW / NCDC / IDSP","National Centre for Disease Control (NCDC)","2025","2025 Week 30","India (All States & UTs, including Maharashtra)","Weekly Disease Alerts / Outbreak Surveillance (Dengue, Malaria, ADD, Cholera, Food Poisoning, etc.)","YES","YES","Primary Government Data","Primary weekly surveillance record containing district-level outbreak tables for Maharashtra","Unique official report","Integrated Disease Surveillance Programme (IDSP) Weekly Outbreak Surveillance","KEEP (Do not delete)","UNSAFE - Core Primary Evidence","Official weekly outbreak surveillance report containing primary epidemiological outbreak records for Maharashtra and India"
"NCDC weekly outbreaks\2025\week31_1788950885.pdf","week31_1788950885.pdf",".pdf",1120751,"A","P0","Government of India / MoHFW / NCDC / IDSP","National Centre for Disease Control (NCDC)","2025","2025 Week 31","India (All States & UTs, including Maharashtra)","Weekly Disease Alerts / Outbreak Surveillance (Dengue, Malaria, ADD, Cholera, Food Poisoning, etc.)","YES","YES","Primary Government Data","Primary weekly surveillance record containing district-level outbreak tables for Maharashtra","Unique official report","Integrated Disease Surveillance Programme (IDSP) Weekly Outbreak Surveillance","KEEP (Do not delete)","UNSAFE - Core Primary Evidence","Official weekly outbreak surveillance report containing primary epidemiological outbreak records for Maharashtra and India"
"NCDC weekly outbreaks\2025\week32_1788950897.pdf","week32_1788950897.pdf",".pdf",996016,"A","P0","Government of India / MoHFW / NCDC / IDSP","National Centre for Disease Control (NCDC)","2025","2025 Week 32","India (All States & UTs, including Maharashtra)","Weekly Disease Alerts / Outbreak Surveillance (Dengue, Malaria, ADD, Cholera, Food Poisoning, etc.)","YES","YES","Primary Government Data","Primary weekly surveillance record containing district-level outbreak tables for Maharashtra","Unique official report","Integrated Disease Surveillance Programme (IDSP) Weekly Outbreak Surveillance","KEEP (Do not delete)","UNSAFE - Core Primary Evidence","Official weekly outbreak surveillance report containing primary epidemiological outbreak records for Maharashtra and India"
"NCDC weekly outbreaks\2025\week33_1788950912.pdf","week33_1788950912.pdf",".pdf",1094850,"A","P0","Government of India / MoHFW / NCDC / IDSP","National Centre for Disease Control (NCDC)","2025","2025 Week 33","India (All States & UTs, including Maharashtra)","Weekly Disease Alerts / Outbreak Surveillance (Dengue, Malaria, ADD, Cholera, Food Poisoning, etc.)","YES","YES","Primary Government Data","Primary weekly surveillance record containing district-level outbreak tables for Maharashtra","Unique official report","Integrated Disease Surveillance Programme (IDSP) Weekly Outbreak Surveillance","KEEP (Do not delete)","UNSAFE - Core Primary Evidence","Official weekly outbreak surveillance report containing primary epidemiological outbreak records for Maharashtra and India"
"NCDC weekly outbreaks\2025\week34_1788950927.pdf","week34_1788950927.pdf",".pdf",1141060,"A","P0","Government of India / MoHFW / NCDC / IDSP","National Centre for Disease Control (NCDC)","2025","2025 Week 34","India (All States & UTs, including Maharashtra)","Weekly Disease Alerts / Outbreak Surveillance (Dengue, Malaria, ADD, Cholera, Food Poisoning, etc.)","YES","YES","Primary Government Data","Primary weekly surveillance record containing district-level outbreak tables for Maharashtra","Unique official report","Integrated Disease Surveillance Programme (IDSP) Weekly Outbreak Surveillance","KEEP (Do not delete)","UNSAFE - Core Primary Evidence","Official weekly outbreak surveillance report containing primary epidemiological outbreak records for Maharashtra and India"
"NCDC weekly outbreaks\2025\week35_1788950942.pdf","week35_1788950942.pdf",".pdf",1053583,"A","P0","Government of India / MoHFW / NCDC / IDSP","National Centre for Disease Control (NCDC)","2025","2025 Week 35","India (All States & UTs, including Maharashtra)","Weekly Disease Alerts / Outbreak Surveillance (Dengue, Malaria, ADD, Cholera, Food Poisoning, etc.)","YES","YES","Primary Government Data","Primary weekly surveillance record containing district-level outbreak tables for Maharashtra","Unique official report","Integrated Disease Surveillance Programme (IDSP) Weekly Outbreak Surveillance","KEEP (Do not delete)","UNSAFE - Core Primary Evidence","Official weekly outbreak surveillance report containing primary epidemiological outbreak records for Maharashtra and India"
"NCDC weekly outbreaks\2025\week36_1788950955.pdf","week36_1788950955.pdf",".pdf",952867,"A","P0","Government of India / MoHFW / NCDC / IDSP","National Centre for Disease Control (NCDC)","2025","2025 Week 36","India (All States & UTs, including Maharashtra)","Weekly Disease Alerts / Outbreak Surveillance (Dengue, Malaria, ADD, Cholera, Food Poisoning, etc.)","YES","YES","Primary Government Data","Primary weekly surveillance record containing district-level outbreak tables for Maharashtra","Unique official report","Integrated Disease Surveillance Programme (IDSP) Weekly Outbreak Surveillance","KEEP (Do not delete)","UNSAFE - Core Primary Evidence","Official weekly outbreak surveillance report containing primary epidemiological outbreak records for Maharashtra and India"
"NCDC weekly outbreaks\2025\week37_1788950985.pdf","week37_1788950985.pdf",".pdf",1139999,"A","P0","Government of India / MoHFW / NCDC / IDSP","National Centre for Disease Control (NCDC)","2025","2025 Week 37","India (All States & UTs, including Maharashtra)","Weekly Disease Alerts / Outbreak Surveillance (Dengue, Malaria, ADD, Cholera, Food Poisoning, etc.)","YES","YES","Primary Government Data","Primary weekly surveillance record containing district-level outbreak tables for Maharashtra","Unique official report","Integrated Disease Surveillance Programme (IDSP) Weekly Outbreak Surveillance","KEEP (Do not delete)","UNSAFE - Core Primary Evidence","Official weekly outbreak surveillance report containing primary epidemiological outbreak records for Maharashtra and India"
"NCDC weekly outbreaks\2025\week38_1788950998.pdf","week38_1788950998.pdf",".pdf",1160541,"A","P0","Government of India / MoHFW / NCDC / IDSP","National Centre for Disease Control (NCDC)","2025","2025 Week 38","India (All States & UTs, including Maharashtra)","Weekly Disease Alerts / Outbreak Surveillance (Dengue, Malaria, ADD, Cholera, Food Poisoning, etc.)","YES","YES","Primary Government Data","Primary weekly surveillance record containing district-level outbreak tables for Maharashtra","Unique official report","Integrated Disease Surveillance Programme (IDSP) Weekly Outbreak Surveillance","KEEP (Do not delete)","UNSAFE - Core Primary Evidence","Official weekly outbreak surveillance report containing primary epidemiological outbreak records for Maharashtra and India"
"NCDC weekly outbreaks\2025\week39_1788951010.pdf","week39_1788951010.pdf",".pdf",974167,"A","P0","Government of India / MoHFW / NCDC / IDSP","National Centre for Disease Control (NCDC)","2025","2025 Week 39","India (All States & UTs, including Maharashtra)","Weekly Disease Alerts / Outbreak Surveillance (Dengue, Malaria, ADD, Cholera, Food Poisoning, etc.)","YES","YES","Primary Government Data","Primary weekly surveillance record containing district-level outbreak tables for Maharashtra","Unique official report","Integrated Disease Surveillance Programme (IDSP) Weekly Outbreak Surveillance","KEEP (Do not delete)","UNSAFE - Core Primary Evidence","Official weekly outbreak surveillance report containing primary epidemiological outbreak records for Maharashtra and India"
"NCDC weekly outbreaks\2025\week3_1788950195.pdf","week3_1788950195.pdf",".pdf",709659,"A","P0","Government of India / MoHFW / NCDC / IDSP","National Centre for Disease Control (NCDC)","2025","2025 Week 3","India (All States & UTs, including Maharashtra)","Weekly Disease Alerts / Outbreak Surveillance (Dengue, Malaria, ADD, Cholera, Food Poisoning, etc.)","YES","YES","Primary Government Data","Primary weekly surveillance record containing district-level outbreak tables for Maharashtra","Unique official report","Integrated Disease Surveillance Programme (IDSP) Weekly Outbreak Surveillance","KEEP (Do not delete)","UNSAFE - Core Primary Evidence","Official weekly outbreak surveillance report containing primary epidemiological outbreak records for Maharashtra and India"
"NCDC weekly outbreaks\2025\week40_1788951022.pdf","week40_1788951022.pdf",".pdf",989166,"A","P0","Government of India / MoHFW / NCDC / IDSP","National Centre for Disease Control (NCDC)","2025","2025 Week 40","India (All States & UTs, including Maharashtra)","Weekly Disease Alerts / Outbreak Surveillance (Dengue, Malaria, ADD, Cholera, Food Poisoning, etc.)","YES","YES","Primary Government Data","Primary weekly surveillance record containing district-level outbreak tables for Maharashtra","Unique official report","Integrated Disease Surveillance Programme (IDSP) Weekly Outbreak Surveillance","KEEP (Do not delete)","UNSAFE - Core Primary Evidence","Official weekly outbreak surveillance report containing primary epidemiological outbreak records for Maharashtra and India"
"NCDC weekly outbreaks\2025\week41_1788951032.pdf","week41_1788951032.pdf",".pdf",884254,"A","P0","Government of India / MoHFW / NCDC / IDSP","National Centre for Disease Control (NCDC)","2025","2025 Week 41","India (All States & UTs, including Maharashtra)","Weekly Disease Alerts / Outbreak Surveillance (Dengue, Malaria, ADD, Cholera, Food Poisoning, etc.)","YES","YES","Primary Government Data","Primary weekly surveillance record containing district-level outbreak tables for Maharashtra","Unique official report","Integrated Disease Surveillance Programme (IDSP) Weekly Outbreak Surveillance","KEEP (Do not delete)","UNSAFE - Core Primary Evidence","Official weekly outbreak surveillance report containing primary epidemiological outbreak records for Maharashtra and India"
"NCDC weekly outbreaks\2025\week42_1788951043.pdf","week42_1788951043.pdf",".pdf",1009666,"A","P0","Government of India / MoHFW / NCDC / IDSP","National Centre for Disease Control (NCDC)","2025","2025 Week 42","India (All States & UTs, including Maharashtra)","Weekly Disease Alerts / Outbreak Surveillance (Dengue, Malaria, ADD, Cholera, Food Poisoning, etc.)","YES","YES","Primary Government Data","Primary weekly surveillance record containing district-level outbreak tables for Maharashtra","Unique official report","Integrated Disease Surveillance Programme (IDSP) Weekly Outbreak Surveillance","KEEP (Do not delete)","UNSAFE - Core Primary Evidence","Official weekly outbreak surveillance report containing primary epidemiological outbreak records for Maharashtra and India"
"NCDC weekly outbreaks\2025\week43_1788951058.pdf","week43_1788951058.pdf",".pdf",1011965,"A","P0","Government of India / MoHFW / NCDC / IDSP","National Centre for Disease Control (NCDC)","2025","2025 Week 43","India (All States & UTs, including Maharashtra)","Weekly Disease Alerts / Outbreak Surveillance (Dengue, Malaria, ADD, Cholera, Food Poisoning, etc.)","YES","YES","Primary Government Data","Primary weekly surveillance record containing district-level outbreak tables for Maharashtra","Unique official report","Integrated Disease Surveillance Programme (IDSP) Weekly Outbreak Surveillance","KEEP (Do not delete)","UNSAFE - Core Primary Evidence","Official weekly outbreak surveillance report containing primary epidemiological outbreak records for Maharashtra and India"
"NCDC weekly outbreaks\2025\week44_1788951072.pdf","week44_1788951072.pdf",".pdf",1062668,"A","P0","Government of India / MoHFW / NCDC / IDSP","National Centre for Disease Control (NCDC)","2025","2025 Week 44","India (All States & UTs, including Maharashtra)","Weekly Disease Alerts / Outbreak Surveillance (Dengue, Malaria, ADD, Cholera, Food Poisoning, etc.)","YES","YES","Primary Government Data","Primary weekly surveillance record containing district-level outbreak tables for Maharashtra","Unique official report","Integrated Disease Surveillance Programme (IDSP) Weekly Outbreak Surveillance","KEEP (Do not delete)","UNSAFE - Core Primary Evidence","Official weekly outbreak surveillance report containing primary epidemiological outbreak records for Maharashtra and India"
"NCDC weekly outbreaks\2025\week45_1788951083.pdf","week45_1788951083.pdf",".pdf",1067516,"A","P0","Government of India / MoHFW / NCDC / IDSP","National Centre for Disease Control (NCDC)","2025","2025 Week 45","India (All States & UTs, including Maharashtra)","Weekly Disease Alerts / Outbreak Surveillance (Dengue, Malaria, ADD, Cholera, Food Poisoning, etc.)","YES","YES","Primary Government Data","Primary weekly surveillance record containing district-level outbreak tables for Maharashtra","Unique official report","Integrated Disease Surveillance Programme (IDSP) Weekly Outbreak Surveillance","KEEP (Do not delete)","UNSAFE - Core Primary Evidence","Official weekly outbreak surveillance report containing primary epidemiological outbreak records for Maharashtra and India"
"NCDC weekly outbreaks\2025\week46_1788951104.pdf","week46_1788951104.pdf",".pdf",1042248,"A","P0","Government of India / MoHFW / NCDC / IDSP","National Centre for Disease Control (NCDC)","2025","2025 Week 46","India (All States & UTs, including Maharashtra)","Weekly Disease Alerts / Outbreak Surveillance (Dengue, Malaria, ADD, Cholera, Food Poisoning, etc.)","YES","YES","Primary Government Data","Primary weekly surveillance record containing district-level outbreak tables for Maharashtra","Unique official report","Integrated Disease Surveillance Programme (IDSP) Weekly Outbreak Surveillance","KEEP (Do not delete)","UNSAFE - Core Primary Evidence","Official weekly outbreak surveillance report containing primary epidemiological outbreak records for Maharashtra and India"
"NCDC weekly outbreaks\2025\week47_1788951120.pdf","week47_1788951120.pdf",".pdf",1020903,"A","P0","Government of India / MoHFW / NCDC / IDSP","National Centre for Disease Control (NCDC)","2025","2025 Week 47","India (All States & UTs, including Maharashtra)","Weekly Disease Alerts / Outbreak Surveillance (Dengue, Malaria, ADD, Cholera, Food Poisoning, etc.)","YES","YES","Primary Government Data","Primary weekly surveillance record containing district-level outbreak tables for Maharashtra","Unique official report","Integrated Disease Surveillance Programme (IDSP) Weekly Outbreak Surveillance","KEEP (Do not delete)","UNSAFE - Core Primary Evidence","Official weekly outbreak surveillance report containing primary epidemiological outbreak records for Maharashtra and India"
"NCDC weekly outbreaks\2025\week48_1788951132.pdf","week48_1788951132.pdf",".pdf",1016364,"A","P0","Government of India / MoHFW / NCDC / IDSP","National Centre for Disease Control (NCDC)","2025","2025 Week 48","India (All States & UTs, including Maharashtra)","Weekly Disease Alerts / Outbreak Surveillance (Dengue, Malaria, ADD, Cholera, Food Poisoning, etc.)","YES","YES","Primary Government Data","Primary weekly surveillance record containing district-level outbreak tables for Maharashtra","Unique official report","Integrated Disease Surveillance Programme (IDSP) Weekly Outbreak Surveillance","KEEP (Do not delete)","UNSAFE - Core Primary Evidence","Official weekly outbreak surveillance report containing primary epidemiological outbreak records for Maharashtra and India"
"NCDC weekly outbreaks\2025\week49_1788951145.pdf","week49_1788951145.pdf",".pdf",903306,"A","P0","Government of India / MoHFW / NCDC / IDSP","National Centre for Disease Control (NCDC)","2025","2025 Week 49","India (All States & UTs, including Maharashtra)","Weekly Disease Alerts / Outbreak Surveillance (Dengue, Malaria, ADD, Cholera, Food Poisoning, etc.)","YES","YES","Primary Government Data","Primary weekly surveillance record containing district-level outbreak tables for Maharashtra","Unique official report","Integrated Disease Surveillance Programme (IDSP) Weekly Outbreak Surveillance","KEEP (Do not delete)","UNSAFE - Core Primary Evidence","Official weekly outbreak surveillance report containing primary epidemiological outbreak records for Maharashtra and India"
"NCDC weekly outbreaks\2025\week4_1788950209.pdf","week4_1788950209.pdf",".pdf",1145826,"A","P0","Government of India / MoHFW / NCDC / IDSP","National Centre for Disease Control (NCDC)","2025","2025 Week 4","India (All States & UTs, including Maharashtra)","Weekly Disease Alerts / Outbreak Surveillance (Dengue, Malaria, ADD, Cholera, Food Poisoning, etc.)","YES","YES","Primary Government Data","Primary weekly surveillance record containing district-level outbreak tables for Maharashtra","Unique official report","Integrated Disease Surveillance Programme (IDSP) Weekly Outbreak Surveillance","KEEP (Do not delete)","UNSAFE - Core Primary Evidence","Official weekly outbreak surveillance report containing primary epidemiological outbreak records for Maharashtra and India"
"NCDC weekly outbreaks\2025\week50_1788951159.pdf","week50_1788951159.pdf",".pdf",1034212,"A","P0","Government of India / MoHFW / NCDC / IDSP","National Centre for Disease Control (NCDC)","2025","2025 Week 50","India (All States & UTs, including Maharashtra)","Weekly Disease Alerts / Outbreak Surveillance (Dengue, Malaria, ADD, Cholera, Food Poisoning, etc.)","YES","YES","Primary Government Data","Primary weekly surveillance record containing district-level outbreak tables for Maharashtra","Unique official report","Integrated Disease Surveillance Programme (IDSP) Weekly Outbreak Surveillance","KEEP (Do not delete)","UNSAFE - Core Primary Evidence","Official weekly outbreak surveillance report containing primary epidemiological outbreak records for Maharashtra and India"
"NCDC weekly outbreaks\2025\week51_1788951172.pdf","week51_1788951172.pdf",".pdf",928759,"A","P0","Government of India / MoHFW / NCDC / IDSP","National Centre for Disease Control (NCDC)","2025","2025 Week 51","India (All States & UTs, including Maharashtra)","Weekly Disease Alerts / Outbreak Surveillance (Dengue, Malaria, ADD, Cholera, Food Poisoning, etc.)","YES","YES","Primary Government Data","Primary weekly surveillance record containing district-level outbreak tables for Maharashtra","Unique official report","Integrated Disease Surveillance Programme (IDSP) Weekly Outbreak Surveillance","KEEP (Do not delete)","UNSAFE - Core Primary Evidence","Official weekly outbreak surveillance report containing primary epidemiological outbreak records for Maharashtra and India"
"NCDC weekly outbreaks\2025\week52_1788951185.pdf","week52_1788951185.pdf",".pdf",915158,"A","P0","Government of India / MoHFW / NCDC / IDSP","National Centre for Disease Control (NCDC)","2025","2025 Week 52","India (All States & UTs, including Maharashtra)","Weekly Disease Alerts / Outbreak Surveillance (Dengue, Malaria, ADD, Cholera, Food Poisoning, etc.)","YES","YES","Primary Government Data","Primary weekly surveillance record containing district-level outbreak tables for Maharashtra","Unique official report","Integrated Disease Surveillance Programme (IDSP) Weekly Outbreak Surveillance","KEEP (Do not delete)","UNSAFE - Core Primary Evidence","Official weekly outbreak surveillance report containing primary epidemiological outbreak records for Maharashtra and India"
"NCDC weekly outbreaks\2025\week5_1788950221.pdf","week5_1788950221.pdf",".pdf",691274,"A","P0","Government of India / MoHFW / NCDC / IDSP","National Centre for Disease Control (NCDC)","2025","2025 Week 5","India (All States & UTs, including Maharashtra)","Weekly Disease Alerts / Outbreak Surveillance (Dengue, Malaria, ADD, Cholera, Food Poisoning, etc.)","YES","YES","Primary Government Data","Primary weekly surveillance record containing district-level outbreak tables for Maharashtra","Unique official report","Integrated Disease Surveillance Programme (IDSP) Weekly Outbreak Surveillance","KEEP (Do not delete)","UNSAFE - Core Primary Evidence","Official weekly outbreak surveillance report containing primary epidemiological outbreak records for Maharashtra and India"
"NCDC weekly outbreaks\2025\week6_1788950233.pdf","week6_1788950233.pdf",".pdf",557146,"A","P0","Government of India / MoHFW / NCDC / IDSP","National Centre for Disease Control (NCDC)","2025","2025 Week 6","India (All States & UTs, including Maharashtra)","Weekly Disease Alerts / Outbreak Surveillance (Dengue, Malaria, ADD, Cholera, Food Poisoning, etc.)","YES","YES","Primary Government Data","Primary weekly surveillance record containing district-level outbreak tables for Maharashtra","Unique official report","Integrated Disease Surveillance Programme (IDSP) Weekly Outbreak Surveillance","KEEP (Do not delete)","UNSAFE - Core Primary Evidence","Official weekly outbreak surveillance report containing primary epidemiological outbreak records for Maharashtra and India"
"NCDC weekly outbreaks\2025\week7_1789017204.pdf","week7_1789017204.pdf",".pdf",690176,"A","P0","Government of India / MoHFW / NCDC / IDSP","National Centre for Disease Control (NCDC)","2025","2025 Week 7","India (All States & UTs, including Maharashtra)","Weekly Disease Alerts / Outbreak Surveillance (Dengue, Malaria, ADD, Cholera, Food Poisoning, etc.)","YES","YES","Primary Government Data","Primary weekly surveillance record containing district-level outbreak tables for Maharashtra","Unique official report","Integrated Disease Surveillance Programme (IDSP) Weekly Outbreak Surveillance","KEEP (Do not delete)","UNSAFE - Core Primary Evidence","Official weekly outbreak surveillance report containing primary epidemiological outbreak records for Maharashtra and India"
"NCDC weekly outbreaks\2025\week8_1788950267.pdf","week8_1788950267.pdf",".pdf",741733,"A","P0","Government of India / MoHFW / NCDC / IDSP","National Centre for Disease Control (NCDC)","2025","2025 Week 8","India (All States & UTs, including Maharashtra)","Weekly Disease Alerts / Outbreak Surveillance (Dengue, Malaria, ADD, Cholera, Food Poisoning, etc.)","YES","YES","Primary Government Data","Primary weekly surveillance record containing district-level outbreak tables for Maharashtra","Unique official report","Integrated Disease Surveillance Programme (IDSP) Weekly Outbreak Surveillance","KEEP (Do not delete)","UNSAFE - Core Primary Evidence","Official weekly outbreak surveillance report containing primary epidemiological outbreak records for Maharashtra and India"
"NCDC weekly outbreaks\2025\week9_1788950284.pdf","week9_1788950284.pdf",".pdf",728832,"A","P0","Government of India / MoHFW / NCDC / IDSP","National Centre for Disease Control (NCDC)","2025","2025 Week 9","India (All States & UTs, including Maharashtra)","Weekly Disease Alerts / Outbreak Surveillance (Dengue, Malaria, ADD, Cholera, Food Poisoning, etc.)","YES","YES","Primary Government Data","Primary weekly surveillance record containing district-level outbreak tables for Maharashtra","Unique official report","Integrated Disease Surveillance Programme (IDSP) Weekly Outbreak Surveillance","KEEP (Do not delete)","UNSAFE - Core Primary Evidence","Official weekly outbreak surveillance report containing primary epidemiological outbreak records for Maharashtra and India"
"NCDC weekly outbreaks\20251208_2143_SeasonalDiseasePreventionIndia_simple_compose_01kbzbqr7df72sxwnfr2cdnyg-683x1024.jpeg.webp","20251208_2143_SeasonalDiseasePreventionIndia_simple_compose_01kbzbqr7df72sxwnfr2cdnyg-683x1024.jpeg.webp",".webp",55346,"H","P5","AI Image Generator / Commercial Web Portal","Unknown / AI Generated","2025","None","India","Promotional Poster: Top Seasonal Diseases in India Prevention & Safety Tips","NO","NO","Decorative Web Asset","Decorative illustration","Web promotional image","Web download","SAFE TO DELETE AFTER APPROVAL","SAFE_TO_DELETE","Decorative promotional poster graphic; contains no data or scientific evidence"
"NCDC weekly outbreaks\2026\week10_1788856598.pdf","week10_1788856598.pdf",".pdf",1024987,"A","P0","Government of India / MoHFW / NCDC / IDSP","National Centre for Disease Control (NCDC)","2026","2026 Week 10","India (All States & UTs, including Maharashtra)","Weekly Disease Alerts / Outbreak Surveillance (Dengue, Malaria, ADD, Cholera, Food Poisoning, etc.)","YES","YES","Primary Government Data","Primary weekly surveillance record containing district-level outbreak tables for Maharashtra","Unique official report","Integrated Disease Surveillance Programme (IDSP) Weekly Outbreak Surveillance","KEEP (Do not delete)","UNSAFE - Core Primary Evidence","Official weekly outbreak surveillance report containing primary epidemiological outbreak records for Maharashtra and India"
"NCDC weekly outbreaks\2026\week11_1788856616.pdf","week11_1788856616.pdf",".pdf",1235858,"A","P0","Government of India / MoHFW / NCDC / IDSP","National Centre for Disease Control (NCDC)","2026","2026 Week 11","India (All States & UTs, including Maharashtra)","Weekly Disease Alerts / Outbreak Surveillance (Dengue, Malaria, ADD, Cholera, Food Poisoning, etc.)","YES","YES","Primary Government Data","Primary weekly surveillance record containing district-level outbreak tables for Maharashtra","Unique official report","Integrated Disease Surveillance Programme (IDSP) Weekly Outbreak Surveillance","KEEP (Do not delete)","UNSAFE - Core Primary Evidence","Official weekly outbreak surveillance report containing primary epidemiological outbreak records for Maharashtra and India"
"NCDC weekly outbreaks\2026\week12_1788856634.pdf","week12_1788856634.pdf",".pdf",1145261,"A","P0","Government of India / MoHFW / NCDC / IDSP","National Centre for Disease Control (NCDC)","2026","2026 Week 12","India (All States & UTs, including Maharashtra)","Weekly Disease Alerts / Outbreak Surveillance (Dengue, Malaria, ADD, Cholera, Food Poisoning, etc.)","YES","YES","Primary Government Data","Primary weekly surveillance record containing district-level outbreak tables for Maharashtra","Unique official report","Integrated Disease Surveillance Programme (IDSP) Weekly Outbreak Surveillance","KEEP (Do not delete)","UNSAFE - Core Primary Evidence","Official weekly outbreak surveillance report containing primary epidemiological outbreak records for Maharashtra and India"
"NCDC weekly outbreaks\2026\week13_1788856653.pdf","week13_1788856653.pdf",".pdf",1259770,"A","P0","Government of India / MoHFW / NCDC / IDSP","National Centre for Disease Control (NCDC)","2026","2026 Week 13","India (All States & UTs, including Maharashtra)","Weekly Disease Alerts / Outbreak Surveillance (Dengue, Malaria, ADD, Cholera, Food Poisoning, etc.)","YES","YES","Primary Government Data","Primary weekly surveillance record containing district-level outbreak tables for Maharashtra","Unique official report","Integrated Disease Surveillance Programme (IDSP) Weekly Outbreak Surveillance","KEEP (Do not delete)","UNSAFE - Core Primary Evidence","Official weekly outbreak surveillance report containing primary epidemiological outbreak records for Maharashtra and India"
"NCDC weekly outbreaks\2026\week14_1788856669.pdf","week14_1788856669.pdf",".pdf",1256991,"A","P0","Government of India / MoHFW / NCDC / IDSP","National Centre for Disease Control (NCDC)","2026","2026 Week 14","India (All States & UTs, including Maharashtra)","Weekly Disease Alerts / Outbreak Surveillance (Dengue, Malaria, ADD, Cholera, Food Poisoning, etc.)","YES","YES","Primary Government Data","Primary weekly surveillance record containing district-level outbreak tables for Maharashtra","Unique official report","Integrated Disease Surveillance Programme (IDSP) Weekly Outbreak Surveillance","KEEP (Do not delete)","UNSAFE - Core Primary Evidence","Official weekly outbreak surveillance report containing primary epidemiological outbreak records for Maharashtra and India"
"NCDC weekly outbreaks\2026\week15_1788856683.pdf","week15_1788856683.pdf",".pdf",1327508,"A","P0","Government of India / MoHFW / NCDC / IDSP","National Centre for Disease Control (NCDC)","2026","2026 Week 15","India (All States & UTs, including Maharashtra)","Weekly Disease Alerts / Outbreak Surveillance (Dengue, Malaria, ADD, Cholera, Food Poisoning, etc.)","YES","YES","Primary Government Data","Primary weekly surveillance record containing district-level outbreak tables for Maharashtra","Unique official report","Integrated Disease Surveillance Programme (IDSP) Weekly Outbreak Surveillance","KEEP (Do not delete)","UNSAFE - Core Primary Evidence","Official weekly outbreak surveillance report containing primary epidemiological outbreak records for Maharashtra and India"
"NCDC weekly outbreaks\2026\week16_1788856701.pdf","week16_1788856701.pdf",".pdf",1166378,"A","P0","Government of India / MoHFW / NCDC / IDSP","National Centre for Disease Control (NCDC)","2026","2026 Week 16","India (All States & UTs, including Maharashtra)","Weekly Disease Alerts / Outbreak Surveillance (Dengue, Malaria, ADD, Cholera, Food Poisoning, etc.)","YES","YES","Primary Government Data","Primary weekly surveillance record containing district-level outbreak tables for Maharashtra","Unique official report","Integrated Disease Surveillance Programme (IDSP) Weekly Outbreak Surveillance","KEEP (Do not delete)","UNSAFE - Core Primary Evidence","Official weekly outbreak surveillance report containing primary epidemiological outbreak records for Maharashtra and India"
"NCDC weekly outbreaks\2026\week17_1788856716.pdf","week17_1788856716.pdf",".pdf",1220132,"A","P0","Government of India / MoHFW / NCDC / IDSP","National Centre for Disease Control (NCDC)","2026","2026 Week 17","India (All States & UTs, including Maharashtra)","Weekly Disease Alerts / Outbreak Surveillance (Dengue, Malaria, ADD, Cholera, Food Poisoning, etc.)","YES","YES","Primary Government Data","Primary weekly surveillance record containing district-level outbreak tables for Maharashtra","Unique official report","Integrated Disease Surveillance Programme (IDSP) Weekly Outbreak Surveillance","KEEP (Do not delete)","UNSAFE - Core Primary Evidence","Official weekly outbreak surveillance report containing primary epidemiological outbreak records for Maharashtra and India"
"NCDC weekly outbreaks\2026\week18_1788856733.pdf","week18_1788856733.pdf",".pdf",1398949,"A","P0","Government of India / MoHFW / NCDC / IDSP","National Centre for Disease Control (NCDC)","2026","2026 Week 18","India (All States & UTs, including Maharashtra)","Weekly Disease Alerts / Outbreak Surveillance (Dengue, Malaria, ADD, Cholera, Food Poisoning, etc.)","YES","YES","Primary Government Data","Primary weekly surveillance record containing district-level outbreak tables for Maharashtra","Unique official report","Integrated Disease Surveillance Programme (IDSP) Weekly Outbreak Surveillance","KEEP (Do not delete)","UNSAFE - Core Primary Evidence","Official weekly outbreak surveillance report containing primary epidemiological outbreak records for Maharashtra and India"
"NCDC weekly outbreaks\2026\week19_1788856754.pdf","week19_1788856754.pdf",".pdf",1089580,"A","P0","Government of India / MoHFW / NCDC / IDSP","National Centre for Disease Control (NCDC)","2026","2026 Week 19","India (All States & UTs, including Maharashtra)","Weekly Disease Alerts / Outbreak Surveillance (Dengue, Malaria, ADD, Cholera, Food Poisoning, etc.)","YES","YES","Primary Government Data","Primary weekly surveillance record containing district-level outbreak tables for Maharashtra","Unique official report","Integrated Disease Surveillance Programme (IDSP) Weekly Outbreak Surveillance","KEEP (Do not delete)","UNSAFE - Core Primary Evidence","Official weekly outbreak surveillance report containing primary epidemiological outbreak records for Maharashtra and India"
"NCDC weekly outbreaks\2026\week1_1788853592.pdf","week1_1788853592.pdf",".pdf",956018,"A","P0","Government of India / MoHFW / NCDC / IDSP","National Centre for Disease Control (NCDC)","2026","2026 Week 1","India (All States & UTs, including Maharashtra)","Weekly Disease Alerts / Outbreak Surveillance (Dengue, Malaria, ADD, Cholera, Food Poisoning, etc.)","YES","YES","Primary Government Data","Primary weekly surveillance record containing district-level outbreak tables for Maharashtra","Unique official report","Integrated Disease Surveillance Programme (IDSP) Weekly Outbreak Surveillance","KEEP (Do not delete)","UNSAFE - Core Primary Evidence","Official weekly outbreak surveillance report containing primary epidemiological outbreak records for Maharashtra and India"
"NCDC weekly outbreaks\2026\week20_1788856772.pdf","week20_1788856772.pdf",".pdf",1305340,"A","P0","Government of India / MoHFW / NCDC / IDSP","National Centre for Disease Control (NCDC)","2026","2026 Week 20","India (All States & UTs, including Maharashtra)","Weekly Disease Alerts / Outbreak Surveillance (Dengue, Malaria, ADD, Cholera, Food Poisoning, etc.)","YES","YES","Primary Government Data","Primary weekly surveillance record containing district-level outbreak tables for Maharashtra","Unique official report","Integrated Disease Surveillance Programme (IDSP) Weekly Outbreak Surveillance","KEEP (Do not delete)","UNSAFE - Core Primary Evidence","Official weekly outbreak surveillance report containing primary epidemiological outbreak records for Maharashtra and India"
"NCDC weekly outbreaks\2026\week21_1788856793.pdf","week21_1788856793.pdf",".pdf",1227373,"A","P0","Government of India / MoHFW / NCDC / IDSP","National Centre for Disease Control (NCDC)","2026","2026 Week 21","India (All States & UTs, including Maharashtra)","Weekly Disease Alerts / Outbreak Surveillance (Dengue, Malaria, ADD, Cholera, Food Poisoning, etc.)","YES","YES","Primary Government Data","Primary weekly surveillance record containing district-level outbreak tables for Maharashtra","Unique official report","Integrated Disease Surveillance Programme (IDSP) Weekly Outbreak Surveillance","KEEP (Do not delete)","UNSAFE - Core Primary Evidence","Official weekly outbreak surveillance report containing primary epidemiological outbreak records for Maharashtra and India"
"NCDC weekly outbreaks\2026\week22_1788856809.pdf","week22_1788856809.pdf",".pdf",1220597,"A","P0","Government of India / MoHFW / NCDC / IDSP","National Centre for Disease Control (NCDC)","2026","2026 Week 22","India (All States & UTs, including Maharashtra)","Weekly Disease Alerts / Outbreak Surveillance (Dengue, Malaria, ADD, Cholera, Food Poisoning, etc.)","YES","YES","Primary Government Data","Primary weekly surveillance record containing district-level outbreak tables for Maharashtra","Unique official report","Integrated Disease Surveillance Programme (IDSP) Weekly Outbreak Surveillance","KEEP (Do not delete)","UNSAFE - Core Primary Evidence","Official weekly outbreak surveillance report containing primary epidemiological outbreak records for Maharashtra and India"
"NCDC weekly outbreaks\2026\week23_1788856825.pdf","week23_1788856825.pdf",".pdf",1109574,"A","P0","Government of India / MoHFW / NCDC / IDSP","National Centre for Disease Control (NCDC)","2026","2026 Week 23","India (All States & UTs, including Maharashtra)","Weekly Disease Alerts / Outbreak Surveillance (Dengue, Malaria, ADD, Cholera, Food Poisoning, etc.)","YES","YES","Primary Government Data","Primary weekly surveillance record containing district-level outbreak tables for Maharashtra","Unique official report","Integrated Disease Surveillance Programme (IDSP) Weekly Outbreak Surveillance","KEEP (Do not delete)","UNSAFE - Core Primary Evidence","Official weekly outbreak surveillance report containing primary epidemiological outbreak records for Maharashtra and India"
"NCDC weekly outbreaks\2026\week24_1788856872.pdf","week24_1788856872.pdf",".pdf",1266495,"A","P0","Government of India / MoHFW / NCDC / IDSP","National Centre for Disease Control (NCDC)","2026","2026 Week 24","India (All States & UTs, including Maharashtra)","Weekly Disease Alerts / Outbreak Surveillance (Dengue, Malaria, ADD, Cholera, Food Poisoning, etc.)","YES","YES","Primary Government Data","Primary weekly surveillance record containing district-level outbreak tables for Maharashtra","Unique official report","Integrated Disease Surveillance Programme (IDSP) Weekly Outbreak Surveillance","KEEP (Do not delete)","UNSAFE - Core Primary Evidence","Official weekly outbreak surveillance report containing primary epidemiological outbreak records for Maharashtra and India"
"NCDC weekly outbreaks\2026\week25_1788856887.pdf","week25_1788856887.pdf",".pdf",805474,"A","P0","Government of India / MoHFW / NCDC / IDSP","National Centre for Disease Control (NCDC)","2026","2026 Week 25","India (All States & UTs, including Maharashtra)","Weekly Disease Alerts / Outbreak Surveillance (Dengue, Malaria, ADD, Cholera, Food Poisoning, etc.)","YES","YES","Primary Government Data","Primary weekly surveillance record containing district-level outbreak tables for Maharashtra","Unique official report","Integrated Disease Surveillance Programme (IDSP) Weekly Outbreak Surveillance","KEEP (Do not delete)","UNSAFE - Core Primary Evidence","Official weekly outbreak surveillance report containing primary epidemiological outbreak records for Maharashtra and India"
"NCDC weekly outbreaks\2026\week26_1788856902.pdf","week26_1788856902.pdf",".pdf",1162643,"A","P0","Government of India / MoHFW / NCDC / IDSP","National Centre for Disease Control (NCDC)","2026","2026 Week 26","India (All States & UTs, including Maharashtra)","Weekly Disease Alerts / Outbreak Surveillance (Dengue, Malaria, ADD, Cholera, Food Poisoning, etc.)","YES","YES","Primary Government Data","Primary weekly surveillance record containing district-level outbreak tables for Maharashtra","Unique official report","Integrated Disease Surveillance Programme (IDSP) Weekly Outbreak Surveillance","KEEP (Do not delete)","UNSAFE - Core Primary Evidence","Official weekly outbreak surveillance report containing primary epidemiological outbreak records for Maharashtra and India"
"NCDC weekly outbreaks\2026\week27_1788856919.pdf","week27_1788856919.pdf",".pdf",1291966,"A","P0","Government of India / MoHFW / NCDC / IDSP","National Centre for Disease Control (NCDC)","2026","2026 Week 27","India (All States & UTs, including Maharashtra)","Weekly Disease Alerts / Outbreak Surveillance (Dengue, Malaria, ADD, Cholera, Food Poisoning, etc.)","YES","YES","Primary Government Data","Primary weekly surveillance record containing district-level outbreak tables for Maharashtra","Unique official report","Integrated Disease Surveillance Programme (IDSP) Weekly Outbreak Surveillance","KEEP (Do not delete)","UNSAFE - Core Primary Evidence","Official weekly outbreak surveillance report containing primary epidemiological outbreak records for Maharashtra and India"
"NCDC weekly outbreaks\2026\week28_1788942657.pdf","week28_1788942657.pdf",".pdf",1215898,"A","P0","Government of India / MoHFW / NCDC / IDSP","National Centre for Disease Control (NCDC)","2026","2026 Week 28","India (All States & UTs, including Maharashtra)","Weekly Disease Alerts / Outbreak Surveillance (Dengue, Malaria, ADD, Cholera, Food Poisoning, etc.)","YES","YES","Primary Government Data","Primary weekly surveillance record containing district-level outbreak tables for Maharashtra","Unique official report","Integrated Disease Surveillance Programme (IDSP) Weekly Outbreak Surveillance","KEEP (Do not delete)","UNSAFE - Core Primary Evidence","Official weekly outbreak surveillance report containing primary epidemiological outbreak records for Maharashtra and India"
"NCDC weekly outbreaks\2026\week29_1789533489.pdf","week29_1789533489.pdf",".pdf",1497406,"A","P0","Government of India / MoHFW / NCDC / IDSP","National Centre for Disease Control (NCDC)","2026","2026 Week 29","India (All States & UTs, including Maharashtra)","Weekly Disease Alerts / Outbreak Surveillance (Dengue, Malaria, ADD, Cholera, Food Poisoning, etc.)","YES","YES","Primary Government Data","Primary weekly surveillance record containing district-level outbreak tables for Maharashtra","Unique official report","Integrated Disease Surveillance Programme (IDSP) Weekly Outbreak Surveillance","KEEP (Do not delete)","UNSAFE - Core Primary Evidence","Official weekly outbreak surveillance report containing primary epidemiological outbreak records for Maharashtra and India"
"NCDC weekly outbreaks\2026\week2_1788856445.pdf","week2_1788856445.pdf",".pdf",898140,"A","P0","Government of India / MoHFW / NCDC / IDSP","National Centre for Disease Control (NCDC)","2026","2026 Week 2","India (All States & UTs, including Maharashtra)","Weekly Disease Alerts / Outbreak Surveillance (Dengue, Malaria, ADD, Cholera, Food Poisoning, etc.)","YES","YES","Primary Government Data","Primary weekly surveillance record containing district-level outbreak tables for Maharashtra","Unique official report","Integrated Disease Surveillance Programme (IDSP) Weekly Outbreak Surveillance","KEEP (Do not delete)","UNSAFE - Core Primary Evidence","Official weekly outbreak surveillance report containing primary epidemiological outbreak records for Maharashtra and India"
"NCDC weekly outbreaks\2026\week30_1789731731.pdf","week30_1789731731.pdf",".pdf",1425637,"A","P0","Government of India / MoHFW / NCDC / IDSP","National Centre for Disease Control (NCDC)","2026","2026 Week 30","India (All States & UTs, including Maharashtra)","Weekly Disease Alerts / Outbreak Surveillance (Dengue, Malaria, ADD, Cholera, Food Poisoning, etc.)","YES","YES","Primary Government Data","Primary weekly surveillance record containing district-level outbreak tables for Maharashtra","Unique official report","Integrated Disease Surveillance Programme (IDSP) Weekly Outbreak Surveillance","KEEP (Do not delete)","UNSAFE - Core Primary Evidence","Official weekly outbreak surveillance report containing primary epidemiological outbreak records for Maharashtra and India"
"NCDC weekly outbreaks\2026\week31_1790077762.pdf","week31_1790077762.pdf",".pdf",1177764,"A","P0","Government of India / MoHFW / NCDC / IDSP","National Centre for Disease Control (NCDC)","2026","2026 Week 31","India (All States & UTs, including Maharashtra)","Weekly Disease Alerts / Outbreak Surveillance (Dengue, Malaria, ADD, Cholera, Food Poisoning, etc.)","YES","YES","Primary Government Data","Primary weekly surveillance record containing district-level outbreak tables for Maharashtra","Unique official report","Integrated Disease Surveillance Programme (IDSP) Weekly Outbreak Surveillance","KEEP (Do not delete)","UNSAFE - Core Primary Evidence","Official weekly outbreak surveillance report containing primary epidemiological outbreak records for Maharashtra and India"
"NCDC weekly outbreaks\2026\week32_1790680151.pdf","week32_1790680151.pdf",".pdf",1187647,"A","P0","Government of India / MoHFW / NCDC / IDSP","National Centre for Disease Control (NCDC)","2026","2026 Week 32","India (All States & UTs, including Maharashtra)","Weekly Disease Alerts / Outbreak Surveillance (Dengue, Malaria, ADD, Cholera, Food Poisoning, etc.)","YES","YES","Primary Government Data","Primary weekly surveillance record containing district-level outbreak tables for Maharashtra","Unique official report","Integrated Disease Surveillance Programme (IDSP) Weekly Outbreak Surveillance","KEEP (Do not delete)","UNSAFE - Core Primary Evidence","Official weekly outbreak surveillance report containing primary epidemiological outbreak records for Maharashtra and India"
"NCDC weekly outbreaks\2026\week3_1788857181.pdf","week3_1788857181.pdf",".pdf",624290,"A","P0","Government of India / MoHFW / NCDC / IDSP","National Centre for Disease Control (NCDC)","2026","2026 Week 3","India (All States & UTs, including Maharashtra)","Weekly Disease Alerts / Outbreak Surveillance (Dengue, Malaria, ADD, Cholera, Food Poisoning, etc.)","YES","YES","Primary Government Data","Primary weekly surveillance record containing district-level outbreak tables for Maharashtra","Unique official report","Integrated Disease Surveillance Programme (IDSP) Weekly Outbreak Surveillance","KEEP (Do not delete)","UNSAFE - Core Primary Evidence","Official weekly outbreak surveillance report containing primary epidemiological outbreak records for Maharashtra and India"
"NCDC weekly outbreaks\2026\week4_1788856484.pdf","week4_1788856484.pdf",".pdf",1001159,"A","P0","Government of India / MoHFW / NCDC / IDSP","National Centre for Disease Control (NCDC)","2026","2026 Week 4","India (All States & UTs, including Maharashtra)","Weekly Disease Alerts / Outbreak Surveillance (Dengue, Malaria, ADD, Cholera, Food Poisoning, etc.)","YES","YES","Primary Government Data","Primary weekly surveillance record containing district-level outbreak tables for Maharashtra","Unique official report","Integrated Disease Surveillance Programme (IDSP) Weekly Outbreak Surveillance","KEEP (Do not delete)","UNSAFE - Core Primary Evidence","Official weekly outbreak surveillance report containing primary epidemiological outbreak records for Maharashtra and India"
"NCDC weekly outbreaks\2026\week5_1788856507.pdf","week5_1788856507.pdf",".pdf",1092404,"A","P0","Government of India / MoHFW / NCDC / IDSP","National Centre for Disease Control (NCDC)","2026","2026 Week 5","India (All States & UTs, including Maharashtra)","Weekly Disease Alerts / Outbreak Surveillance (Dengue, Malaria, ADD, Cholera, Food Poisoning, etc.)","YES","YES","Primary Government Data","Primary weekly surveillance record containing district-level outbreak tables for Maharashtra","Unique official report","Integrated Disease Surveillance Programme (IDSP) Weekly Outbreak Surveillance","KEEP (Do not delete)","UNSAFE - Core Primary Evidence","Official weekly outbreak surveillance report containing primary epidemiological outbreak records for Maharashtra and India"
"NCDC weekly outbreaks\2026\week6_1788856531.pdf","week6_1788856531.pdf",".pdf",1041128,"A","P0","Government of India / MoHFW / NCDC / IDSP","National Centre for Disease Control (NCDC)","2026","2026 Week 6","India (All States & UTs, including Maharashtra)","Weekly Disease Alerts / Outbreak Surveillance (Dengue, Malaria, ADD, Cholera, Food Poisoning, etc.)","YES","YES","Primary Government Data","Primary weekly surveillance record containing district-level outbreak tables for Maharashtra","Unique official report","Integrated Disease Surveillance Programme (IDSP) Weekly Outbreak Surveillance","KEEP (Do not delete)","UNSAFE - Core Primary Evidence","Official weekly outbreak surveillance report containing primary epidemiological outbreak records for Maharashtra and India"
"NCDC weekly outbreaks\2026\week7_1788856546.pdf","week7_1788856546.pdf",".pdf",1042817,"A","P0","Government of India / MoHFW / NCDC / IDSP","National Centre for Disease Control (NCDC)","2026","2026 Week 7","India (All States & UTs, including Maharashtra)","Weekly Disease Alerts / Outbreak Surveillance (Dengue, Malaria, ADD, Cholera, Food Poisoning, etc.)","YES","YES","Primary Government Data","Primary weekly surveillance record containing district-level outbreak tables for Maharashtra","Unique official report","Integrated Disease Surveillance Programme (IDSP) Weekly Outbreak Surveillance","KEEP (Do not delete)","UNSAFE - Core Primary Evidence","Official weekly outbreak surveillance report containing primary epidemiological outbreak records for Maharashtra and India"
"NCDC weekly outbreaks\2026\week8_1788856560.pdf","week8_1788856560.pdf",".pdf",1109394,"A","P0","Government of India / MoHFW / NCDC / IDSP","National Centre for Disease Control (NCDC)","2026","2026 Week 8","India (All States & UTs, including Maharashtra)","Weekly Disease Alerts / Outbreak Surveillance (Dengue, Malaria, ADD, Cholera, Food Poisoning, etc.)","YES","YES","Primary Government Data","Primary weekly surveillance record containing district-level outbreak tables for Maharashtra","Unique official report","Integrated Disease Surveillance Programme (IDSP) Weekly Outbreak Surveillance","KEEP (Do not delete)","UNSAFE - Core Primary Evidence","Official weekly outbreak surveillance report containing primary epidemiological outbreak records for Maharashtra and India"
"NCDC weekly outbreaks\2026\week9_1788856576.pdf","week9_1788856576.pdf",".pdf",1132965,"A","P0","Government of India / MoHFW / NCDC / IDSP","National Centre for Disease Control (NCDC)","2026","2026 Week 9","India (All States & UTs, including Maharashtra)","Weekly Disease Alerts / Outbreak Surveillance (Dengue, Malaria, ADD, Cholera, Food Poisoning, etc.)","YES","YES","Primary Government Data","Primary weekly surveillance record containing district-level outbreak tables for Maharashtra","Unique official report","Integrated Disease Surveillance Programme (IDSP) Weekly Outbreak Surveillance","KEEP (Do not delete)","UNSAFE - Core Primary Evidence","Official weekly outbreak surveillance report containing primary epidemiological outbreak records for Maharashtra and India"
"NCDC weekly outbreaks\90384949221554289446.pdf","90384949221554289446.pdf",".pdf",462226,"B","P1","Government of India / MoHFW / NCDC / IDSP","National Centre for Disease Control (NCDC)","2019","2019","National / All States","IDSP Referral Laboratory Network Directory","YES (Directory / Diagnostic Infrastructure Data)","YES","Primary Government Documentation","Methodological justification for diagnostic confirmation of outbreak pathogens under IDSP","Unique directory","Official NCDC IDSP Laboratory Network portal","KEEP","SAFE_WITH_BACKUP","Explains laboratory confirmation mechanism and testing sites supporting IDSP outbreak surveillance"
"NCDC weekly outbreaks\96420115851539337754.pdf","96420115851539337754.pdf",".pdf",773592,"D","P2","NCDC / IDSP","National Centre for Disease Control","Undated (Recent)","Current Clinical Guidelines","National","Seasonal Flu (H1N1/Influenza) Transmission & Prevention Guidelines","NO (Clinical & Public Health Guidelines)","YES","Secondary Government Guideline","Literature review and public health prevention measures for respiratory seasonal outbreaks","Unique public guideline","NCDC IDSP circular","KEEP","SAFE_WITH_BACKUP","Official NCDC awareness guideline explaining mode of transmission and seasonal vulnerability"
"NCDC weekly outbreaks\BMC.pdf","BMC.pdf",".pdf",1975920,"D","P2","Times of India / Brihanmumbai Municipal Corporation (BMC)","Brihanmumbai Municipal Corporation Public Health Department","2026","2026 Monsoon Season","Mumbai, Maharashtra","Mumbai Monsoon Disease Surveillance: 5,984 Malaria, 488 H1N1 Cases & Control Drive","YES (Municipal case counts for Malaria, Dengue, Leptospirosis, H1N1)","YES (Local municipal data for Maharashtra capital)","Secondary Official Reportage / Media Release","Ground-level validation of Mumbai municipal seasonal disease surge to triangulate state-level IDSP data","Unique municipal report","Times of India reporting of BMC health bulletin","KEEP","SAFE_WITH_BACKUP","Vital Maharashtra-specific ground evidence of recent monsoon disease burdens (Malaria, H1N1, Leptospirosis)"
"NCDC weekly outbreaks\d223cdfb-f708-4eb2-89fd-e7cd91a10fea.pdf","d223cdfb-f708-4eb2-89fd-e7cd91a10fea.pdf",".pdf",79603,"B","P1","MoHFW / DGHS / SHOC-IDSP eOffice","Strategic Health Operations Centre (SHOC) - IDSP, DGHS","2025","2015–2025","India (National Programme Office)","Administrative Sanction / IDSP Surveillance Operations Memo","NO (Administrative / Legal Provenance)","YES","Primary Government Record","Proves official institutional existence and operational oversight of the SHOC-IDSP surveillance system","Unique government memo","eOffice File No. T-18015/3/70/2015-IDSP(Part)","KEEP","UNSAFE - Official Verification","Validates official administrative hierarchy and operational provenance of IDSP surveillance reporting"
"NCDC weekly outbreaks\IDSP report.pdf","IDSP report.pdf",".pdf",342316,"B","P3","NCDC Official Website (ncdc.mohfw.gov.in)","National Centre for Disease Control","2026","Web Portal Snapshot","India","IDSP Institutional Overview & Objectives","NO (Portal Overview Description)","NO (Available on live NCDC portal)","Secondary Web Printout","Background institutional context for Chapter 1 / 3 of project report","Redundant with live site and other NCDC documents","NCDC portal printout","KEEP FOR NOW","SAFE_WITH_BACKUP","Provides quick citation of official IDSP surveillance mandate and structure"
"NCDC weekly outbreaks\IJCPR,Vol18,Issue2,Article253.pdf","IJCPR,Vol18,Issue2,Article253.pdf",".pdf",425130,"D","P2","International Journal of Current Pharmaceutical Research (IJCPR)","Academic Authors","2026","Recent","India","Infectious Disease Surveillance & Pharmaceutical/Public Health Interventions","YES (Empirical study tables)","YES","Secondary Peer-Reviewed Literature","Literature review reference supporting public health intervention discussions","Unique journal article","IJCPR Vol 18, Issue 2, Article 253","KEEP","SAFE_WITH_BACKUP","Valid published peer-reviewed reference for academic literature review chapter"
"NCDC weekly outbreaks\July 2026_Inf vaccine recommendation (1).pdf","July 2026_Inf vaccine recommendation (1).pdf",".pdf",550907,"D","P2","World Health Organization / MoHFW","WHO / DGHS","2026","2026 Influenza Season","Northern Hemisphere / India","Seasonal Influenza Vaccine Strain Recommendations","YES (Viral strain composition specifications)","YES","Secondary Technical Reference","Biological/epidemiological reference for respiratory seasonal pathogens (H1N1/H3N2) in India","Unique advisory","WHO/DGHS Technical Advisory","KEEP","SAFE_WITH_BACKUP","Provides clinical and seasonal rationale for influenza strain selection in the current 2026 cycle"
"NCDC weekly outbreaks\Manual-Health-Statistics_5june15.pdf","Manual-Health-Statistics_5june15.pdf",".pdf",4395916,"B","P1","Government of India / Central Statistical Office / MoSPI","Ministry of Statistics and Programme Implementation (MoSPI)","2015","Historical & Standardized Guidelines","India (National)","Manual on Health Statistics in India / Epidemiological Reporting Standards","YES (Historical tables, definitions, morbidity reporting standards)","YES","Primary Government Reference Manual","Statistical methodology, indicator definitions, and reporting protocols for Indian public health data","Unique reference manual","CSO, MoSPI, Government of India","KEEP","UNSAFE - Methodological Reference","Definitive government manual establishing how health statistics, disease surveillance, and vital rates are defined and compiled in India"
"NCDC weekly outbreaks\Master Data State, District and Disease-wise Cases and Death reported due to Outbreak of Diseases as per Weekly reports under IDSP.txt","Master Data State, District and Disease-wise Cases and Death reported due to Outbreak of Diseases as per Weekly reports under IDSP.txt",".txt",2933,"B","P1","Dataful.in (Third-party compilation of MoHFW/IDSP data)","Dataful / MoHFW","2026","2009–2026 (Preview shows Week 13, 2026)","India / All States & UTs","IDSP Master Dataset Metadata, Schema & Sample Preview","PARTIAL (Only 10-row preview, not the 35,538-row dataset)","YES (Documents third-party schema and dataset availability)","Secondary Metadata / Preview","Data source documentation, schema reference, and potential acquisition benchmark for full IDSP master compilation","Unique text excerpt","Dataful dataset #18514 (derived from IDSP)","KEEP FOR NOW","SAFE_WITH_BACKUP","Crucial reference for the full 35,538-row compilation, schema mapping, and LGD district coding standards"
"NCDC weekly outbreaks\medip,+IJCMPH-10079+O (1).pdf","medip,+IJCMPH-10079+O (1).pdf",".pdf",497577,"D","P2","International Journal of Community Medicine and Public Health (IJCMPH)","Raj, Soorya, Kumari et al.","2022","2019–2022","Kerala (South India / Western Ghats ecological zone)","Trends and Seasonality of Vector-Borne Diseases (Dengue, Malaria, Chikungunya)","YES (Epidemiological trend tables)","YES","Secondary Peer-Reviewed Literature","Comparative epidemiological literature for monsoon vector-borne disease dynamics","Unique peer-reviewed paper","IJCMPH Oct 2022; 9(10):3701-3709","KEEP","UNSAFE - Key Literature Review Asset","Essential methodological study analyzing seasonal spikes in vector-borne diseases in a monsoonal climate"
"NCDC weekly outbreaks\monsoon disease comparision.png","monsoon disease comparision.png",".png",19993,"F","P4","Generated Chart / Visual Excerpt","Project Team / Third-party","Recent","Monsoon Seasons","India / Regional","Monsoon Disease Comparison Graphic","Visual only","NO","Derived Visual","Visual chart concept","Low-resolution graphic snippet","Unknown visual crop","KEEP FOR NOW","SAFE_TO_DELETE","Small graphic snippet (19 KB); non-primary and easily reproducible once data is compiled"
"NCDC weekly outbreaks\monthly report of the recent years about seasonal disease patterns in india or maharashtra - Google Search.pdf","monthly report of the recent years about seasonal disease patterns in india or maharashtra - Google Search.pdf",".pdf",175382,"H","P5","Browser Print-to-PDF","Google Search","2026","Google Search Snapshot","India / Maharashtra","Printed Google Search Results Page","NO","NO","Browser Printout Artifact","Search history record","Direct print of saved HTML search query","Google search printout","SAFE TO DELETE AFTER APPROVAL","SAFE_TO_DELETE","Browser printout of Google search query; not an official report or research paper"
"NCDC weekly outbreaks\Monthly Trajectory of Major Disease Classes in India.html","Monthly Trajectory of Major Disease Classes in India.html",".html",3407292,"H","P5","Google Search Engine","Google","2026","Search Query Snapshot","India / Maharashtra","Google Search Results Page for ""monthly report of the recent years about seasonal disease patterns in india or maharashtra""","NO (Saved Search Results Webpage)","NO (Live search results)","Web Cache / Browser Artifact","Browser artifact from search exploration","Contains redundant search links matching downloaded PDFs","Google web search","SAFE TO DELETE AFTER APPROVAL","SAFE_TO_DELETE","Full offline HTML save of a Google search results page (3.4 MB); generates 63 clutter cache files"
"NCDC weekly outbreaks\Monthly Trajectory of Major Disease Classes in India_files\app.html","app.html",".html",718558,"H","P5","Google Search Webpage Assets","Google","2026","Browser Cache","N/A","Browser Cache Artifact (JavaScript bundles, CSS, Google Skia images, iframe shims)","NO","NO","Web Cache / Browser Artifact","None (Browser cache)","Browser cache dependency files","Google search page resource folder","SAFE TO DELETE AFTER APPROVAL","SAFE_TO_DELETE","Browser asset folder for saved Google Search HTML; consists entirely of obfuscated scripts and cookies shims"
"NCDC weekly outbreaks\Monthly Trajectory of Major Disease Classes in India_files\faviconV2(2)","faviconV2(2)","",3020,"H","P5","Google Search Webpage Assets","Google","2026","Browser Cache","N/A","Browser Cache Artifact (JavaScript bundles, CSS, Google Skia images, iframe shims)","NO","NO","Web Cache / Browser Artifact","None (Browser cache)","Browser cache dependency files","Google search page resource folder","SAFE TO DELETE AFTER APPROVAL","SAFE_TO_DELETE","Browser asset folder for saved Google Search HTML; consists entirely of obfuscated scripts and cookies shims"
"NCDC weekly outbreaks\Monthly Trajectory of Major Disease Classes in India_files\faviconV2(3)","faviconV2(3)","",1793,"H","P5","Google Search Webpage Assets","Google","2026","Browser Cache","N/A","Browser Cache Artifact (JavaScript bundles, CSS, Google Skia images, iframe shims)","NO","NO","Web Cache / Browser Artifact","None (Browser cache)","Browser cache dependency files","Google search page resource folder","SAFE TO DELETE AFTER APPROVAL","SAFE_TO_DELETE","Browser asset folder for saved Google Search HTML; consists entirely of obfuscated scripts and cookies shims"
"NCDC weekly outbreaks\Monthly Trajectory of Major Disease Classes in India_files\faviconV2(4)","faviconV2(4)","",1401,"H","P5","Google Search Webpage Assets","Google","2026","Browser Cache","N/A","Browser Cache Artifact (JavaScript bundles, CSS, Google Skia images, iframe shims)","NO","NO","Web Cache / Browser Artifact","None (Browser cache)","Browser cache dependency files","Google search page resource folder","SAFE TO DELETE AFTER APPROVAL","SAFE_TO_DELETE","Browser asset folder for saved Google Search HTML; consists entirely of obfuscated scripts and cookies shims"
"NCDC weekly outbreaks\Monthly Trajectory of Major Disease Classes in India_files\faviconV2(5)","faviconV2(5)","",1484,"H","P5","Google Search Webpage Assets","Google","2026","Browser Cache","N/A","Browser Cache Artifact (JavaScript bundles, CSS, Google Skia images, iframe shims)","NO","NO","Web Cache / Browser Artifact","None (Browser cache)","Browser cache dependency files","Google search page resource folder","SAFE TO DELETE AFTER APPROVAL","SAFE_TO_DELETE","Browser asset folder for saved Google Search HTML; consists entirely of obfuscated scripts and cookies shims"
"NCDC weekly outbreaks\Monthly Trajectory of Major Disease Classes in India_files\faviconV2(6)","faviconV2(6)","",1331,"H","P5","Google Search Webpage Assets","Google","2026","Browser Cache","N/A","Browser Cache Artifact (JavaScript bundles, CSS, Google Skia images, iframe shims)","NO","NO","Web Cache / Browser Artifact","None (Browser cache)","Browser cache dependency files","Google search page resource folder","SAFE TO DELETE AFTER APPROVAL","SAFE_TO_DELETE","Browser asset folder for saved Google Search HTML; consists entirely of obfuscated scripts and cookies shims"
"NCDC weekly outbreaks\Monthly Trajectory of Major Disease Classes in India_files\faviconV2(7)","faviconV2(7)","",504,"H","P5","Google Search Webpage Assets","Google","2026","Browser Cache","N/A","Browser Cache Artifact (JavaScript bundles, CSS, Google Skia images, iframe shims)","NO","NO","Web Cache / Browser Artifact","None (Browser cache)","Browser cache dependency files","Google search page resource folder","SAFE TO DELETE AFTER APPROVAL","SAFE_TO_DELETE","Browser asset folder for saved Google Search HTML; consists entirely of obfuscated scripts and cookies shims"
"NCDC weekly outbreaks\Monthly Trajectory of Major Disease Classes in India_files\faviconV2(8)","faviconV2(8)","",1171,"H","P5","Google Search Webpage Assets","Google","2026","Browser Cache","N/A","Browser Cache Artifact (JavaScript bundles, CSS, Google Skia images, iframe shims)","NO","NO","Web Cache / Browser Artifact","None (Browser cache)","Browser cache dependency files","Google search page resource folder","SAFE TO DELETE AFTER APPROVAL","SAFE_TO_DELETE","Browser asset folder for saved Google Search HTML; consists entirely of obfuscated scripts and cookies shims"
"NCDC weekly outbreaks\Monthly Trajectory of Major Disease Classes in India_files\images","images","",6314,"H","P5","Google Search Webpage Assets","Google","2026","Browser Cache","N/A","Browser Cache Artifact (JavaScript bundles, CSS, Google Skia images, iframe shims)","NO","NO","Web Cache / Browser Artifact","None (Browser cache)","Browser cache dependency files","Google search page resource folder","SAFE TO DELETE AFTER APPROVAL","SAFE_TO_DELETE","Browser asset folder for saved Google Search HTML; consists entirely of obfuscated scripts and cookies shims"
"NCDC weekly outbreaks\Monthly Trajectory of Major Disease Classes in India_files\images(1)","images(1)","",9970,"H","P5","Google Search Webpage Assets","Google","2026","Browser Cache","N/A","Browser Cache Artifact (JavaScript bundles, CSS, Google Skia images, iframe shims)","NO","NO","Web Cache / Browser Artifact","None (Browser cache)","Browser cache dependency files","Google search page resource folder","SAFE TO DELETE AFTER APPROVAL","SAFE_TO_DELETE","Browser asset folder for saved Google Search HTML; consists entirely of obfuscated scripts and cookies shims"
"NCDC weekly outbreaks\Monthly Trajectory of Major Disease Classes in India_files\m=a5f0he","m=a5f0he","",3605,"H","P5","Google Search Webpage Assets","Google","2026","Browser Cache","N/A","Browser Cache Artifact (JavaScript bundles, CSS, Google Skia images, iframe shims)","NO","NO","Web Cache / Browser Artifact","None (Browser cache)","Browser cache dependency files","Google search page resource folder","SAFE TO DELETE AFTER APPROVAL","SAFE_TO_DELETE","Browser asset folder for saved Google Search HTML; consists entirely of obfuscated scripts and cookies shims"
"NCDC weekly outbreaks\Monthly Trajectory of Major Disease Classes in India_files\m=AIvLTe","m=AIvLTe","",52344,"H","P5","Google Search Webpage Assets","Google","2026","Browser Cache","N/A","Browser Cache Artifact (JavaScript bundles, CSS, Google Skia images, iframe shims)","NO","NO","Web Cache / Browser Artifact","None (Browser cache)","Browser cache dependency files","Google search page resource folder","SAFE TO DELETE AFTER APPROVAL","SAFE_TO_DELETE","Browser asset folder for saved Google Search HTML; consists entirely of obfuscated scripts and cookies shims"
"NCDC weekly outbreaks\Monthly Trajectory of Major Disease Classes in India_files\m=akSuzb,Zb53Ud","m=akSuzb,Zb53Ud","",2167,"H","P5","Google Search Webpage Assets","Google","2026","Browser Cache","N/A","Browser Cache Artifact (JavaScript bundles, CSS, Google Skia images, iframe shims)","NO","NO","Web Cache / Browser Artifact","None (Browser cache)","Browser cache dependency files","Google search page resource folder","SAFE TO DELETE AFTER APPROVAL","SAFE_TO_DELETE","Browser asset folder for saved Google Search HTML; consists entirely of obfuscated scripts and cookies shims"
"NCDC weekly outbreaks\Monthly Trajectory of Major Disease Classes in India_files\m=aNJZAb","m=aNJZAb","",439,"H","P5","Google Search Webpage Assets","Google","2026","Browser Cache","N/A","Browser Cache Artifact (JavaScript bundles, CSS, Google Skia images, iframe shims)","NO","NO","Web Cache / Browser Artifact","None (Browser cache)","Browser cache dependency files","Google search page resource folder","SAFE TO DELETE AFTER APPROVAL","SAFE_TO_DELETE","Browser asset folder for saved Google Search HTML; consists entirely of obfuscated scripts and cookies shims"
"NCDC weekly outbreaks\Monthly Trajectory of Major Disease Classes in India_files\m=attn,gwc,hsm,jsa,cEt90b,SNUn3,qddgKe,sTsDMc,dtl0hd,eHDfl,YV5bee,d,csi","m=attn,gwc,hsm,jsa,cEt90b,SNUn3,qddgKe,sTsDMc,dtl0hd,eHDfl,YV5bee,d,csi","",0,"H","P5","Google Search Webpage Assets","Google","2026","Browser Cache","N/A","Browser Cache Artifact (JavaScript bundles, CSS, Google Skia images, iframe shims)","NO","NO","Web Cache / Browser Artifact","None (Browser cache)","Browser cache dependency files","Google search page resource folder","SAFE TO DELETE AFTER APPROVAL","SAFE_TO_DELETE","Browser asset folder for saved Google Search HTML; consists entirely of obfuscated scripts and cookies shims"
"NCDC weekly outbreaks\Monthly Trajectory of Major Disease Classes in India_files\m=attn,gwc,hsm,jsa,cEt90b,SNUn3,qddgKe,sTsDMc,dtl0hd,eHDfl,YV5bee,d,csi(1)","m=attn,gwc,hsm,jsa,cEt90b,SNUn3,qddgKe,sTsDMc,dtl0hd,eHDfl,YV5bee,d,csi(1)","",1009647,"H","P5","Google Search Webpage Assets","Google","2026","Browser Cache","N/A","Browser Cache Artifact (JavaScript bundles, CSS, Google Skia images, iframe shims)","NO","NO","Web Cache / Browser Artifact","None (Browser cache)","Browser cache dependency files","Google search page resource folder","SAFE TO DELETE AFTER APPROVAL","SAFE_TO_DELETE","Browser asset folder for saved Google Search HTML; consists entirely of obfuscated scripts and cookies shims"
"NCDC weekly outbreaks\Monthly Trajectory of Major Disease Classes in India_files\m=b,dpf","m=b,dpf","",2704641,"H","P5","Google Search Webpage Assets","Google","2026","Browser Cache","N/A","Browser Cache Artifact (JavaScript bundles, CSS, Google Skia images, iframe shims)","NO","NO","Web Cache / Browser Artifact","None (Browser cache)","Browser cache dependency files","Google search page resource folder","SAFE TO DELETE AFTER APPROVAL","SAFE_TO_DELETE","Browser asset folder for saved Google Search HTML; consists entirely of obfuscated scripts and cookies shims"
"NCDC weekly outbreaks\Monthly Trajectory of Major Disease Classes in India_files\m=B6N5Ae","m=B6N5Ae","",2967,"H","P5","Google Search Webpage Assets","Google","2026","Browser Cache","N/A","Browser Cache Artifact (JavaScript bundles, CSS, Google Skia images, iframe shims)","NO","NO","Web Cache / Browser Artifact","None (Browser cache)","Browser cache dependency files","Google search page resource folder","SAFE TO DELETE AFTER APPROVAL","SAFE_TO_DELETE","Browser asset folder for saved Google Search HTML; consists entirely of obfuscated scripts and cookies shims"
"NCDC weekly outbreaks\Monthly Trajectory of Major Disease Classes in India_files\m=d6FVZd,yb08jf,sy3w4,wVv2xf,BJ46o,sy69t,sy69s,qCgt4c","m=d6FVZd,yb08jf,sy3w4,wVv2xf,BJ46o,sy69t,sy69s,qCgt4c","",22129,"H","P5","Google Search Webpage Assets","Google","2026","Browser Cache","N/A","Browser Cache Artifact (JavaScript bundles, CSS, Google Skia images, iframe shims)","NO","NO","Web Cache / Browser Artifact","None (Browser cache)","Browser cache dependency files","Google search page resource folder","SAFE TO DELETE AFTER APPROVAL","SAFE_TO_DELETE","Browser asset folder for saved Google Search HTML; consists entirely of obfuscated scripts and cookies shims"
"NCDC weekly outbreaks\Monthly Trajectory of Major Disease Classes in India_files\m=gSA12c","m=gSA12c","",15013,"H","P5","Google Search Webpage Assets","Google","2026","Browser Cache","N/A","Browser Cache Artifact (JavaScript bundles, CSS, Google Skia images, iframe shims)","NO","NO","Web Cache / Browser Artifact","None (Browser cache)","Browser cache dependency files","Google search page resource folder","SAFE TO DELETE AFTER APPROVAL","SAFE_TO_DELETE","Browser asset folder for saved Google Search HTML; consists entirely of obfuscated scripts and cookies shims"
"NCDC weekly outbreaks\Monthly Trajectory of Major Disease Classes in India_files\m=hfcr","m=hfcr","",10627,"H","P5","Google Search Webpage Assets","Google","2026","Browser Cache","N/A","Browser Cache Artifact (JavaScript bundles, CSS, Google Skia images, iframe shims)","NO","NO","Web Cache / Browser Artifact","None (Browser cache)","Browser cache dependency files","Google search page resource folder","SAFE TO DELETE AFTER APPROVAL","SAFE_TO_DELETE","Browser asset folder for saved Google Search HTML; consists entirely of obfuscated scripts and cookies shims"
"NCDC weekly outbreaks\Monthly Trajectory of Major Disease Classes in India_files\m=ipDJ1,qdHsJf,u3Km8d,OZcXHe,bp6ZCb,Pf2Ogd,TXNvVc,yl8L5c,pUsoE,CAwPlc,LqPFqc,TB3Kme,Qv2YAd,Zdw5w,nfCumd,XqmSxe,UTzWVc,v6N5Sc,kbUand,","m=ipDJ1,qdHsJf,u3Km8d,OZcXHe,bp6ZCb,Pf2Ogd,TXNvVc,yl8L5c,pUsoE,CAwPlc,LqPFqc,TB3Kme,Qv2YAd,Zdw5w,nfCumd,XqmSxe,UTzWVc,v6N5Sc,kbUand,","",176244,"H","P5","Google Search Webpage Assets","Google","2026","Browser Cache","N/A","Browser Cache Artifact (JavaScript bundles, CSS, Google Skia images, iframe shims)","NO","NO","Web Cache / Browser Artifact","None (Browser cache)","Browser cache dependency files","Google search page resource folder","SAFE TO DELETE AFTER APPROVAL","SAFE_TO_DELETE","Browser asset folder for saved Google Search HTML; consists entirely of obfuscated scripts and cookies shims"
"NCDC weekly outbreaks\Monthly Trajectory of Major Disease Classes in India_files\m=Iyfm0","m=Iyfm0","",1188,"H","P5","Google Search Webpage Assets","Google","2026","Browser Cache","N/A","Browser Cache Artifact (JavaScript bundles, CSS, Google Skia images, iframe shims)","NO","NO","Web Cache / Browser Artifact","None (Browser cache)","Browser cache dependency files","Google search page resource folder","SAFE TO DELETE AFTER APPROVAL","SAFE_TO_DELETE","Browser asset folder for saved Google Search HTML; consists entirely of obfuscated scripts and cookies shims"
"NCDC weekly outbreaks\Monthly Trajectory of Major Disease Classes in India_files\m=JKPgvc","m=JKPgvc","",782885,"H","P5","Google Search Webpage Assets","Google","2026","Browser Cache","N/A","Browser Cache Artifact (JavaScript bundles, CSS, Google Skia images, iframe shims)","NO","NO","Web Cache / Browser Artifact","None (Browser cache)","Browser cache dependency files","Google search page resource folder","SAFE TO DELETE AFTER APPROVAL","SAFE_TO_DELETE","Browser asset folder for saved Google Search HTML; consists entirely of obfuscated scripts and cookies shims"
"NCDC weekly outbreaks\Monthly Trajectory of Major Disease Classes in India_files\m=KEp6jb","m=KEp6jb","",790,"H","P5","Google Search Webpage Assets","Google","2026","Browser Cache","N/A","Browser Cache Artifact (JavaScript bundles, CSS, Google Skia images, iframe shims)","NO","NO","Web Cache / Browser Artifact","None (Browser cache)","Browser cache dependency files","Google search page resource folder","SAFE TO DELETE AFTER APPROVAL","SAFE_TO_DELETE","Browser asset folder for saved Google Search HTML; consists entirely of obfuscated scripts and cookies shims"
"NCDC weekly outbreaks\Monthly Trajectory of Major Disease Classes in India_files\m=kF2o2b,liAz7d,sy3kq,sy3ku,sy3kr,sy3gl,sy3ks,sy3l4,pnOULd","m=kF2o2b,liAz7d,sy3kq,sy3ku,sy3kr,sy3gl,sy3ks,sy3l4,pnOULd","",4068,"H","P5","Google Search Webpage Assets","Google","2026","Browser Cache","N/A","Browser Cache Artifact (JavaScript bundles, CSS, Google Skia images, iframe shims)","NO","NO","Web Cache / Browser Artifact","None (Browser cache)","Browser cache dependency files","Google search page resource folder","SAFE TO DELETE AFTER APPROVAL","SAFE_TO_DELETE","Browser asset folder for saved Google Search HTML; consists entirely of obfuscated scripts and cookies shims"
"NCDC weekly outbreaks\Monthly Trajectory of Major Disease Classes in India_files\m=KH0UQd","m=KH0UQd","",36101,"H","P5","Google Search Webpage Assets","Google","2026","Browser Cache","N/A","Browser Cache Artifact (JavaScript bundles, CSS, Google Skia images, iframe shims)","NO","NO","Web Cache / Browser Artifact","None (Browser cache)","Browser cache dependency files","Google search page resource folder","SAFE TO DELETE AFTER APPROVAL","SAFE_TO_DELETE","Browser asset folder for saved Google Search HTML; consists entirely of obfuscated scripts and cookies shims"
"NCDC weekly outbreaks\Monthly Trajectory of Major Disease Classes in India_files\m=KMhGd","m=KMhGd","",12289,"H","P5","Google Search Webpage Assets","Google","2026","Browser Cache","N/A","Browser Cache Artifact (JavaScript bundles, CSS, Google Skia images, iframe shims)","NO","NO","Web Cache / Browser Artifact","None (Browser cache)","Browser cache dependency files","Google search page resource folder","SAFE TO DELETE AFTER APPROVAL","SAFE_TO_DELETE","Browser asset folder for saved Google Search HTML; consists entirely of obfuscated scripts and cookies shims"
"NCDC weekly outbreaks\Monthly Trajectory of Major Disease Classes in India_files\m=LkYPVc","m=LkYPVc","",560,"H","P5","Google Search Webpage Assets","Google","2026","Browser Cache","N/A","Browser Cache Artifact (JavaScript bundles, CSS, Google Skia images, iframe shims)","NO","NO","Web Cache / Browser Artifact","None (Browser cache)","Browser cache dependency files","Google search page resource folder","SAFE TO DELETE AFTER APPROVAL","SAFE_TO_DELETE","Browser asset folder for saved Google Search HTML; consists entirely of obfuscated scripts and cookies shims"
"NCDC weekly outbreaks\Monthly Trajectory of Major Disease Classes in India_files\m=lOO0Vd,syae,P6sQOc","m=lOO0Vd,syae,P6sQOc","",1991,"H","P5","Google Search Webpage Assets","Google","2026","Browser Cache","N/A","Browser Cache Artifact (JavaScript bundles, CSS, Google Skia images, iframe shims)","NO","NO","Web Cache / Browser Artifact","None (Browser cache)","Browser cache dependency files","Google search page resource folder","SAFE TO DELETE AFTER APPROVAL","SAFE_TO_DELETE","Browser asset folder for saved Google Search HTML; consists entirely of obfuscated scripts and cookies shims"
"NCDC weekly outbreaks\Monthly Trajectory of Major Disease Classes in India_files\m=oG0qee,nMfLA,O19q8,UMk45c,bplExb,xMHx5e,o7oVhd,R6UkWb,tW711b,UX8qee,tDA9G,dMJ4he,sy5lx,syrt,sypx,sypz,syo7,syo5,syo8,sy4xr,sy4xn,s","m=oG0qee,nMfLA,O19q8,UMk45c,bplExb,xMHx5e,o7oVhd,R6UkWb,tW711b,UX8qee,tDA9G,dMJ4he,sy5lx,syrt,sypx,sypz,syo7,syo5,syo8,sy4xr,sy4xn,s","",250975,"H","P5","Google Search Webpage Assets","Google","2026","Browser Cache","N/A","Browser Cache Artifact (JavaScript bundles, CSS, Google Skia images, iframe shims)","NO","NO","Web Cache / Browser Artifact","None (Browser cache)","Browser cache dependency files","Google search page resource folder","SAFE TO DELETE AFTER APPROVAL","SAFE_TO_DELETE","Browser asset folder for saved Google Search HTML; consists entirely of obfuscated scripts and cookies shims"
"NCDC weekly outbreaks\Monthly Trajectory of Major Disease Classes in India_files\m=Oh6VO","m=Oh6VO","",2841,"H","P5","Google Search Webpage Assets","Google","2026","Browser Cache","N/A","Browser Cache Artifact (JavaScript bundles, CSS, Google Skia images, iframe shims)","NO","NO","Web Cache / Browser Artifact","None (Browser cache)","Browser cache dependency files","Google search page resource folder","SAFE TO DELETE AFTER APPROVAL","SAFE_TO_DELETE","Browser asset folder for saved Google Search HTML; consists entirely of obfuscated scripts and cookies shims"
"NCDC weekly outbreaks\Monthly Trajectory of Major Disease Classes in India_files\m=p3hmRc,synk,synj,pNBFbe","m=p3hmRc,synk,synj,pNBFbe","",8267,"H","P5","Google Search Webpage Assets","Google","2026","Browser Cache","N/A","Browser Cache Artifact (JavaScript bundles, CSS, Google Skia images, iframe shims)","NO","NO","Web Cache / Browser Artifact","None (Browser cache)","Browser cache dependency files","Google search page resource folder","SAFE TO DELETE AFTER APPROVAL","SAFE_TO_DELETE","Browser asset folder for saved Google Search HTML; consists entirely of obfuscated scripts and cookies shims"
"NCDC weekly outbreaks\Monthly Trajectory of Major Disease Classes in India_files\m=P6sQOc","m=P6sQOc","",1876,"H","P5","Google Search Webpage Assets","Google","2026","Browser Cache","N/A","Browser Cache Artifact (JavaScript bundles, CSS, Google Skia images, iframe shims)","NO","NO","Web Cache / Browser Artifact","None (Browser cache)","Browser cache dependency files","Google search page resource folder","SAFE TO DELETE AFTER APPROVAL","SAFE_TO_DELETE","Browser asset folder for saved Google Search HTML; consists entirely of obfuscated scripts and cookies shims"
"NCDC weekly outbreaks\Monthly Trajectory of Major Disease Classes in India_files\m=pRMv2d","m=pRMv2d","",1267,"H","P5","Google Search Webpage Assets","Google","2026","Browser Cache","N/A","Browser Cache Artifact (JavaScript bundles, CSS, Google Skia images, iframe shims)","NO","NO","Web Cache / Browser Artifact","None (Browser cache)","Browser cache dependency files","Google search page resource folder","SAFE TO DELETE AFTER APPROVAL","SAFE_TO_DELETE","Browser asset folder for saved Google Search HTML; consists entirely of obfuscated scripts and cookies shims"
"NCDC weekly outbreaks\Monthly Trajectory of Major Disease Classes in India_files\m=Qdu94e","m=Qdu94e","",604,"H","P5","Google Search Webpage Assets","Google","2026","Browser Cache","N/A","Browser Cache Artifact (JavaScript bundles, CSS, Google Skia images, iframe shims)","NO","NO","Web Cache / Browser Artifact","None (Browser cache)","Browser cache dependency files","Google search page resource folder","SAFE TO DELETE AFTER APPROVAL","SAFE_TO_DELETE","Browser asset folder for saved Google Search HTML; consists entirely of obfuscated scripts and cookies shims"
"NCDC weekly outbreaks\Monthly Trajectory of Major Disease Classes in India_files\m=QU9BMd","m=QU9BMd","",1155,"H","P5","Google Search Webpage Assets","Google","2026","Browser Cache","N/A","Browser Cache Artifact (JavaScript bundles, CSS, Google Skia images, iframe shims)","NO","NO","Web Cache / Browser Artifact","None (Browser cache)","Browser cache dependency files","Google search page resource folder","SAFE TO DELETE AFTER APPROVAL","SAFE_TO_DELETE","Browser asset folder for saved Google Search HTML; consists entirely of obfuscated scripts and cookies shims"
"NCDC weekly outbreaks\Monthly Trajectory of Major Disease Classes in India_files\m=r3gopb","m=r3gopb","",461,"H","P5","Google Search Webpage Assets","Google","2026","Browser Cache","N/A","Browser Cache Artifact (JavaScript bundles, CSS, Google Skia images, iframe shims)","NO","NO","Web Cache / Browser Artifact","None (Browser cache)","Browser cache dependency files","Google search page resource folder","SAFE TO DELETE AFTER APPROVAL","SAFE_TO_DELETE","Browser asset folder for saved Google Search HTML; consists entirely of obfuscated scripts and cookies shims"
"NCDC weekly outbreaks\Monthly Trajectory of Major Disease Classes in India_files\m=RagDlc","m=RagDlc","",179,"H","P5","Google Search Webpage Assets","Google","2026","Browser Cache","N/A","Browser Cache Artifact (JavaScript bundles, CSS, Google Skia images, iframe shims)","NO","NO","Web Cache / Browser Artifact","None (Browser cache)","Browser cache dependency files","Google search page resource folder","SAFE TO DELETE AFTER APPROVAL","SAFE_TO_DELETE","Browser asset folder for saved Google Search HTML; consists entirely of obfuscated scripts and cookies shims"
"NCDC weekly outbreaks\Monthly Trajectory of Major Disease Classes in India_files\m=sg","m=sg","",5524,"H","P5","Google Search Webpage Assets","Google","2026","Browser Cache","N/A","Browser Cache Artifact (JavaScript bundles, CSS, Google Skia images, iframe shims)","NO","NO","Web Cache / Browser Artifact","None (Browser cache)","Browser cache dependency files","Google search page resource folder","SAFE TO DELETE AFTER APPROVAL","SAFE_TO_DELETE","Browser asset folder for saved Google Search HTML; consists entirely of obfuscated scripts and cookies shims"
"NCDC weekly outbreaks\Monthly Trajectory of Major Disease Classes in India_files\m=sNsSob","m=sNsSob","",700,"H","P5","Google Search Webpage Assets","Google","2026","Browser Cache","N/A","Browser Cache Artifact (JavaScript bundles, CSS, Google Skia images, iframe shims)","NO","NO","Web Cache / Browser Artifact","None (Browser cache)","Browser cache dependency files","Google search page resource folder","SAFE TO DELETE AFTER APPROVAL","SAFE_TO_DELETE","Browser asset folder for saved Google Search HTML; consists entirely of obfuscated scripts and cookies shims"
"NCDC weekly outbreaks\Monthly Trajectory of Major Disease Classes in India_files\m=sy177,sy1iu,Vr0P3e,sy67u,sy5d0,sy5dw,sy5e0,sy4ox,sy45f,sy4by,sy3ja,sy2xm,sy1go,IoYcEc,sy67v,im9xIe,VEbNoe","m=sy177,sy1iu,Vr0P3e,sy67u,sy5d0,sy5dw,sy5e0,sy4ox,sy45f,sy4by,sy3ja,sy2xm,sy1go,IoYcEc,sy67v,im9xIe,VEbNoe","",73686,"H","P5","Google Search Webpage Assets","Google","2026","Browser Cache","N/A","Browser Cache Artifact (JavaScript bundles, CSS, Google Skia images, iframe shims)","NO","NO","Web Cache / Browser Artifact","None (Browser cache)","Browser cache dependency files","Google search page resource folder","SAFE TO DELETE AFTER APPROVAL","SAFE_TO_DELETE","Browser asset folder for saved Google Search HTML; consists entirely of obfuscated scripts and cookies shims"
"NCDC weekly outbreaks\Monthly Trajectory of Major Disease Classes in India_files\m=sy2d2,sy3w1,sy846,sy845,sy6ze,sy6tm,sy6ti,sy6tg,sy6sh,sy6rl,sy6q8,sy6hp,sy6dc,sy6an,sy6a4,sy69n,sy69m,sy699,sy68f,sy68d,sy68c,sy67","m=sy2d2,sy3w1,sy846,sy845,sy6ze,sy6tm,sy6ti,sy6tg,sy6sh,sy6rl,sy6q8,sy6hp,sy6dc,sy6an,sy6a4,sy69n,sy69m,sy699,sy68f,sy68d,sy68c,sy67","",206960,"H","P5","Google Search Webpage Assets","Google","2026","Browser Cache","N/A","Browser Cache Artifact (JavaScript bundles, CSS, Google Skia images, iframe shims)","NO","NO","Web Cache / Browser Artifact","None (Browser cache)","Browser cache dependency files","Google search page resource folder","SAFE TO DELETE AFTER APPROVAL","SAFE_TO_DELETE","Browser asset folder for saved Google Search HTML; consists entirely of obfuscated scripts and cookies shims"
"NCDC weekly outbreaks\Monthly Trajectory of Major Disease Classes in India_files\m=sy2eq,sy7fn,sy673,zLjACb,syay,syax,YNjGDd,syau,IZT63,YYmHzb,PrPYRd,sy16z,sy1hp,sy1ho,syb3,sy1hn,sy1gv,sy1aj,sy17s,sy17q,sygs,sygd,","m=sy2eq,sy7fn,sy673,zLjACb,syay,syax,YNjGDd,syau,IZT63,YYmHzb,PrPYRd,sy16z,sy1hp,sy1ho,syb3,sy1hn,sy1gv,sy1aj,sy17s,sy17q,sygs,sygd,","",21379,"H","P5","Google Search Webpage Assets","Google","2026","Browser Cache","N/A","Browser Cache Artifact (JavaScript bundles, CSS, Google Skia images, iframe shims)","NO","NO","Web Cache / Browser Artifact","None (Browser cache)","Browser cache dependency files","Google search page resource folder","SAFE TO DELETE AFTER APPROVAL","SAFE_TO_DELETE","Browser asset folder for saved Google Search HTML; consists entirely of obfuscated scripts and cookies shims"
"NCDC weekly outbreaks\Monthly Trajectory of Major Disease Classes in India_files\m=sy4mj,sy7ia,sy7cu,sy6rh,zouQy,sy155,eX5ure,HSKe6b,sy5mw,Cmfgk,sy8gj,sy68g,zGLm3b","m=sy4mj,sy7ia,sy7cu,sy6rh,zouQy,sy155,eX5ure,HSKe6b,sy5mw,Cmfgk,sy8gj,sy68g,zGLm3b","",11071,"H","P5","Google Search Webpage Assets","Google","2026","Browser Cache","N/A","Browser Cache Artifact (JavaScript bundles, CSS, Google Skia images, iframe shims)","NO","NO","Web Cache / Browser Artifact","None (Browser cache)","Browser cache dependency files","Google search page resource folder","SAFE TO DELETE AFTER APPROVAL","SAFE_TO_DELETE","Browser asset folder for saved Google Search HTML; consists entirely of obfuscated scripts and cookies shims"
"NCDC weekly outbreaks\Monthly Trajectory of Major Disease Classes in India_files\m=sy682,T5VV,sy55u,aDVF7,sy15p,sy7jv,sy68m,rhYw1b,SMquOb,sy29f,sy29d,sy29e,sy160,d5EhJe,sy3j7,fCxEDd,sy1yi,sy3j6,sy3j5,sy3j4,sy3j3,s","m=sy682,T5VV,sy55u,aDVF7,sy15p,sy7jv,sy68m,rhYw1b,SMquOb,sy29f,sy29d,sy29e,sy160,d5EhJe,sy3j7,fCxEDd,sy1yi,sy3j6,sy3j5,sy3j4,sy3j3,s","",329700,"H","P5","Google Search Webpage Assets","Google","2026","Browser Cache","N/A","Browser Cache Artifact (JavaScript bundles, CSS, Google Skia images, iframe shims)","NO","NO","Web Cache / Browser Artifact","None (Browser cache)","Browser cache dependency files","Google search page resource folder","SAFE TO DELETE AFTER APPROVAL","SAFE_TO_DELETE","Browser asset folder for saved Google Search HTML; consists entirely of obfuscated scripts and cookies shims"
"NCDC weekly outbreaks\Monthly Trajectory of Major Disease Classes in India_files\m=sy7gk,PQ2Aoe","m=sy7gk,PQ2Aoe","",7133,"H","P5","Google Search Webpage Assets","Google","2026","Browser Cache","N/A","Browser Cache Artifact (JavaScript bundles, CSS, Google Skia images, iframe shims)","NO","NO","Web Cache / Browser Artifact","None (Browser cache)","Browser cache dependency files","Google search page resource folder","SAFE TO DELETE AFTER APPROVAL","SAFE_TO_DELETE","Browser asset folder for saved Google Search HTML; consists entirely of obfuscated scripts and cookies shims"
"NCDC weekly outbreaks\Monthly Trajectory of Major Disease Classes in India_files\m=syl4,syl2,syjk,sykc,syka,syk9,syk8,sya0,sy9y,sy9v,sy9z,syjw,sykb,syk7,syet,syk5,syjy,syfy,sykp,syk6,sykg,sykh,syk3,syk2,syk1,syko,","m=syl4,syl2,syjk,sykc,syka,syk9,syk8,sya0,sy9y,sy9v,sy9z,syjw,sykb,syk7,syet,syk5,syjy,syfy,sykp,syk6,sykg,sykh,syk3,syk2,syk1,syko,","",241791,"H","P5","Google Search Webpage Assets","Google","2026","Browser Cache","N/A","Browser Cache Artifact (JavaScript bundles, CSS, Google Skia images, iframe shims)","NO","NO","Web Cache / Browser Artifact","None (Browser cache)","Browser cache dependency files","Google search page resource folder","SAFE TO DELETE AFTER APPROVAL","SAFE_TO_DELETE","Browser asset folder for saved Google Search HTML; consists entirely of obfuscated scripts and cookies shims"
"NCDC weekly outbreaks\Monthly Trajectory of Major Disease Classes in India_files\m=Vm4Ogc","m=Vm4Ogc","",3288,"H","P5","Google Search Webpage Assets","Google","2026","Browser Cache","N/A","Browser Cache Artifact (JavaScript bundles, CSS, Google Skia images, iframe shims)","NO","NO","Web Cache / Browser Artifact","None (Browser cache)","Browser cache dependency files","Google search page resource folder","SAFE TO DELETE AFTER APPROVAL","SAFE_TO_DELETE","Browser asset folder for saved Google Search HTML; consists entirely of obfuscated scripts and cookies shims"
"NCDC weekly outbreaks\Monthly Trajectory of Major Disease Classes in India_files\m=WiBFy","m=WiBFy","",67682,"H","P5","Google Search Webpage Assets","Google","2026","Browser Cache","N/A","Browser Cache Artifact (JavaScript bundles, CSS, Google Skia images, iframe shims)","NO","NO","Web Cache / Browser Artifact","None (Browser cache)","Browser cache dependency files","Google search page resource folder","SAFE TO DELETE AFTER APPROVAL","SAFE_TO_DELETE","Browser asset folder for saved Google Search HTML; consists entirely of obfuscated scripts and cookies shims"
"NCDC weekly outbreaks\Monthly Trajectory of Major Disease Classes in India_files\m=X1kBmd","m=X1kBmd","",944,"H","P5","Google Search Webpage Assets","Google","2026","Browser Cache","N/A","Browser Cache Artifact (JavaScript bundles, CSS, Google Skia images, iframe shims)","NO","NO","Web Cache / Browser Artifact","None (Browser cache)","Browser cache dependency files","Google search page resource folder","SAFE TO DELETE AFTER APPROVAL","SAFE_TO_DELETE","Browser asset folder for saved Google Search HTML; consists entirely of obfuscated scripts and cookies shims"
"NCDC weekly outbreaks\Monthly Trajectory of Major Disease Classes in India_files\m=xOTwoc","m=xOTwoc","",3282,"H","P5","Google Search Webpage Assets","Google","2026","Browser Cache","N/A","Browser Cache Artifact (JavaScript bundles, CSS, Google Skia images, iframe shims)","NO","NO","Web Cache / Browser Artifact","None (Browser cache)","Browser cache dependency files","Google search page resource folder","SAFE TO DELETE AFTER APPROVAL","SAFE_TO_DELETE","Browser asset folder for saved Google Search HTML; consists entirely of obfuscated scripts and cookies shims"
"NCDC weekly outbreaks\Monthly Trajectory of Major Disease Classes in India_files\m=XWsOs,dygqY","m=XWsOs,dygqY","",4359,"H","P5","Google Search Webpage Assets","Google","2026","Browser Cache","N/A","Browser Cache Artifact (JavaScript bundles, CSS, Google Skia images, iframe shims)","NO","NO","Web Cache / Browser Artifact","None (Browser cache)","Browser cache dependency files","Google search page resource folder","SAFE TO DELETE AFTER APPROVAL","SAFE_TO_DELETE","Browser asset folder for saved Google Search HTML; consists entirely of obfuscated scripts and cookies shims"
"NCDC weekly outbreaks\Monthly Trajectory of Major Disease Classes in India_files\m=zdjzzd,El6tte","m=zdjzzd,El6tte","",3144,"H","P5","Google Search Webpage Assets","Google","2026","Browser Cache","N/A","Browser Cache Artifact (JavaScript bundles, CSS, Google Skia images, iframe shims)","NO","NO","Web Cache / Browser Artifact","None (Browser cache)","Browser cache dependency files","Google search page resource folder","SAFE TO DELETE AFTER APPROVAL","SAFE_TO_DELETE","Browser asset folder for saved Google Search HTML; consists entirely of obfuscated scripts and cookies shims"
"NCDC weekly outbreaks\Monthly Trajectory of Major Disease Classes in India_files\m=zOvrRc,ZA09ef,uUCgYd,h6yBLd,bJ5zY,MAxPne,D4EaV,v48bt,j7xZu,zp3Dsd,z34MU,Aoijq,TDBkbc,IyE5S,gHKH2d,tP2kf,gWGJ0d,a7qCn,Liu6s,PnN4Le,","m=zOvrRc,ZA09ef,uUCgYd,h6yBLd,bJ5zY,MAxPne,D4EaV,v48bt,j7xZu,zp3Dsd,z34MU,Aoijq,TDBkbc,IyE5S,gHKH2d,tP2kf,gWGJ0d,a7qCn,Liu6s,PnN4Le,","",66747,"H","P5","Google Search Webpage Assets","Google","2026","Browser Cache","N/A","Browser Cache Artifact (JavaScript bundles, CSS, Google Skia images, iframe shims)","NO","NO","Web Cache / Browser Artifact","None (Browser cache)","Browser cache dependency files","Google search page resource folder","SAFE TO DELETE AFTER APPROVAL","SAFE_TO_DELETE","Browser asset folder for saved Google Search HTML; consists entirely of obfuscated scripts and cookies shims"
"NCDC weekly outbreaks\Monthly Trajectory of Major Disease Classes in India_files\m=_b,_tp","m=_b,_tp","",225224,"H","P5","Google Search Webpage Assets","Google","2026","Browser Cache","N/A","Browser Cache Artifact (JavaScript bundles, CSS, Google Skia images, iframe shims)","NO","NO","Web Cache / Browser Artifact","None (Browser cache)","Browser cache dependency files","Google search page resource folder","SAFE TO DELETE AFTER APPROVAL","SAFE_TO_DELETE","Browser asset folder for saved Google Search HTML; consists entirely of obfuscated scripts and cookies shims"
"NCDC weekly outbreaks\Monthly Trajectory of Major Disease Classes in India_files\RotateCookiesPage.html","RotateCookiesPage.html",".html",571658,"H","P5","Google Search Webpage Assets","Google","2026","Browser Cache","N/A","Browser Cache Artifact (JavaScript bundles, CSS, Google Skia images, iframe shims)","NO","NO","Web Cache / Browser Artifact","None (Browser cache)","Browser cache dependency files","Google search page resource folder","SAFE TO DELETE AFTER APPROVAL","SAFE_TO_DELETE","Browser asset folder for saved Google Search HTML; consists entirely of obfuscated scripts and cookies shims"
"NCDC weekly outbreaks\Monthly Trajectory of Major Disease Classes in India_files\rs=AA2YrTs8gbyCCJLiqdTVQgamLKyE7-tmqA","rs=AA2YrTs8gbyCCJLiqdTVQgamLKyE7-tmqA","",8196,"H","P5","Google Search Webpage Assets","Google","2026","Browser Cache","N/A","Browser Cache Artifact (JavaScript bundles, CSS, Google Skia images, iframe shims)","NO","NO","Web Cache / Browser Artifact","None (Browser cache)","Browser cache dependency files","Google search page resource folder","SAFE TO DELETE AFTER APPROVAL","SAFE_TO_DELETE","Browser asset folder for saved Google Search HTML; consists entirely of obfuscated scripts and cookies shims"
"NCDC weekly outbreaks\Monthly Trajectory of Major Disease Classes in India_files\rs=AA2YrTshlUm-roeZQlko2QnKjmuYUGxFAA","rs=AA2YrTshlUm-roeZQlko2QnKjmuYUGxFAA","",250361,"H","P5","Google Search Webpage Assets","Google","2026","Browser Cache","N/A","Browser Cache Artifact (JavaScript bundles, CSS, Google Skia images, iframe shims)","NO","NO","Web Cache / Browser Artifact","None (Browser cache)","Browser cache dependency files","Google search page resource folder","SAFE TO DELETE AFTER APPROVAL","SAFE_TO_DELETE","Browser asset folder for saved Google Search HTML; consists entirely of obfuscated scripts and cookies shims"
"NCDC weekly outbreaks\Monthly Trajectory of Major Disease Classes in India_files\shim(1).html","shim(1).html",".html",19559,"H","P5","Google Search Webpage Assets","Google","2026","Browser Cache","N/A","Browser Cache Artifact (JavaScript bundles, CSS, Google Skia images, iframe shims)","NO","NO","Web Cache / Browser Artifact","None (Browser cache)","Browser cache dependency files","Google search page resource folder","SAFE TO DELETE AFTER APPROVAL","SAFE_TO_DELETE","Browser asset folder for saved Google Search HTML; consists entirely of obfuscated scripts and cookies shims"
"NCDC weekly outbreaks\Monthly Trajectory of Major Disease Classes in India_files\shim(2).html","shim(2).html",".html",81378,"H","P5","Google Search Webpage Assets","Google","2026","Browser Cache","N/A","Browser Cache Artifact (JavaScript bundles, CSS, Google Skia images, iframe shims)","NO","NO","Web Cache / Browser Artifact","None (Browser cache)","Browser cache dependency files","Google search page resource folder","SAFE TO DELETE AFTER APPROVAL","SAFE_TO_DELETE","Browser asset folder for saved Google Search HTML; consists entirely of obfuscated scripts and cookies shims"
"NCDC weekly outbreaks\Monthly Trajectory of Major Disease Classes in India_files\shim.html","shim.html",".html",19764,"H","P5","Google Search Webpage Assets","Google","2026","Browser Cache","N/A","Browser Cache Artifact (JavaScript bundles, CSS, Google Skia images, iframe shims)","NO","NO","Web Cache / Browser Artifact","None (Browser cache)","Browser cache dependency files","Google search page resource folder","SAFE TO DELETE AFTER APPROVAL","SAFE_TO_DELETE","Browser asset folder for saved Google Search HTML; consists entirely of obfuscated scripts and cookies shims"
"NCDC weekly outbreaks\Monthly Trajectory of Major Disease Classes in India_files\unnamed.jpg","unnamed.jpg",".jpg",1236,"H","P5","Google Search Webpage Assets","Google","2026","Browser Cache","N/A","Browser Cache Artifact (JavaScript bundles, CSS, Google Skia images, iframe shims)","NO","NO","Web Cache / Browser Artifact","None (Browser cache)","Browser cache dependency files","Google search page resource folder","SAFE TO DELETE AFTER APPROVAL","SAFE_TO_DELETE","Browser asset folder for saved Google Search HTML; consists entirely of obfuscated scripts and cookies shims"
"NCDC weekly outbreaks\NCDC Report.jpeg","NCDC Report.jpeg",".jpeg",1944857,"B","P3","NCDC Official Website","MoHFW / NCDC","2026","Website Header Snapshot","India","Website Header / Institutional Proof","NO","NO","Visual Web Screenshot","Visual proof of official portal navigation for methodology/fieldwork report","Non-critical screenshot","ncdc.mohfw.gov.in","KEEP FOR NOW","SAFE_WITH_BACKUP","Can be used as an illustration in report methodology section to demonstrate data acquisition source"
"NCDC weekly outbreaks\NCDC_acquisition_manifest.csv","NCDC_acquisition_manifest.csv",".csv",38405,"B","P0","Acquisition Pipeline / Local Workspace","NCDC Web Scraper / Project Pipeline","2026","2022–2026","National (PDF Download URLs)","Data Acquisition Audit Log & Cryptographic Hashes","YES (Metadata & Audit Log)","YES","Primary Provenance Log","Data provenance, download verification, URL tracking, HTTP status, and SHA256 integrity audit trail","Unique","ncdc.mohfw.gov.in weekly outbreak download logs","KEEP","UNSAFE - Essential Provenance","Establishes cryptographic integrity, origin URLs, and download status for all official weekly outbreak PDFs"
"NCDC weekly outbreaks\report.pdf","report.pdf",".pdf",641295,"D","P2","International Journal of Health Sciences & Research (IJHSR)","Department of Community Medicine, IMS, Banaras Hindu University","2016","Multi-year seasonal analysis","India (National)","Burden of Infectious Diseases and their Seasonal Variation in India (Shukla, Nayak, Mishra)","YES (Published statistical tables & seasonal indices)","YES","Secondary Peer-Reviewed Literature","Core academic literature review and methodological template for Indian seasonal disease variation","Unique peer-reviewed paper","IJHSR Vol. 6, Issue 12, Dec 2016, ISSN: 2249-9571","KEEP","UNSAFE - Key Literature Review Asset","Directly investigates the identical research question in India; provides academic precedent for seasonal indices"
"NCDC weekly outbreaks\State-wise_four time point cumulative figure_April -June 2020.pdf","State-wise_four time point cumulative figure_April -June 2020.pdf",".pdf",456970,"E","P2","Government of India / MoHFW / IDSP","MoHFW","2020","April - June 2020","India / All States (including Maharashtra)","Cumulative State-wise Disease Surveillance Tracking (COVID-19 era)","YES","YES","Primary Government Data (Historical)","Contextual evidence of pandemic-era surveillance disruption and reporting anomalies","Unique historical table","MoHFW IDSP COVID-19 surveillance data","KEEP","SAFE_WITH_BACKUP","Explains the 2020 data dip observed in national disease surveillance records"
"NCDC weekly outbreaks\summary.pdf","summary.pdf",".pdf",133584,"G","P4","Browser Print-to-PDF","Google Search","2026","Google Search Snapshot","India / Maharashtra","Printed Google Search Results (""monthly report of the recent years about seasonal disease patterns in india or maharashtra"")","NO (Search snippet text only)","NO (Duplicate print of Google Search page)","Redundant Browser Printout","Duplicate browser artifact","Duplicate of monthly report...Google Search.pdf","Google search printout","SAFE TO DELETE AFTER APPROVAL","SAFE_TO_DELETE","Redundant duplicate print of the identical Google search results page"
"NCDC weekly outbreaks\Top Seasonal Diseases in India_ Prevention & Safety Tips.pdf","Top Seasonal Diseases in India_ Prevention & Safety Tips.pdf",".pdf",848904,"D","P3","Health Awareness Portal","Healthcare Publisher","2026","Current Overview","India","Top Seasonal Diseases in India: Prevention, Clinical Symptoms & Seasonal Classification","NO (Educational/Clinical summaries)","NO","Secondary Educational Material","Reference for disease classification (Monsoon vs Summer vs Winter disease groupings)","Unique web printout","Online healthcare article","KEEP FOR NOW","SAFE_WITH_BACKUP","Provides standard public health classifications of Indian seasonal diseases across seasons"
"NCDC weekly outbreaks\vector-borne report.txt","vector-borne report.txt",".txt",11749,"H","P5","Redcliffe Labs Commercial Blog","Redcliffe Labs","2026 (Jul 22, 2026)","Monsoon Seasonal Patterns Overview","India","Decoding India’s Seasonal Disease Trends Through Data (Commercial blog post)","NO (Commercial blog summary)","NO","Secondary Commercial Content","Casual reading / background ideas","Commercial blog reprint","Redcliffe Labs blog","SAFE TO DELETE AFTER APPROVAL","SAFE_TO_DELETE","Commercial diagnostic laboratory blog post; non-peer-reviewed and contains no primary data"
"NCDC weekly outbreaks\vector-borner cases in maharashtra.png","vector-borner cases in maharashtra.png",".png",33521,"F","P3","Secondary Health Visual / Dashboard Capture","Public Health Department / Media","Recent","Maharashtra Annual Surveillance Period","Maharashtra","Maharashtra Vector-Borne Cases Breakdown (Malaria: 4,810 cases / 36.1%, Dengue: 7,299 cases / 54.8%)","YES (Summary percentages and case totals)","YES (Specific state case counts)","Derived Visual","Comparative validation benchmark for Maharashtra vector-borne cases","Unique graphic snippet","Maharashtra health data visual snippet","KEEP FOR NOW","SAFE_WITH_BACKUP","Contains exact Maharashtra case numbers for Malaria and Dengue that can cross-check IDSP totals"
"NCDC weekly outbreaks\water-borne.txt","water-borne.txt",".txt",10997,"D","P3","Online Health Awareness Article","Unknown / Web Portal","2026","General Overview","India","Seasonal Disease Prevention & Water-Borne Transmission Notes","NO","NO","Secondary Reference","Background notes for report discussion chapter","Copied web text","Web article","KEEP FOR NOW","SAFE_TO_DELETE","Brief reference notes on water-borne transmission mechanisms"
"NCDC weekly outbreaks\week46_2012.pdf","week46_2012.pdf",".pdf",195642,"E","P2","Government of India / NCDC / IDSP","NCDC / IDSP","2012","2012 Week 46 (12-18 Nov 2012)","India / Maharashtra","Historical Outbreak Surveillance Report","YES","YES","Primary Government Data (Historical)","Historical comparison of IDSP reporting format and long-term disease trends","Unique historical report","NCDC IDSP Weekly Reports archive","KEEP","SAFE_WITH_BACKUP","Serves as historical reference demonstrating continuity and evolution of IDSP surveillance table schema since 2012"
"Professor's Instructions\1000005242 (2).jpg","1000005242 (2).jpg",".jpg",66248,"C","P0","College Faculty / University of Mumbai / RP Institute","University Faculty & Department of Data Science","2026","Semester III Academic Year 2026-27","College / University Jurisdiction","Official Field Project Instructions, Syllabus, Logbook, Evaluation Rubric & Submission Requirements","YES (Administrative & Evaluation Requirements)","YES (Official institutional requirement photos)","Primary Institutional Document","Defines mandatory academic scope, fieldwork rules, survey/data expectations, and grading rubric","Unique camera captures of physical instructions","Official college noticeboard and teacher instruction sheets","KEEP","UNSAFE - Mandatory Academic Requirement","Official instructions from guide/faculty; indispensable for semester evaluation and compliance"
"Professor's Instructions\1000005243 (2).jpg","1000005243 (2).jpg",".jpg",638405,"C","P0","College Faculty / University of Mumbai / RP Institute","University Faculty & Department of Data Science","2026","Semester III Academic Year 2026-27","College / University Jurisdiction","Official Field Project Instructions, Syllabus, Logbook, Evaluation Rubric & Submission Requirements","YES (Administrative & Evaluation Requirements)","YES (Official institutional requirement photos)","Primary Institutional Document","Defines mandatory academic scope, fieldwork rules, survey/data expectations, and grading rubric","Unique camera captures of physical instructions","Official college noticeboard and teacher instruction sheets","KEEP","UNSAFE - Mandatory Academic Requirement","Official instructions from guide/faculty; indispensable for semester evaluation and compliance"
"Professor's Instructions\1000005244 (2).jpg","1000005244 (2).jpg",".jpg",715191,"C","P0","College Faculty / University of Mumbai / RP Institute","University Faculty & Department of Data Science","2026","Semester III Academic Year 2026-27","College / University Jurisdiction","Official Field Project Instructions, Syllabus, Logbook, Evaluation Rubric & Submission Requirements","YES (Administrative & Evaluation Requirements)","YES (Official institutional requirement photos)","Primary Institutional Document","Defines mandatory academic scope, fieldwork rules, survey/data expectations, and grading rubric","Unique camera captures of physical instructions","Official college noticeboard and teacher instruction sheets","KEEP","UNSAFE - Mandatory Academic Requirement","Official instructions from guide/faculty; indispensable for semester evaluation and compliance"
"Professor's Instructions\1000005245 (2).jpg","1000005245 (2).jpg",".jpg",541048,"C","P0","College Faculty / University of Mumbai / RP Institute","University Faculty & Department of Data Science","2026","Semester III Academic Year 2026-27","College / University Jurisdiction","Official Field Project Instructions, Syllabus, Logbook, Evaluation Rubric & Submission Requirements","YES (Administrative & Evaluation Requirements)","YES (Official institutional requirement photos)","Primary Institutional Document","Defines mandatory academic scope, fieldwork rules, survey/data expectations, and grading rubric","Unique camera captures of physical instructions","Official college noticeboard and teacher instruction sheets","KEEP","UNSAFE - Mandatory Academic Requirement","Official instructions from guide/faculty; indispensable for semester evaluation and compliance"
"Professor's Instructions\1000005246 (2).jpg","1000005246 (2).jpg",".jpg",496862,"C","P0","College Faculty / University of Mumbai / RP Institute","University Faculty & Department of Data Science","2026","Semester III Academic Year 2026-27","College / University Jurisdiction","Official Field Project Instructions, Syllabus, Logbook, Evaluation Rubric & Submission Requirements","YES (Administrative & Evaluation Requirements)","YES (Official institutional requirement photos)","Primary Institutional Document","Defines mandatory academic scope, fieldwork rules, survey/data expectations, and grading rubric","Unique camera captures of physical instructions","Official college noticeboard and teacher instruction sheets","KEEP","UNSAFE - Mandatory Academic Requirement","Official instructions from guide/faculty; indispensable for semester evaluation and compliance"
"PROJECT_ASSET_AUDIT.csv","PROJECT_ASSET_AUDIT.csv",".csv",119908,"C","P3","Workspace Audit Working Drafts","Project Audit System","2026","Current Audit Working State","Workspace","Project Working Audit Documentation","Metadata & Audit Log","YES","Derived Project Document","Internal working notes and baseline audit files","Precursor working versions","Workspace file inspection","KEEP","SAFE_WITH_BACKUP","Historical working documents tracking repository audit iterations"
"PROJECT_ASSET_AUDIT.md","PROJECT_ASSET_AUDIT.md",".md",24385,"C","P3","Workspace Audit Working Drafts","Project Audit System","2026","Current Audit Working State","Workspace","Project Working Audit Documentation","Metadata & Audit Log","YES","Derived Project Document","Internal working notes and baseline audit files","Precursor working versions","Workspace file inspection","KEEP","SAFE_WITH_BACKUP","Historical working documents tracking repository audit iterations"
"raw dataset\3d_cases_temp_precip.png","3d_cases_temp_precip.png",".png",793932,"F","P4","Python / Matplotlib / Seaborn Script Output","Project Team Data Analysis Script","2026","2009–2022 (Derived exclusively from Final_data.csv)","India / Multi-State","Derived Exploratory Visualization: 3d_cases_temp_precip","Visual representation only","NO (Fully reproducible from Final_data.csv)","Derived Analysis Output","Draft visualizations generated during preliminary data exploration","Fully reproducible from Final_data.csv","raw dataset\Final_data.csv","KEEP FOR NOW","SAFE_WITH_BACKUP","Generated chart from historical Final_data.csv; can be reproduced at any time using Python scripts"
"raw dataset\cases_timeseries.png","cases_timeseries.png",".png",191985,"F","P4","Python / Matplotlib / Seaborn Script Output","Project Team Data Analysis Script","2026","2009–2022 (Derived exclusively from Final_data.csv)","India / Multi-State","Derived Exploratory Visualization: cases_timeseries","Visual representation only","NO (Fully reproducible from Final_data.csv)","Derived Analysis Output","Draft visualizations generated during preliminary data exploration","Fully reproducible from Final_data.csv","raw dataset\Final_data.csv","KEEP FOR NOW","SAFE_WITH_BACKUP","Generated chart from historical Final_data.csv; can be reproduced at any time using Python scripts"
"raw dataset\correlation.jpeg","correlation.jpeg",".jpeg",110688,"F","P4","Python / Matplotlib / Seaborn Script Output","Project Team Data Analysis Script","2026","2009–2022 (Derived exclusively from Final_data.csv)","India / Multi-State","Derived Exploratory Visualization: correlation","Visual representation only","NO (Fully reproducible from Final_data.csv)","Derived Analysis Output","Draft visualizations generated during preliminary data exploration","Fully reproducible from Final_data.csv","raw dataset\Final_data.csv","KEEP FOR NOW","SAFE_WITH_BACKUP","Generated chart from historical Final_data.csv; can be reproduced at any time using Python scripts"
"raw dataset\dataset_pie.png","dataset_pie.png",".png",143048,"F","P4","Python / Matplotlib / Seaborn Script Output","Project Team Data Analysis Script","2026","2009–2022 (Derived exclusively from Final_data.csv)","India / Multi-State","Derived Exploratory Visualization: dataset_pie","Visual representation only","NO (Fully reproducible from Final_data.csv)","Derived Analysis Output","Draft visualizations generated during preliminary data exploration","Fully reproducible from Final_data.csv","raw dataset\Final_data.csv","KEEP FOR NOW","SAFE_WITH_BACKUP","Generated chart from historical Final_data.csv; can be reproduced at any time using Python scripts"
"raw dataset\deaths_timeseries.png","deaths_timeseries.png",".png",192495,"F","P4","Python / Matplotlib / Seaborn Script Output","Project Team Data Analysis Script","2026","2009–2022 (Derived exclusively from Final_data.csv)","India / Multi-State","Derived Exploratory Visualization: deaths_timeseries","Visual representation only","NO (Fully reproducible from Final_data.csv)","Derived Analysis Output","Draft visualizations generated during preliminary data exploration","Fully reproducible from Final_data.csv","raw dataset\Final_data.csv","KEEP FOR NOW","SAFE_WITH_BACKUP","Generated chart from historical Final_data.csv; can be reproduced at any time using Python scripts"
"raw dataset\Final_data.csv","Final_data.csv",".csv",1035178,"E","P1","EpiClim Dataset (Third-party compilation by academic researchers merging IDSP + ERA5/MODIS satellite data)","Third-party Academic Compilation (EpiClim)","2022","2009–early 2022 (Contains ONLY 188 rows in 2022; 0 rows for 2023–2026)","India (36 States/UTs, 1,195 Maharashtra rows historical)","Historical Multi-Disease Outbreak Dataset with Merged Climate Variables (Precipitation, LAI, Temperature in Kelvin)","YES (8,985 data rows)","YES (Historical benchmark)","Secondary Merged Dataset (Third-Party Compilation)","Historical comparison and exploratory benchmark; CANNOT be used as 2022–2026 core dataset","Unique compiled CSV","Historical IDSP weekly reports (2009–2022) + Satellite Reanalysis climate layers","KEEP (As Historical Benchmark)","UNSAFE - Underpins existing draft charts and methodology","Essential historical reference dataset (2009–2022); must be preserved to compare historical seasonality vs 2022–2026 core findings"
"raw dataset\temperature_precipitation_side_by_side_maps.png","temperature_precipitation_side_by_side_maps.png",".png",3486826,"F","P4","Python / Matplotlib / Seaborn Script Output","Project Team Data Analysis Script","2026","2009–2022 (Derived exclusively from Final_data.csv)","India / Multi-State","Derived Exploratory Visualization: temperature_precipitation_side_by_side_maps","Visual representation only","NO (Fully reproducible from Final_data.csv)","Derived Analysis Output","Draft visualizations generated during preliminary data exploration","Fully reproducible from Final_data.csv","raw dataset\Final_data.csv","KEEP FOR NOW","SAFE_WITH_BACKUP","Generated chart from historical Final_data.csv; can be reproduced at any time using Python scripts"
"raw dataset\top_10_states_by_deaths.png","top_10_states_by_deaths.png",".png",231745,"F","P4","Python / Matplotlib / Seaborn Script Output","Project Team Data Analysis Script","2026","2009–2022 (Derived exclusively from Final_data.csv)","India / Multi-State","Derived Exploratory Visualization: top_10_states_by_deaths","Visual representation only","NO (Fully reproducible from Final_data.csv)","Derived Analysis Output","Draft visualizations generated during preliminary data exploration","Fully reproducible from Final_data.csv","raw dataset\Final_data.csv","KEEP FOR NOW","SAFE_WITH_BACKUP","Generated chart from historical Final_data.csv; can be reproduced at any time using Python scripts"
"raw dataset\total_diseases_over_time.png","total_diseases_over_time.png",".png",206719,"F","P4","Python / Matplotlib / Seaborn Script Output","Project Team Data Analysis Script","2026","2009–2022 (Derived exclusively from Final_data.csv)","India / Multi-State","Derived Exploratory Visualization: total_diseases_over_time","Visual representation only","NO (Fully reproducible from Final_data.csv)","Derived Analysis Output","Draft visualizations generated during preliminary data exploration","Fully reproducible from Final_data.csv","raw dataset\Final_data.csv","KEEP FOR NOW","SAFE_WITH_BACKUP","Generated chart from historical Final_data.csv; can be reproduced at any time using Python scripts"