path,size_bytes,type,category,source,publication_year,data_period,geography,topic,research_role,unique_information,safe_to_delete,recommended_action,reason
Data_Source_Audit_Report.md,38517,Markdown,CORE_PROVENANCE,Internal Project Audit,2026,2009–2026,India / Maharashtra,Data Ecosystem Audit & Gap Analysis,"Documents data source discovery, authority mapping, and methodology decisions",YES,NO,KEEP,Foundational audit report documenting data source selection and Dataful/NCDC decisions
Field_Project_Report_Draft_Seasonal_Disease_Patterns.docx,44813,DOCX,CORE_PROJECT_DOCUMENT,Student Project Author,2026,2022–2026,Maharashtra,Field Project Academic Report Draft,Master thesis / field project report draft for University submission,YES,NO,KEEP,Active project report draft being prepared for University of Mumbai
.kilo/.gitignore,107,CONFIG,CORE_PROJECT_DOCUMENT,Local IDE Tool,2026,N/A,N/A,Editor / Workspace Configuration,Local development environment setting,NO,NO,KEEP,IDE tool configuration file
NCDC weekly outbreaks/1774348518512-Blog Banner - 680 by 350 - 2026-03-24T143710.119.png,617392,PNG,IRRELEVANT,Commercial Web / Canva Stock Template,2026,N/A,None,Decorative Marketing Stock Banner,Decorative marketing clip-art,NO,YES,SAFE TO DELETE,Decorative web banners downloaded from blogs; zero scientific or data content
NCDC weekly outbreaks/1774348592863-Blog Banner - 680 by 350 - 2026-03-24T143718.737.png,630052,PNG,IRRELEVANT,Commercial Web / Canva Stock Template,2026,N/A,None,Decorative Marketing Stock Banner,Decorative marketing clip-art,NO,YES,SAFE TO DELETE,Decorative web banners downloaded from blogs; zero scientific or data content
NCDC weekly outbreaks/1774348624758-Untitled design.png,1070913,PNG,IRRELEVANT,Commercial Web / Canva Stock Template,2026,N/A,None,Decorative Marketing Stock Banner,Decorative marketing clip-art,NO,YES,SAFE TO DELETE,Decorative web banners downloaded from blogs; zero scientific or data content
NCDC weekly outbreaks/2022-2026.pdf,144906,PDF,WEB_CACHE_OR_BROWSER_ARTIFACT,Google Search / AI Overview Printout,2026,2022–2026 (Synthesized summary),India / Maharashtra,Google Search AI Overview / Snippets Printout,Secondary search printout summarizing online web articles,NO,YES,SAFE TO DELETE,Exported Google AI Search summary; not primary evidence and lacks peer-reviewed grounding
NCDC weekly outbreaks/20251208_2143_SeasonalDiseasePreventionIndia_simple_compose_01kbzbqr7df72sxwnfr2cdnyg-683x1024.jpeg.webp,55346,WEBP,IRRELEVANT,Commercial Web / Canva Stock Template,2026,N/A,None,Decorative Marketing Stock Banner,Decorative marketing clip-art,NO,YES,SAFE TO DELETE,Decorative web banners downloaded from blogs; zero scientific or data content
NCDC weekly outbreaks/90384949221554289446.pdf,462226,PDF,SECONDARY_REFERENCE,NCDC / MOHFW,2019,2019,India,List of Authorized Testing Labs (2019),Administrative laboratory directory,NO,YES,SAFE TO DELETE,Obsolete 2019 testing facility list; zero epidemiological case data
NCDC weekly outbreaks/96420115851539337754.pdf,773592,PDF,SECONDARY_REFERENCE,NCDC / IDSP,2019,General,India,Seasonal Flu Public Awareness Poster,Public education leaflet,NO,YES,SAFE TO DELETE,1-page awareness pamphlet; contains no data or methodology
NCDC weekly outbreaks/BMC.pdf,1975920,PDF,SECONDARY_REFERENCE,Mid-Day / BMC Health Department,2026,Monsoon 2026 (June–Sept 2026),"Mumbai (BMC), Maharashtra","Mumbai Monsoon Disease Data (Malaria, Dengue, H1N1)",Municipal health data reporting urban monsoon disease spikes in Maharashtra capital,YES,NO,KEEP FOR NOW,Local municipal health bulletin documenting urban Maharashtra monsoon outbreaks
NCDC weekly outbreaks/d223cdfb-f708-4eb2-89fd-e7cd91a10fea.pdf,79603,PDF,SECONDARY_REFERENCE,"NCDC (MOHFW, Govt. of India)",2025,2019–2025,India (State-wise including Maharashtra),Seasonal Influenza A (H1N1) Annual Cases & Deaths,Official NCDC benchmark table for validating Maharashtra respiratory trends,YES,NO,KEEP,Official NCDC state-level benchmark table; vital for H1N1 validation
NCDC weekly outbreaks/IDSP report.pdf,342316,PDF,SECONDARY_REFERENCE,NCDC / MOHFW Official Portal,2026,2020–2026,India,IDSP Programme Architecture & Annual Outbreak Metrics,Official source for IDSP surveillance hierarchy and national aggregate figures,YES,NO,KEEP,"Official documentation of surveillance structure (S, P, L reporting forms) and outbreak volume"
"NCDC weekly outbreaks/IJCPR,Vol18,Issue2,Article253.pdf",425130,PDF,SECONDARY_REFERENCE,Int. J. Current Pharmaceutical Review and Research,2026,2023–2025,"Gondia District, Maharashtra",Epidemiology and Seasonality of Dengue in Maharashtra,Peer-reviewed literature providing empirical Maharashtra seasonal disease validation,YES,NO,KEEP,Peer-reviewed study focused on Maharashtra district-level dengue seasonality; vital for Lit Review
NCDC weekly outbreaks/July 2026_Inf vaccine recommendation (1).pdf,550907,PDF,SECONDARY_REFERENCE,NCDC / WHO Advisory,2026,2026,Northern Hemisphere,Influenza Vaccine Composition Bulletin,Clinical advisory on influenza vaccine formulations,NO,YES,SAFE TO DELETE,Clinical advisory bulletin with no statistical disease outbreak data
NCDC weekly outbreaks/Manual-Health-Statistics_5june15.pdf,4395916,PDF,SECONDARY_REFERENCE,"Central Statistical Office, MOSPI, Govt. of India",2015,Official Guidelines,India,Manual on Health Statistics in India,Standard government statistical methodology and epidemiological definitions,YES,NO,KEEP FOR NOW,"Authoritative national standard for calculating health indicators, attack rates, and surveillance metrics"
"NCDC weekly outbreaks/Master Data State, District and Disease-wise Cases and Death reported due to Outbreak of Diseases as per Weekly reports under IDSP.txt",2933,TXT,CORE_PROVENANCE,Dataful Dataset 18514 Preview,2026,2009–2026,India,Dataful IDSP Master Schema & Preview Records,Documents Dataful schema structure and provides record of source evaluation,YES,NO,KEEP,Vital provenance artifact recording why Dataful was evaluated and its column structure
"NCDC weekly outbreaks/medip,+IJCMPH-10079+O (1).pdf",497577,PDF,SECONDARY_REFERENCE,Int. J. Community Medicine and Public Health,2022,2016–2021,Kerala / South India,Trends and Seasonality of Vector-Borne Diseases,Methodological reference demonstrating seasonal decomposition techniques,YES,NO,KEEP,Methodological literature reference for vector-borne seasonal modeling and statistical techniques
NCDC weekly outbreaks/monsoon disease comparision.png,19993,PNG,DERIVED_ANALYSIS,Web / Report Snippet,2026,2025–2026,Maharashtra / Mumbai,Monsoon Disease Comparison Graphic,Quick comparison chart of monsoon cases,NO,NO,KEEP FOR NOW,Retain as quick visual reference for discussion until final state figures are computed
NCDC weekly outbreaks/monthly report of the recent years about seasonal disease patterns in india or maharashtra - Google Search.pdf,175382,PDF,WEB_CACHE_OR_BROWSER_ARTIFACT,Google Search / AI Overview Printout,2026,2022–2026 (Synthesized summary),India / Maharashtra,Google Search AI Overview / Snippets Printout,Secondary search printout summarizing online web articles,NO,YES,SAFE TO DELETE,Exported Google AI Search summary; not primary evidence and lacks peer-reviewed grounding
NCDC weekly outbreaks/Monthly Trajectory of Major Disease Classes in India.html,3407292,HTML,WEB_CACHE_OR_BROWSER_ARTIFACT,Google Search Web Dump,2026,N/A,India,Saved Google Search Query Page,Browser search dump containing Google search page markup,NO,YES,SAFE TO DELETE,Saved Google search results page (3.4 MB); contains no primary data
NCDC weekly outbreaks/NCDC Report.jpeg,1944857,JPEG,CORE_PROVENANCE,NCDC Official Website Screenshot,2026,2020–2026,India,Official NCDC Outbreak Statistics Screen Capture,Visual proof verifying national outbreak metrics reported on NCDC portal,YES,NO,KEEP,Raw visual audit evidence capturing official website statistics
NCDC weekly outbreaks/NCDC_acquisition_manifest.csv,38405,CSV,CORE_PROVENANCE,NCDC Acquisition Pipeline,2026,2022–2026,India / National,Acquisition Audit Trail & SHA-256 Hashes,Cryptographic proof of acquisition and document integrity,YES,NO,KEEP,"Official provenance manifest recording URLs, HTTP codes, and SHA-256 checksums"
NCDC weekly outbreaks/report.pdf,641295,PDF,SECONDARY_REFERENCE,Int. J. Health Sciences and Research (IJHSR),2016,2011–2015,India,Burden of Infectious Diseases & Seasonal Variation in India,Direct methodological precedent analyzing IDSP weekly outbreak data for seasonality,YES,NO,KEEP,Direct scholarly precedent using IDSP weekly reports for seasonal disease research
NCDC weekly outbreaks/State-wise_four time point cumulative figure_April -June 2020.pdf,456970,PDF,SECONDARY_REFERENCE,IDSP / MOHFW,2020,April–June 2020,India (State-wise),Early Pandemic Four-Time Point Cumulative Figures,Lockdown-era surveillance snapshot,NO,YES,SAFE TO DELETE,Out-of-scope 2020 pandemic snapshot; unrelated to 2022-2026 general seasonal analysis
NCDC weekly outbreaks/summary.pdf,133584,PDF,WEB_CACHE_OR_BROWSER_ARTIFACT,Google Search / AI Overview Printout,2026,2022–2026 (Synthesized summary),India / Maharashtra,Google Search AI Overview / Snippets Printout,Secondary search printout summarizing online web articles,NO,YES,SAFE TO DELETE,Exported Google AI Search summary; not primary evidence and lacks peer-reviewed grounding
NCDC weekly outbreaks/Top Seasonal Diseases in India_ Prevention & Safety Tips.pdf,848904,PDF,SECONDARY_REFERENCE,Medfact.in Blog,2025,General,India,Online Health Blog Printout,Commercial blog printout,NO,YES,SAFE TO DELETE,Commercial web blog printout; redundant with water-borne.txt
NCDC weekly outbreaks/vector-borne report.txt,11749,TXT,SECONDARY_REFERENCE,Redcliffe Labs Blog,2024,2024,India,Commercial Diagnostic Lab Seasonal Overview,Commercial laboratory blog text,NO,YES,SAFE TO DELETE,Commercial blog post citing secondary statistics; ungrounded for academic submission
NCDC weekly outbreaks/vector-borner cases in maharashtra.png,33521,PNG,DERIVED_ANALYSIS,Web / Report Snippet,2026,2024–2026,Maharashtra,Vector-Borne Trajectory in Maharashtra,Visual reference of state vector-borne cases,NO,NO,KEEP FOR NOW,Retain as visual baseline for Maharashtra vector-borne patterns
NCDC weekly outbreaks/water-borne.txt,10997,TXT,SECONDARY_REFERENCE,MrMed Pharmacy Blog,2025,General,India,Commercial Pharmacy Seasonal Illness Guide,Commercial pharmacy article,NO,YES,SAFE TO DELETE,Generic marketing health guide from commercial pharmacy; zero research data
NCDC weekly outbreaks/week46_2012.pdf,195642,PDF,HISTORICAL_DATA,NCDC / IDSP,2012,2012 (Week 46),India,Single Isolated Historical Weekly Report (2012),Old weekly report sample,NO,YES,SAFE TO DELETE,Single isolated week from 2012 outside study window (2022-2026)
NCDC weekly outbreaks/2022/week25.pdf,602320,PDF,CORE_PRIMARY_DATA,"NCDC / IDSP (MOHFW, Govt. of India)",week25.pdf,week25.pdf Weekly Surveillance,India / Maharashtra,Weekly Disease Outbreaks (Cases & Deaths),Primary official government weekly surveillance report,YES,NO,KEEP,Official primary outbreak surveillance report required for study window
NCDC weekly outbreaks/2022/week26.pdf,594553,PDF,CORE_PRIMARY_DATA,"NCDC / IDSP (MOHFW, Govt. of India)",week26.pdf,week26.pdf Weekly Surveillance,India / Maharashtra,Weekly Disease Outbreaks (Cases & Deaths),Primary official government weekly surveillance report,YES,NO,KEEP,Official primary outbreak surveillance report required for study window
NCDC weekly outbreaks/2022/week27.pdf,727890,PDF,CORE_PRIMARY_DATA,"NCDC / IDSP (MOHFW, Govt. of India)",week27.pdf,week27.pdf Weekly Surveillance,India / Maharashtra,Weekly Disease Outbreaks (Cases & Deaths),Primary official government weekly surveillance report,YES,NO,KEEP,Official primary outbreak surveillance report required for study window
NCDC weekly outbreaks/2022/week28.pdf,692916,PDF,CORE_PRIMARY_DATA,"NCDC / IDSP (MOHFW, Govt. of India)",week28.pdf,week28.pdf Weekly Surveillance,India / Maharashtra,Weekly Disease Outbreaks (Cases & Deaths),Primary official government weekly surveillance report,YES,NO,KEEP,Official primary outbreak surveillance report required for study window
NCDC weekly outbreaks/2022/week29.pdf,708983,PDF,CORE_PRIMARY_DATA,"NCDC / IDSP (MOHFW, Govt. of India)",week29.pdf,week29.pdf Weekly Surveillance,India / Maharashtra,Weekly Disease Outbreaks (Cases & Deaths),Primary official government weekly surveillance report,YES,NO,KEEP,Official primary outbreak surveillance report required for study window
NCDC weekly outbreaks/2022/week30.pdf,727693,PDF,CORE_PRIMARY_DATA,"NCDC / IDSP (MOHFW, Govt. of India)",week30.pdf,week30.pdf Weekly Surveillance,India / Maharashtra,Weekly Disease Outbreaks (Cases & Deaths),Primary official government weekly surveillance report,YES,NO,KEEP,Official primary outbreak surveillance report required for study window
NCDC weekly outbreaks/2022/week31.pdf,577995,PDF,CORE_PRIMARY_DATA,"NCDC / IDSP (MOHFW, Govt. of India)",week31.pdf,week31.pdf Weekly Surveillance,India / Maharashtra,Weekly Disease Outbreaks (Cases & Deaths),Primary official government weekly surveillance report,YES,NO,KEEP,Official primary outbreak surveillance report required for study window
NCDC weekly outbreaks/2022/week32.pdf,541728,PDF,CORE_PRIMARY_DATA,"NCDC / IDSP (MOHFW, Govt. of India)",week32.pdf,week32.pdf Weekly Surveillance,India / Maharashtra,Weekly Disease Outbreaks (Cases & Deaths),Primary official government weekly surveillance report,YES,NO,KEEP,Official primary outbreak surveillance report required for study window
NCDC weekly outbreaks/2022/week33.pdf,554305,PDF,CORE_PRIMARY_DATA,"NCDC / IDSP (MOHFW, Govt. of India)",week33.pdf,week33.pdf Weekly Surveillance,India / Maharashtra,Weekly Disease Outbreaks (Cases & Deaths),Primary official government weekly surveillance report,YES,NO,KEEP,Official primary outbreak surveillance report required for study window
NCDC weekly outbreaks/2022/week34.pdf,772149,PDF,CORE_PRIMARY_DATA,"NCDC / IDSP (MOHFW, Govt. of India)",week34.pdf,week34.pdf Weekly Surveillance,India / Maharashtra,Weekly Disease Outbreaks (Cases & Deaths),Primary official government weekly surveillance report,YES,NO,KEEP,Official primary outbreak surveillance report required for study window
NCDC weekly outbreaks/2022/week35.pdf,610188,PDF,CORE_PRIMARY_DATA,"NCDC / IDSP (MOHFW, Govt. of India)",week35.pdf,week35.pdf Weekly Surveillance,India / Maharashtra,Weekly Disease Outbreaks (Cases & Deaths),Primary official government weekly surveillance report,YES,NO,KEEP,Official primary outbreak surveillance report required for study window
NCDC weekly outbreaks/2022/week36.pdf,762129,PDF,CORE_PRIMARY_DATA,"NCDC / IDSP (MOHFW, Govt. of India)",week36.pdf,week36.pdf Weekly Surveillance,India / Maharashtra,Weekly Disease Outbreaks (Cases & Deaths),Primary official government weekly surveillance report,YES,NO,KEEP,Official primary outbreak surveillance report required for study window
NCDC weekly outbreaks/2022/week37.pdf,709492,PDF,CORE_PRIMARY_DATA,"NCDC / IDSP (MOHFW, Govt. of India)",week37.pdf,week37.pdf Weekly Surveillance,India / Maharashtra,Weekly Disease Outbreaks (Cases & Deaths),Primary official government weekly surveillance report,YES,NO,KEEP,Official primary outbreak surveillance report required for study window
NCDC weekly outbreaks/2022/week38.pdf,761630,PDF,CORE_PRIMARY_DATA,"NCDC / IDSP (MOHFW, Govt. of India)",week38.pdf,week38.pdf Weekly Surveillance,India / Maharashtra,Weekly Disease Outbreaks (Cases & Deaths),Primary official government weekly surveillance report,YES,NO,KEEP,Official primary outbreak surveillance report required for study window
NCDC weekly outbreaks/2022/week39.pdf,575968,PDF,CORE_PRIMARY_DATA,"NCDC / IDSP (MOHFW, Govt. of India)",week39.pdf,week39.pdf Weekly Surveillance,India / Maharashtra,Weekly Disease Outbreaks (Cases & Deaths),Primary official government weekly surveillance report,YES,NO,KEEP,Official primary outbreak surveillance report required for study window
NCDC weekly outbreaks/2022/week40.pdf,507428,PDF,CORE_PRIMARY_DATA,"NCDC / IDSP (MOHFW, Govt. of India)",week40.pdf,week40.pdf Weekly Surveillance,India / Maharashtra,Weekly Disease Outbreaks (Cases & Deaths),Primary official government weekly surveillance report,YES,NO,KEEP,Official primary outbreak surveillance report required for study window
NCDC weekly outbreaks/2022/week41.pdf,700560,PDF,CORE_PRIMARY_DATA,"NCDC / IDSP (MOHFW, Govt. of India)",week41.pdf,week41.pdf Weekly Surveillance,India / Maharashtra,Weekly Disease Outbreaks (Cases & Deaths),Primary official government weekly surveillance report,YES,NO,KEEP,Official primary outbreak surveillance report required for study window
NCDC weekly outbreaks/2022/week42.pdf,643714,PDF,CORE_PRIMARY_DATA,"NCDC / IDSP (MOHFW, Govt. of India)",week42.pdf,week42.pdf Weekly Surveillance,India / Maharashtra,Weekly Disease Outbreaks (Cases & Deaths),Primary official government weekly surveillance report,YES,NO,KEEP,Official primary outbreak surveillance report required for study window
NCDC weekly outbreaks/2022/week43.pdf,667778,PDF,CORE_PRIMARY_DATA,"NCDC / IDSP (MOHFW, Govt. of India)",week43.pdf,week43.pdf Weekly Surveillance,India / Maharashtra,Weekly Disease Outbreaks (Cases & Deaths),Primary official government weekly surveillance report,YES,NO,KEEP,Official primary outbreak surveillance report required for study window
NCDC weekly outbreaks/2022/week44.pdf,563304,PDF,CORE_PRIMARY_DATA,"NCDC / IDSP (MOHFW, Govt. of India)",week44.pdf,week44.pdf Weekly Surveillance,India / Maharashtra,Weekly Disease Outbreaks (Cases & Deaths),Primary official government weekly surveillance report,YES,NO,KEEP,Official primary outbreak surveillance report required for study window
NCDC weekly outbreaks/2022/week45.pdf,692311,PDF,CORE_PRIMARY_DATA,"NCDC / IDSP (MOHFW, Govt. of India)",week45.pdf,week45.pdf Weekly Surveillance,India / Maharashtra,Weekly Disease Outbreaks (Cases & Deaths),Primary official government weekly surveillance report,YES,NO,KEEP,Official primary outbreak surveillance report required for study window
NCDC weekly outbreaks/2022/week46.pdf,620621,PDF,CORE_PRIMARY_DATA,"NCDC / IDSP (MOHFW, Govt. of India)",week46.pdf,week46.pdf Weekly Surveillance,India / Maharashtra,Weekly Disease Outbreaks (Cases & Deaths),Primary official government weekly surveillance report,YES,NO,KEEP,Official primary outbreak surveillance report required for study window
NCDC weekly outbreaks/2022/week47.pdf,662211,PDF,CORE_PRIMARY_DATA,"NCDC / IDSP (MOHFW, Govt. of India)",week47.pdf,week47.pdf Weekly Surveillance,India / Maharashtra,Weekly Disease Outbreaks (Cases & Deaths),Primary official government weekly surveillance report,YES,NO,KEEP,Official primary outbreak surveillance report required for study window
NCDC weekly outbreaks/2022/week48.pdf,692517,PDF,CORE_PRIMARY_DATA,"NCDC / IDSP (MOHFW, Govt. of India)",week48.pdf,week48.pdf Weekly Surveillance,India / Maharashtra,Weekly Disease Outbreaks (Cases & Deaths),Primary official government weekly surveillance report,YES,NO,KEEP,Official primary outbreak surveillance report required for study window
NCDC weekly outbreaks/2022/week49.pdf,733441,PDF,CORE_PRIMARY_DATA,"NCDC / IDSP (MOHFW, Govt. of India)",week49.pdf,week49.pdf Weekly Surveillance,India / Maharashtra,Weekly Disease Outbreaks (Cases & Deaths),Primary official government weekly surveillance report,YES,NO,KEEP,Official primary outbreak surveillance report required for study window
NCDC weekly outbreaks/2022/week50.pdf,532785,PDF,CORE_PRIMARY_DATA,"NCDC / IDSP (MOHFW, Govt. of India)",week50.pdf,week50.pdf Weekly Surveillance,India / Maharashtra,Weekly Disease Outbreaks (Cases & Deaths),Primary official government weekly surveillance report,YES,NO,KEEP,Official primary outbreak surveillance report required for study window
NCDC weekly outbreaks/2022/week51.pdf,589863,PDF,CORE_PRIMARY_DATA,"NCDC / IDSP (MOHFW, Govt. of India)",week51.pdf,week51.pdf Weekly Surveillance,India / Maharashtra,Weekly Disease Outbreaks (Cases & Deaths),Primary official government weekly surveillance report,YES,NO,KEEP,Official primary outbreak surveillance report required for study window
NCDC weekly outbreaks/2022/week52.pdf,636880,PDF,CORE_PRIMARY_DATA,"NCDC / IDSP (MOHFW, Govt. of India)",week52.pdf,week52.pdf Weekly Surveillance,India / Maharashtra,Weekly Disease Outbreaks (Cases & Deaths),Primary official government weekly surveillance report,YES,NO,KEEP,Official primary outbreak surveillance report required for study window
NCDC weekly outbreaks/2023/week1.pdf,752120,PDF,CORE_PRIMARY_DATA,"NCDC / IDSP (MOHFW, Govt. of India)",week1.pdf,week1.pdf Weekly Surveillance,India / Maharashtra,Weekly Disease Outbreaks (Cases & Deaths),Primary official government weekly surveillance report,YES,NO,KEEP,Official primary outbreak surveillance report required for study window
NCDC weekly outbreaks/2023/week10.pdf,788360,PDF,CORE_PRIMARY_DATA,"NCDC / IDSP (MOHFW, Govt. of India)",week10.pdf,week10.pdf Weekly Surveillance,India / Maharashtra,Weekly Disease Outbreaks (Cases & Deaths),Primary official government weekly surveillance report,YES,NO,KEEP,Official primary outbreak surveillance report required for study window
NCDC weekly outbreaks/2023/week11.pdf,580905,PDF,CORE_PRIMARY_DATA,"NCDC / IDSP (MOHFW, Govt. of India)",week11.pdf,week11.pdf Weekly Surveillance,India / Maharashtra,Weekly Disease Outbreaks (Cases & Deaths),Primary official government weekly surveillance report,YES,NO,KEEP,Official primary outbreak surveillance report required for study window
NCDC weekly outbreaks/2023/week12.pdf,692863,PDF,CORE_PRIMARY_DATA,"NCDC / IDSP (MOHFW, Govt. of India)",week12.pdf,week12.pdf Weekly Surveillance,India / Maharashtra,Weekly Disease Outbreaks (Cases & Deaths),Primary official government weekly surveillance report,YES,NO,KEEP,Official primary outbreak surveillance report required for study window
NCDC weekly outbreaks/2023/week13.pdf,569538,PDF,CORE_PRIMARY_DATA,"NCDC / IDSP (MOHFW, Govt. of India)",week13.pdf,week13.pdf Weekly Surveillance,India / Maharashtra,Weekly Disease Outbreaks (Cases & Deaths),Primary official government weekly surveillance report,YES,NO,KEEP,Official primary outbreak surveillance report required for study window
NCDC weekly outbreaks/2023/week14.pdf,726035,PDF,CORE_PRIMARY_DATA,"NCDC / IDSP (MOHFW, Govt. of India)",week14.pdf,week14.pdf Weekly Surveillance,India / Maharashtra,Weekly Disease Outbreaks (Cases & Deaths),Primary official government weekly surveillance report,YES,NO,KEEP,Official primary outbreak surveillance report required for study window
NCDC weekly outbreaks/2023/week16.pdf,711221,PDF,CORE_PRIMARY_DATA,"NCDC / IDSP (MOHFW, Govt. of India)",week16.pdf,week16.pdf Weekly Surveillance,India / Maharashtra,Weekly Disease Outbreaks (Cases & Deaths),Primary official government weekly surveillance report,YES,NO,KEEP,Official primary outbreak surveillance report required for study window
NCDC weekly outbreaks/2023/week17.pdf,690913,PDF,CORE_PRIMARY_DATA,"NCDC / IDSP (MOHFW, Govt. of India)",week17.pdf,week17.pdf Weekly Surveillance,India / Maharashtra,Weekly Disease Outbreaks (Cases & Deaths),Primary official government weekly surveillance report,YES,NO,KEEP,Official primary outbreak surveillance report required for study window
NCDC weekly outbreaks/2023/week18.pdf,750115,PDF,CORE_PRIMARY_DATA,"NCDC / IDSP (MOHFW, Govt. of India)",week18.pdf,week18.pdf Weekly Surveillance,India / Maharashtra,Weekly Disease Outbreaks (Cases & Deaths),Primary official government weekly surveillance report,YES,NO,KEEP,Official primary outbreak surveillance report required for study window
NCDC weekly outbreaks/2023/week19.pdf,701263,PDF,CORE_PRIMARY_DATA,"NCDC / IDSP (MOHFW, Govt. of India)",week19.pdf,week19.pdf Weekly Surveillance,India / Maharashtra,Weekly Disease Outbreaks (Cases & Deaths),Primary official government weekly surveillance report,YES,NO,KEEP,Official primary outbreak surveillance report required for study window
NCDC weekly outbreaks/2023/week2.pdf,674024,PDF,CORE_PRIMARY_DATA,"NCDC / IDSP (MOHFW, Govt. of India)",week2.pdf,week2.pdf Weekly Surveillance,India / Maharashtra,Weekly Disease Outbreaks (Cases & Deaths),Primary official government weekly surveillance report,YES,NO,KEEP,Official primary outbreak surveillance report required for study window
NCDC weekly outbreaks/2023/week20.pdf,588832,PDF,CORE_PRIMARY_DATA,"NCDC / IDSP (MOHFW, Govt. of India)",week20.pdf,week20.pdf Weekly Surveillance,India / Maharashtra,Weekly Disease Outbreaks (Cases & Deaths),Primary official government weekly surveillance report,YES,NO,KEEP,Official primary outbreak surveillance report required for study window
NCDC weekly outbreaks/2023/week21.pdf,623632,PDF,CORE_PRIMARY_DATA,"NCDC / IDSP (MOHFW, Govt. of India)",week21.pdf,week21.pdf Weekly Surveillance,India / Maharashtra,Weekly Disease Outbreaks (Cases & Deaths),Primary official government weekly surveillance report,YES,NO,KEEP,Official primary outbreak surveillance report required for study window
NCDC weekly outbreaks/2023/week22.pdf,707818,PDF,CORE_PRIMARY_DATA,"NCDC / IDSP (MOHFW, Govt. of India)",week22.pdf,week22.pdf Weekly Surveillance,India / Maharashtra,Weekly Disease Outbreaks (Cases & Deaths),Primary official government weekly surveillance report,YES,NO,KEEP,Official primary outbreak surveillance report required for study window
NCDC weekly outbreaks/2023/week23.pdf,733034,PDF,CORE_PRIMARY_DATA,"NCDC / IDSP (MOHFW, Govt. of India)",week23.pdf,week23.pdf Weekly Surveillance,India / Maharashtra,Weekly Disease Outbreaks (Cases & Deaths),Primary official government weekly surveillance report,YES,NO,KEEP,Official primary outbreak surveillance report required for study window
NCDC weekly outbreaks/2023/week24.pdf,633515,PDF,CORE_PRIMARY_DATA,"NCDC / IDSP (MOHFW, Govt. of India)",week24.pdf,week24.pdf Weekly Surveillance,India / Maharashtra,Weekly Disease Outbreaks (Cases & Deaths),Primary official government weekly surveillance report,YES,NO,KEEP,Official primary outbreak surveillance report required for study window
NCDC weekly outbreaks/2023/week25.pdf,942537,PDF,CORE_PRIMARY_DATA,"NCDC / IDSP (MOHFW, Govt. of India)",week25.pdf,week25.pdf Weekly Surveillance,India / Maharashtra,Weekly Disease Outbreaks (Cases & Deaths),Primary official government weekly surveillance report,YES,NO,KEEP,Official primary outbreak surveillance report required for study window
NCDC weekly outbreaks/2023/week26.pdf,917768,PDF,CORE_PRIMARY_DATA,"NCDC / IDSP (MOHFW, Govt. of India)",week26.pdf,week26.pdf Weekly Surveillance,India / Maharashtra,Weekly Disease Outbreaks (Cases & Deaths),Primary official government weekly surveillance report,YES,NO,KEEP,Official primary outbreak surveillance report required for study window
NCDC weekly outbreaks/2023/week27.pdf,864450,PDF,CORE_PRIMARY_DATA,"NCDC / IDSP (MOHFW, Govt. of India)",week27.pdf,week27.pdf Weekly Surveillance,India / Maharashtra,Weekly Disease Outbreaks (Cases & Deaths),Primary official government weekly surveillance report,YES,NO,KEEP,Official primary outbreak surveillance report required for study window
NCDC weekly outbreaks/2023/week28.pdf,877260,PDF,CORE_PRIMARY_DATA,"NCDC / IDSP (MOHFW, Govt. of India)",week28.pdf,week28.pdf Weekly Surveillance,India / Maharashtra,Weekly Disease Outbreaks (Cases & Deaths),Primary official government weekly surveillance report,YES,NO,KEEP,Official primary outbreak surveillance report required for study window
NCDC weekly outbreaks/2023/week29.pdf,755578,PDF,CORE_PRIMARY_DATA,"NCDC / IDSP (MOHFW, Govt. of India)",week29.pdf,week29.pdf Weekly Surveillance,India / Maharashtra,Weekly Disease Outbreaks (Cases & Deaths),Primary official government weekly surveillance report,YES,NO,KEEP,Official primary outbreak surveillance report required for study window
NCDC weekly outbreaks/2023/week3.pdf,564808,PDF,CORE_PRIMARY_DATA,"NCDC / IDSP (MOHFW, Govt. of India)",week3.pdf,week3.pdf Weekly Surveillance,India / Maharashtra,Weekly Disease Outbreaks (Cases & Deaths),Primary official government weekly surveillance report,YES,NO,KEEP,Official primary outbreak surveillance report required for study window
NCDC weekly outbreaks/2023/week30.pdf,726902,PDF,CORE_PRIMARY_DATA,"NCDC / IDSP (MOHFW, Govt. of India)",week30.pdf,week30.pdf Weekly Surveillance,India / Maharashtra,Weekly Disease Outbreaks (Cases & Deaths),Primary official government weekly surveillance report,YES,NO,KEEP,Official primary outbreak surveillance report required for study window
NCDC weekly outbreaks/2023/week31.pdf,851745,PDF,CORE_PRIMARY_DATA,"NCDC / IDSP (MOHFW, Govt. of India)",week31.pdf,week31.pdf Weekly Surveillance,India / Maharashtra,Weekly Disease Outbreaks (Cases & Deaths),Primary official government weekly surveillance report,YES,NO,KEEP,Official primary outbreak surveillance report required for study window
NCDC weekly outbreaks/2023/week32.pdf,689392,PDF,CORE_PRIMARY_DATA,"NCDC / IDSP (MOHFW, Govt. of India)",week32.pdf,week32.pdf Weekly Surveillance,India / Maharashtra,Weekly Disease Outbreaks (Cases & Deaths),Primary official government weekly surveillance report,YES,NO,KEEP,Official primary outbreak surveillance report required for study window
NCDC weekly outbreaks/2023/week33.pdf,1023997,PDF,CORE_PRIMARY_DATA,"NCDC / IDSP (MOHFW, Govt. of India)",week33.pdf,week33.pdf Weekly Surveillance,India / Maharashtra,Weekly Disease Outbreaks (Cases & Deaths),Primary official government weekly surveillance report,YES,NO,KEEP,Official primary outbreak surveillance report required for study window
NCDC weekly outbreaks/2023/week34.pdf,781924,PDF,CORE_PRIMARY_DATA,"NCDC / IDSP (MOHFW, Govt. of India)",week34.pdf,week34.pdf Weekly Surveillance,India / Maharashtra,Weekly Disease Outbreaks (Cases & Deaths),Primary official government weekly surveillance report,YES,NO,KEEP,Official primary outbreak surveillance report required for study window
NCDC weekly outbreaks/2023/week35.pdf,1213292,PDF,CORE_PRIMARY_DATA,"NCDC / IDSP (MOHFW, Govt. of India)",week35.pdf,week35.pdf Weekly Surveillance,India / Maharashtra,Weekly Disease Outbreaks (Cases & Deaths),Primary official government weekly surveillance report,YES,NO,KEEP,Official primary outbreak surveillance report required for study window
NCDC weekly outbreaks/2023/week36.pdf,849288,PDF,CORE_PRIMARY_DATA,"NCDC / IDSP (MOHFW, Govt. of India)",week36.pdf,week36.pdf Weekly Surveillance,India / Maharashtra,Weekly Disease Outbreaks (Cases & Deaths),Primary official government weekly surveillance report,YES,NO,KEEP,Official primary outbreak surveillance report required for study window
NCDC weekly outbreaks/2023/week37.pdf,905740,PDF,CORE_PRIMARY_DATA,"NCDC / IDSP (MOHFW, Govt. of India)",week37.pdf,week37.pdf Weekly Surveillance,India / Maharashtra,Weekly Disease Outbreaks (Cases & Deaths),Primary official government weekly surveillance report,YES,NO,KEEP,Official primary outbreak surveillance report required for study window
NCDC weekly outbreaks/2023/week38.pdf,850439,PDF,CORE_PRIMARY_DATA,"NCDC / IDSP (MOHFW, Govt. of India)",week38.pdf,week38.pdf Weekly Surveillance,India / Maharashtra,Weekly Disease Outbreaks (Cases & Deaths),Primary official government weekly surveillance report,YES,NO,KEEP,Official primary outbreak surveillance report required for study window
NCDC weekly outbreaks/2023/week39.pdf,848129,PDF,CORE_PRIMARY_DATA,"NCDC / IDSP (MOHFW, Govt. of India)",week39.pdf,week39.pdf Weekly Surveillance,India / Maharashtra,Weekly Disease Outbreaks (Cases & Deaths),Primary official government weekly surveillance report,YES,NO,KEEP,Official primary outbreak surveillance report required for study window
NCDC weekly outbreaks/2023/week4.pdf,543549,PDF,CORE_PRIMARY_DATA,"NCDC / IDSP (MOHFW, Govt. of India)",week4.pdf,week4.pdf Weekly Surveillance,India / Maharashtra,Weekly Disease Outbreaks (Cases & Deaths),Primary official government weekly surveillance report,YES,NO,KEEP,Official primary outbreak surveillance report required for study window
NCDC weekly outbreaks/2023/week40.pdf,843243,PDF,CORE_PRIMARY_DATA,"NCDC / IDSP (MOHFW, Govt. of India)",week40.pdf,week40.pdf Weekly Surveillance,India / Maharashtra,Weekly Disease Outbreaks (Cases & Deaths),Primary official government weekly surveillance report,YES,NO,KEEP,Official primary outbreak surveillance report required for study window
NCDC weekly outbreaks/2023/week41.pdf,718021,PDF,CORE_PRIMARY_DATA,"NCDC / IDSP (MOHFW, Govt. of India)",week41.pdf,week41.pdf Weekly Surveillance,India / Maharashtra,Weekly Disease Outbreaks (Cases & Deaths),Primary official government weekly surveillance report,YES,NO,KEEP,Official primary outbreak surveillance report required for study window
NCDC weekly outbreaks/2023/week42.pdf,928783,PDF,CORE_PRIMARY_DATA,"NCDC / IDSP (MOHFW, Govt. of India)",week42.pdf,week42.pdf Weekly Surveillance,India / Maharashtra,Weekly Disease Outbreaks (Cases & Deaths),Primary official government weekly surveillance report,YES,NO,KEEP,Official primary outbreak surveillance report required for study window
NCDC weekly outbreaks/2023/week43.pdf,789286,PDF,CORE_PRIMARY_DATA,"NCDC / IDSP (MOHFW, Govt. of India)",week43.pdf,week43.pdf Weekly Surveillance,India / Maharashtra,Weekly Disease Outbreaks (Cases & Deaths),Primary official government weekly surveillance report,YES,NO,KEEP,Official primary outbreak surveillance report required for study window
NCDC weekly outbreaks/2023/week44.pdf,704274,PDF,CORE_PRIMARY_DATA,"NCDC / IDSP (MOHFW, Govt. of India)",week44.pdf,week44.pdf Weekly Surveillance,India / Maharashtra,Weekly Disease Outbreaks (Cases & Deaths),Primary official government weekly surveillance report,YES,NO,KEEP,Official primary outbreak surveillance report required for study window
NCDC weekly outbreaks/2023/week45.pdf,718310,PDF,CORE_PRIMARY_DATA,"NCDC / IDSP (MOHFW, Govt. of India)",week45.pdf,week45.pdf Weekly Surveillance,India / Maharashtra,Weekly Disease Outbreaks (Cases & Deaths),Primary official government weekly surveillance report,YES,NO,KEEP,Official primary outbreak surveillance report required for study window
NCDC weekly outbreaks/2023/week46.pdf,611714,PDF,CORE_PRIMARY_DATA,"NCDC / IDSP (MOHFW, Govt. of India)",week46.pdf,week46.pdf Weekly Surveillance,India / Maharashtra,Weekly Disease Outbreaks (Cases & Deaths),Primary official government weekly surveillance report,YES,NO,KEEP,Official primary outbreak surveillance report required for study window
NCDC weekly outbreaks/2023/week47.pdf,849432,PDF,CORE_PRIMARY_DATA,"NCDC / IDSP (MOHFW, Govt. of India)",week47.pdf,week47.pdf Weekly Surveillance,India / Maharashtra,Weekly Disease Outbreaks (Cases & Deaths),Primary official government weekly surveillance report,YES,NO,KEEP,Official primary outbreak surveillance report required for study window
NCDC weekly outbreaks/2023/week48.pdf,615141,PDF,CORE_PRIMARY_DATA,"NCDC / IDSP (MOHFW, Govt. of India)",week48.pdf,week48.pdf Weekly Surveillance,India / Maharashtra,Weekly Disease Outbreaks (Cases & Deaths),Primary official government weekly surveillance report,YES,NO,KEEP,Official primary outbreak surveillance report required for study window
NCDC weekly outbreaks/2023/week49.pdf,794600,PDF,CORE_PRIMARY_DATA,"NCDC / IDSP (MOHFW, Govt. of India)",week49.pdf,week49.pdf Weekly Surveillance,India / Maharashtra,Weekly Disease Outbreaks (Cases & Deaths),Primary official government weekly surveillance report,YES,NO,KEEP,Official primary outbreak surveillance report required for study window
NCDC weekly outbreaks/2023/week5.pdf,653250,PDF,CORE_PRIMARY_DATA,"NCDC / IDSP (MOHFW, Govt. of India)",week5.pdf,week5.pdf Weekly Surveillance,India / Maharashtra,Weekly Disease Outbreaks (Cases & Deaths),Primary official government weekly surveillance report,YES,NO,KEEP,Official primary outbreak surveillance report required for study window
NCDC weekly outbreaks/2023/week50_1788952212.pdf,666846,PDF,CORE_PRIMARY_DATA,"NCDC / IDSP (MOHFW, Govt. of India)",week50_1788952212.pdf,week50_1788952212.pdf Weekly Surveillance,India / Maharashtra,Weekly Disease Outbreaks (Cases & Deaths),Primary official government weekly surveillance report,YES,NO,KEEP,Official primary outbreak surveillance report required for study window
NCDC weekly outbreaks/2023/week6.pdf,724717,PDF,CORE_PRIMARY_DATA,"NCDC / IDSP (MOHFW, Govt. of India)",week6.pdf,week6.pdf Weekly Surveillance,India / Maharashtra,Weekly Disease Outbreaks (Cases & Deaths),Primary official government weekly surveillance report,YES,NO,KEEP,Official primary outbreak surveillance report required for study window
NCDC weekly outbreaks/2023/week7.pdf,715956,PDF,CORE_PRIMARY_DATA,"NCDC / IDSP (MOHFW, Govt. of India)",week7.pdf,week7.pdf Weekly Surveillance,India / Maharashtra,Weekly Disease Outbreaks (Cases & Deaths),Primary official government weekly surveillance report,YES,NO,KEEP,Official primary outbreak surveillance report required for study window
NCDC weekly outbreaks/2023/week8.pdf,723525,PDF,CORE_PRIMARY_DATA,"NCDC / IDSP (MOHFW, Govt. of India)",week8.pdf,week8.pdf Weekly Surveillance,India / Maharashtra,Weekly Disease Outbreaks (Cases & Deaths),Primary official government weekly surveillance report,YES,NO,KEEP,Official primary outbreak surveillance report required for study window
NCDC weekly outbreaks/2023/week9.pdf,554693,PDF,CORE_PRIMARY_DATA,"NCDC / IDSP (MOHFW, Govt. of India)",week9.pdf,week9.pdf Weekly Surveillance,India / Maharashtra,Weekly Disease Outbreaks (Cases & Deaths),Primary official government weekly surveillance report,YES,NO,KEEP,Official primary outbreak surveillance report required for study window
NCDC weekly outbreaks/2024/week10_1788951380.pdf,691389,PDF,CORE_PRIMARY_DATA,"NCDC / IDSP (MOHFW, Govt. of India)",week10_1788951380.pdf,week10_1788951380.pdf Weekly Surveillance,India / Maharashtra,Weekly Disease Outbreaks (Cases & Deaths),Primary official government weekly surveillance report,YES,NO,KEEP,Official primary outbreak surveillance report required for study window
NCDC weekly outbreaks/2024/week11_1788951396.pdf,978519,PDF,CORE_PRIMARY_DATA,"NCDC / IDSP (MOHFW, Govt. of India)",week11_1788951396.pdf,week11_1788951396.pdf Weekly Surveillance,India / Maharashtra,Weekly Disease Outbreaks (Cases & Deaths),Primary official government weekly surveillance report,YES,NO,KEEP,Official primary outbreak surveillance report required for study window
NCDC weekly outbreaks/2024/week12_1788951408.pdf,788273,PDF,CORE_PRIMARY_DATA,"NCDC / IDSP (MOHFW, Govt. of India)",week12_1788951408.pdf,week12_1788951408.pdf Weekly Surveillance,India / Maharashtra,Weekly Disease Outbreaks (Cases & Deaths),Primary official government weekly surveillance report,YES,NO,KEEP,Official primary outbreak surveillance report required for study window
NCDC weekly outbreaks/2024/week13_1788951420.pdf,782509,PDF,CORE_PRIMARY_DATA,"NCDC / IDSP (MOHFW, Govt. of India)",week13_1788951420.pdf,week13_1788951420.pdf Weekly Surveillance,India / Maharashtra,Weekly Disease Outbreaks (Cases & Deaths),Primary official government weekly surveillance report,YES,NO,KEEP,Official primary outbreak surveillance report required for study window
NCDC weekly outbreaks/2024/week14_1788951433.pdf,755766,PDF,CORE_PRIMARY_DATA,"NCDC / IDSP (MOHFW, Govt. of India)",week14_1788951433.pdf,week14_1788951433.pdf Weekly Surveillance,India / Maharashtra,Weekly Disease Outbreaks (Cases & Deaths),Primary official government weekly surveillance report,YES,NO,KEEP,Official primary outbreak surveillance report required for study window
NCDC weekly outbreaks/2024/week15_1788951443.pdf,911568,PDF,CORE_PRIMARY_DATA,"NCDC / IDSP (MOHFW, Govt. of India)",week15_1788951443.pdf,week15_1788951443.pdf Weekly Surveillance,India / Maharashtra,Weekly Disease Outbreaks (Cases & Deaths),Primary official government weekly surveillance report,YES,NO,KEEP,Official primary outbreak surveillance report required for study window
NCDC weekly outbreaks/2024/week16_1788951454.pdf,797905,PDF,CORE_PRIMARY_DATA,"NCDC / IDSP (MOHFW, Govt. of India)",week16_1788951454.pdf,week16_1788951454.pdf Weekly Surveillance,India / Maharashtra,Weekly Disease Outbreaks (Cases & Deaths),Primary official government weekly surveillance report,YES,NO,KEEP,Official primary outbreak surveillance report required for study window
NCDC weekly outbreaks/2024/week17_1788951485.pdf,920362,PDF,CORE_PRIMARY_DATA,"NCDC / IDSP (MOHFW, Govt. of India)",week17_1788951485.pdf,week17_1788951485.pdf Weekly Surveillance,India / Maharashtra,Weekly Disease Outbreaks (Cases & Deaths),Primary official government weekly surveillance report,YES,NO,KEEP,Official primary outbreak surveillance report required for study window
NCDC weekly outbreaks/2024/week18_1788951496.pdf,866989,PDF,CORE_PRIMARY_DATA,"NCDC / IDSP (MOHFW, Govt. of India)",week18_1788951496.pdf,week18_1788951496.pdf Weekly Surveillance,India / Maharashtra,Weekly Disease Outbreaks (Cases & Deaths),Primary official government weekly surveillance report,YES,NO,KEEP,Official primary outbreak surveillance report required for study window
NCDC weekly outbreaks/2024/week19_1788951508.pdf,963998,PDF,CORE_PRIMARY_DATA,"NCDC / IDSP (MOHFW, Govt. of India)",week19_1788951508.pdf,week19_1788951508.pdf Weekly Surveillance,India / Maharashtra,Weekly Disease Outbreaks (Cases & Deaths),Primary official government weekly surveillance report,YES,NO,KEEP,Official primary outbreak surveillance report required for study window
NCDC weekly outbreaks/2024/week1_1788951246.pdf,961723,PDF,CORE_PRIMARY_DATA,"NCDC / IDSP (MOHFW, Govt. of India)",week1_1788951246.pdf,week1_1788951246.pdf Weekly Surveillance,India / Maharashtra,Weekly Disease Outbreaks (Cases & Deaths),Primary official government weekly surveillance report,YES,NO,KEEP,Official primary outbreak surveillance report required for study window
NCDC weekly outbreaks/2024/week20_1788951522.pdf,962411,PDF,CORE_PRIMARY_DATA,"NCDC / IDSP (MOHFW, Govt. of India)",week20_1788951522.pdf,week20_1788951522.pdf Weekly Surveillance,India / Maharashtra,Weekly Disease Outbreaks (Cases & Deaths),Primary official government weekly surveillance report,YES,NO,KEEP,Official primary outbreak surveillance report required for study window
NCDC weekly outbreaks/2024/week21_1788951532.pdf,936534,PDF,CORE_PRIMARY_DATA,"NCDC / IDSP (MOHFW, Govt. of India)",week21_1788951532.pdf,week21_1788951532.pdf Weekly Surveillance,India / Maharashtra,Weekly Disease Outbreaks (Cases & Deaths),Primary official government weekly surveillance report,YES,NO,KEEP,Official primary outbreak surveillance report required for study window
NCDC weekly outbreaks/2024/week22_1788951544.pdf,888674,PDF,CORE_PRIMARY_DATA,"NCDC / IDSP (MOHFW, Govt. of India)",week22_1788951544.pdf,week22_1788951544.pdf Weekly Surveillance,India / Maharashtra,Weekly Disease Outbreaks (Cases & Deaths),Primary official government weekly surveillance report,YES,NO,KEEP,Official primary outbreak surveillance report required for study window
NCDC weekly outbreaks/2024/week23_1788951559.pdf,804402,PDF,CORE_PRIMARY_DATA,"NCDC / IDSP (MOHFW, Govt. of India)",week23_1788951559.pdf,week23_1788951559.pdf Weekly Surveillance,India / Maharashtra,Weekly Disease Outbreaks (Cases & Deaths),Primary official government weekly surveillance report,YES,NO,KEEP,Official primary outbreak surveillance report required for study window
NCDC weekly outbreaks/2024/week24_1788951570.pdf,903573,PDF,CORE_PRIMARY_DATA,"NCDC / IDSP (MOHFW, Govt. of India)",week24_1788951570.pdf,week24_1788951570.pdf Weekly Surveillance,India / Maharashtra,Weekly Disease Outbreaks (Cases & Deaths),Primary official government weekly surveillance report,YES,NO,KEEP,Official primary outbreak surveillance report required for study window
NCDC weekly outbreaks/2024/week25_1788951582.pdf,890037,PDF,CORE_PRIMARY_DATA,"NCDC / IDSP (MOHFW, Govt. of India)",week25_1788951582.pdf,week25_1788951582.pdf Weekly Surveillance,India / Maharashtra,Weekly Disease Outbreaks (Cases & Deaths),Primary official government weekly surveillance report,YES,NO,KEEP,Official primary outbreak surveillance report required for study window
NCDC weekly outbreaks/2024/week26_1788951715.pdf,1406461,PDF,CORE_PRIMARY_DATA,"NCDC / IDSP (MOHFW, Govt. of India)",week26_1788951715.pdf,week26_1788951715.pdf Weekly Surveillance,India / Maharashtra,Weekly Disease Outbreaks (Cases & Deaths),Primary official government weekly surveillance report,YES,NO,KEEP,Official primary outbreak surveillance report required for study window
NCDC weekly outbreaks/2024/week27_1788951732.pdf,1184244,PDF,CORE_PRIMARY_DATA,"NCDC / IDSP (MOHFW, Govt. of India)",week27_1788951732.pdf,week27_1788951732.pdf Weekly Surveillance,India / Maharashtra,Weekly Disease Outbreaks (Cases & Deaths),Primary official government weekly surveillance report,YES,NO,KEEP,Official primary outbreak surveillance report required for study window
NCDC weekly outbreaks/2024/week28_1788951744.pdf,1708162,PDF,CORE_PRIMARY_DATA,"NCDC / IDSP (MOHFW, Govt. of India)",week28_1788951744.pdf,week28_1788951744.pdf Weekly Surveillance,India / Maharashtra,Weekly Disease Outbreaks (Cases & Deaths),Primary official government weekly surveillance report,YES,NO,KEEP,Official primary outbreak surveillance report required for study window
NCDC weekly outbreaks/2024/week29_1788951764.pdf,1189800,PDF,CORE_PRIMARY_DATA,"NCDC / IDSP (MOHFW, Govt. of India)",week29_1788951764.pdf,week29_1788951764.pdf Weekly Surveillance,India / Maharashtra,Weekly Disease Outbreaks (Cases & Deaths),Primary official government weekly surveillance report,YES,NO,KEEP,Official primary outbreak surveillance report required for study window
NCDC weekly outbreaks/2024/week2_1788951271.pdf,859437,PDF,CORE_PRIMARY_DATA,"NCDC / IDSP (MOHFW, Govt. of India)",week2_1788951271.pdf,week2_1788951271.pdf Weekly Surveillance,India / Maharashtra,Weekly Disease Outbreaks (Cases & Deaths),Primary official government weekly surveillance report,YES,NO,KEEP,Official primary outbreak surveillance report required for study window
NCDC weekly outbreaks/2024/week30_1788951797.pdf,1023592,PDF,CORE_PRIMARY_DATA,"NCDC / IDSP (MOHFW, Govt. of India)",week30_1788951797.pdf,week30_1788951797.pdf Weekly Surveillance,India / Maharashtra,Weekly Disease Outbreaks (Cases & Deaths),Primary official government weekly surveillance report,YES,NO,KEEP,Official primary outbreak surveillance report required for study window
NCDC weekly outbreaks/2024/week31_1788951810.pdf,1220521,PDF,CORE_PRIMARY_DATA,"NCDC / IDSP (MOHFW, Govt. of India)",week31_1788951810.pdf,week31_1788951810.pdf Weekly Surveillance,India / Maharashtra,Weekly Disease Outbreaks (Cases & Deaths),Primary official government weekly surveillance report,YES,NO,KEEP,Official primary outbreak surveillance report required for study window
NCDC weekly outbreaks/2024/week32_1788951820.pdf,1318615,PDF,CORE_PRIMARY_DATA,"NCDC / IDSP (MOHFW, Govt. of India)",week32_1788951820.pdf,week32_1788951820.pdf Weekly Surveillance,India / Maharashtra,Weekly Disease Outbreaks (Cases & Deaths),Primary official government weekly surveillance report,YES,NO,KEEP,Official primary outbreak surveillance report required for study window
NCDC weekly outbreaks/2024/week33_1788951845.pdf,1077366,PDF,CORE_PRIMARY_DATA,"NCDC / IDSP (MOHFW, Govt. of India)",week33_1788951845.pdf,week33_1788951845.pdf Weekly Surveillance,India / Maharashtra,Weekly Disease Outbreaks (Cases & Deaths),Primary official government weekly surveillance report,YES,NO,KEEP,Official primary outbreak surveillance report required for study window
NCDC weekly outbreaks/2024/week34_1788951861.pdf,1181485,PDF,CORE_PRIMARY_DATA,"NCDC / IDSP (MOHFW, Govt. of India)",week34_1788951861.pdf,week34_1788951861.pdf Weekly Surveillance,India / Maharashtra,Weekly Disease Outbreaks (Cases & Deaths),Primary official government weekly surveillance report,YES,NO,KEEP,Official primary outbreak surveillance report required for study window
NCDC weekly outbreaks/2024/week35_1788951873.pdf,784127,PDF,CORE_PRIMARY_DATA,"NCDC / IDSP (MOHFW, Govt. of India)",week35_1788951873.pdf,week35_1788951873.pdf Weekly Surveillance,India / Maharashtra,Weekly Disease Outbreaks (Cases & Deaths),Primary official government weekly surveillance report,YES,NO,KEEP,Official primary outbreak surveillance report required for study window
NCDC weekly outbreaks/2024/week36_1788951892.pdf,750123,PDF,CORE_PRIMARY_DATA,"NCDC / IDSP (MOHFW, Govt. of India)",week36_1788951892.pdf,week36_1788951892.pdf Weekly Surveillance,India / Maharashtra,Weekly Disease Outbreaks (Cases & Deaths),Primary official government weekly surveillance report,YES,NO,KEEP,Official primary outbreak surveillance report required for study window
NCDC weekly outbreaks/2024/week37_1788951903.pdf,740803,PDF,CORE_PRIMARY_DATA,"NCDC / IDSP (MOHFW, Govt. of India)",week37_1788951903.pdf,week37_1788951903.pdf Weekly Surveillance,India / Maharashtra,Weekly Disease Outbreaks (Cases & Deaths),Primary official government weekly surveillance report,YES,NO,KEEP,Official primary outbreak surveillance report required for study window
NCDC weekly outbreaks/2024/week38_1788951915.pdf,838695,PDF,CORE_PRIMARY_DATA,"NCDC / IDSP (MOHFW, Govt. of India)",week38_1788951915.pdf,week38_1788951915.pdf Weekly Surveillance,India / Maharashtra,Weekly Disease Outbreaks (Cases & Deaths),Primary official government weekly surveillance report,YES,NO,KEEP,Official primary outbreak surveillance report required for study window
NCDC weekly outbreaks/2024/week39_1788951925.pdf,767154,PDF,CORE_PRIMARY_DATA,"NCDC / IDSP (MOHFW, Govt. of India)",week39_1788951925.pdf,week39_1788951925.pdf Weekly Surveillance,India / Maharashtra,Weekly Disease Outbreaks (Cases & Deaths),Primary official government weekly surveillance report,YES,NO,KEEP,Official primary outbreak surveillance report required for study window
NCDC weekly outbreaks/2024/week3_1788951287.pdf,660226,PDF,CORE_PRIMARY_DATA,"NCDC / IDSP (MOHFW, Govt. of India)",week3_1788951287.pdf,week3_1788951287.pdf Weekly Surveillance,India / Maharashtra,Weekly Disease Outbreaks (Cases & Deaths),Primary official government weekly surveillance report,YES,NO,KEEP,Official primary outbreak surveillance report required for study window
NCDC weekly outbreaks/2024/week40_1788951939.pdf,769703,PDF,CORE_PRIMARY_DATA,"NCDC / IDSP (MOHFW, Govt. of India)",week40_1788951939.pdf,week40_1788951939.pdf Weekly Surveillance,India / Maharashtra,Weekly Disease Outbreaks (Cases & Deaths),Primary official government weekly surveillance report,YES,NO,KEEP,Official primary outbreak surveillance report required for study window
NCDC weekly outbreaks/2024/week41_1788951950.pdf,662220,PDF,CORE_PRIMARY_DATA,"NCDC / IDSP (MOHFW, Govt. of India)",week41_1788951950.pdf,week41_1788951950.pdf Weekly Surveillance,India / Maharashtra,Weekly Disease Outbreaks (Cases & Deaths),Primary official government weekly surveillance report,YES,NO,KEEP,Official primary outbreak surveillance report required for study window
NCDC weekly outbreaks/2024/week42_1788951961.pdf,855072,PDF,CORE_PRIMARY_DATA,"NCDC / IDSP (MOHFW, Govt. of India)",week42_1788951961.pdf,week42_1788951961.pdf Weekly Surveillance,India / Maharashtra,Weekly Disease Outbreaks (Cases & Deaths),Primary official government weekly surveillance report,YES,NO,KEEP,Official primary outbreak surveillance report required for study window
NCDC weekly outbreaks/2024/week43_1788951974.pdf,717757,PDF,CORE_PRIMARY_DATA,"NCDC / IDSP (MOHFW, Govt. of India)",week43_1788951974.pdf,week43_1788951974.pdf Weekly Surveillance,India / Maharashtra,Weekly Disease Outbreaks (Cases & Deaths),Primary official government weekly surveillance report,YES,NO,KEEP,Official primary outbreak surveillance report required for study window
NCDC weekly outbreaks/2024/week44_1788951993.pdf,829143,PDF,CORE_PRIMARY_DATA,"NCDC / IDSP (MOHFW, Govt. of India)",week44_1788951993.pdf,week44_1788951993.pdf Weekly Surveillance,India / Maharashtra,Weekly Disease Outbreaks (Cases & Deaths),Primary official government weekly surveillance report,YES,NO,KEEP,Official primary outbreak surveillance report required for study window
NCDC weekly outbreaks/2024/week45_1788952004.pdf,693325,PDF,CORE_PRIMARY_DATA,"NCDC / IDSP (MOHFW, Govt. of India)",week45_1788952004.pdf,week45_1788952004.pdf Weekly Surveillance,India / Maharashtra,Weekly Disease Outbreaks (Cases & Deaths),Primary official government weekly surveillance report,YES,NO,KEEP,Official primary outbreak surveillance report required for study window
NCDC weekly outbreaks/2024/week46_1788952017.pdf,823696,PDF,CORE_PRIMARY_DATA,"NCDC / IDSP (MOHFW, Govt. of India)",week46_1788952017.pdf,week46_1788952017.pdf Weekly Surveillance,India / Maharashtra,Weekly Disease Outbreaks (Cases & Deaths),Primary official government weekly surveillance report,YES,NO,KEEP,Official primary outbreak surveillance report required for study window
NCDC weekly outbreaks/2024/week47_1788952028.pdf,724069,PDF,CORE_PRIMARY_DATA,"NCDC / IDSP (MOHFW, Govt. of India)",week47_1788952028.pdf,week47_1788952028.pdf Weekly Surveillance,India / Maharashtra,Weekly Disease Outbreaks (Cases & Deaths),Primary official government weekly surveillance report,YES,NO,KEEP,Official primary outbreak surveillance report required for study window
NCDC weekly outbreaks/2024/week48_1788952041.pdf,817602,PDF,CORE_PRIMARY_DATA,"NCDC / IDSP (MOHFW, Govt. of India)",week48_1788952041.pdf,week48_1788952041.pdf Weekly Surveillance,India / Maharashtra,Weekly Disease Outbreaks (Cases & Deaths),Primary official government weekly surveillance report,YES,NO,KEEP,Official primary outbreak surveillance report required for study window
NCDC weekly outbreaks/2024/week49_1788952055.pdf,617541,PDF,CORE_PRIMARY_DATA,"NCDC / IDSP (MOHFW, Govt. of India)",week49_1788952055.pdf,week49_1788952055.pdf Weekly Surveillance,India / Maharashtra,Weekly Disease Outbreaks (Cases & Deaths),Primary official government weekly surveillance report,YES,NO,KEEP,Official primary outbreak surveillance report required for study window
NCDC weekly outbreaks/2024/week4_1788951299.pdf,740809,PDF,CORE_PRIMARY_DATA,"NCDC / IDSP (MOHFW, Govt. of India)",week4_1788951299.pdf,week4_1788951299.pdf Weekly Surveillance,India / Maharashtra,Weekly Disease Outbreaks (Cases & Deaths),Primary official government weekly surveillance report,YES,NO,KEEP,Official primary outbreak surveillance report required for study window
NCDC weekly outbreaks/2024/week50_1788952068.pdf,804646,PDF,CORE_PRIMARY_DATA,"NCDC / IDSP (MOHFW, Govt. of India)",week50_1788952068.pdf,week50_1788952068.pdf Weekly Surveillance,India / Maharashtra,Weekly Disease Outbreaks (Cases & Deaths),Primary official government weekly surveillance report,YES,NO,KEEP,Official primary outbreak surveillance report required for study window
NCDC weekly outbreaks/2024/week51_1788952079.pdf,638261,PDF,CORE_PRIMARY_DATA,"NCDC / IDSP (MOHFW, Govt. of India)",week51_1788952079.pdf,week51_1788952079.pdf Weekly Surveillance,India / Maharashtra,Weekly Disease Outbreaks (Cases & Deaths),Primary official government weekly surveillance report,YES,NO,KEEP,Official primary outbreak surveillance report required for study window
NCDC weekly outbreaks/2024/week52_1788952090.pdf,632353,PDF,CORE_PRIMARY_DATA,"NCDC / IDSP (MOHFW, Govt. of India)",week52_1788952090.pdf,week52_1788952090.pdf Weekly Surveillance,India / Maharashtra,Weekly Disease Outbreaks (Cases & Deaths),Primary official government weekly surveillance report,YES,NO,KEEP,Official primary outbreak surveillance report required for study window
NCDC weekly outbreaks/2024/week5_1788951308.pdf,740512,PDF,CORE_PRIMARY_DATA,"NCDC / IDSP (MOHFW, Govt. of India)",week5_1788951308.pdf,week5_1788951308.pdf Weekly Surveillance,India / Maharashtra,Weekly Disease Outbreaks (Cases & Deaths),Primary official government weekly surveillance report,YES,NO,KEEP,Official primary outbreak surveillance report required for study window
NCDC weekly outbreaks/2024/week6_1788951327.pdf,690248,PDF,CORE_PRIMARY_DATA,"NCDC / IDSP (MOHFW, Govt. of India)",week6_1788951327.pdf,week6_1788951327.pdf Weekly Surveillance,India / Maharashtra,Weekly Disease Outbreaks (Cases & Deaths),Primary official government weekly surveillance report,YES,NO,KEEP,Official primary outbreak surveillance report required for study window
NCDC weekly outbreaks/2024/week7_1788951339.pdf,832525,PDF,CORE_PRIMARY_DATA,"NCDC / IDSP (MOHFW, Govt. of India)",week7_1788951339.pdf,week7_1788951339.pdf Weekly Surveillance,India / Maharashtra,Weekly Disease Outbreaks (Cases & Deaths),Primary official government weekly surveillance report,YES,NO,KEEP,Official primary outbreak surveillance report required for study window
NCDC weekly outbreaks/2024/week8_1788951359.pdf,736802,PDF,CORE_PRIMARY_DATA,"NCDC / IDSP (MOHFW, Govt. of India)",week8_1788951359.pdf,week8_1788951359.pdf Weekly Surveillance,India / Maharashtra,Weekly Disease Outbreaks (Cases & Deaths),Primary official government weekly surveillance report,YES,NO,KEEP,Official primary outbreak surveillance report required for study window
NCDC weekly outbreaks/2024/week9_1788951370.pdf,790156,PDF,CORE_PRIMARY_DATA,"NCDC / IDSP (MOHFW, Govt. of India)",week9_1788951370.pdf,week9_1788951370.pdf Weekly Surveillance,India / Maharashtra,Weekly Disease Outbreaks (Cases & Deaths),Primary official government weekly surveillance report,YES,NO,KEEP,Official primary outbreak surveillance report required for study window
NCDC weekly outbreaks/2025/week10_1788950298.pdf,744093,PDF,CORE_PRIMARY_DATA,"NCDC / IDSP (MOHFW, Govt. of India)",week10_1788950298.pdf,week10_1788950298.pdf Weekly Surveillance,India / Maharashtra,Weekly Disease Outbreaks (Cases & Deaths),Primary official government weekly surveillance report,YES,NO,KEEP,Official primary outbreak surveillance report required for study window
NCDC weekly outbreaks/2025/week11_1788950540.pdf,770712,PDF,CORE_PRIMARY_DATA,"NCDC / IDSP (MOHFW, Govt. of India)",week11_1788950540.pdf,week11_1788950540.pdf Weekly Surveillance,India / Maharashtra,Weekly Disease Outbreaks (Cases & Deaths),Primary official government weekly surveillance report,YES,NO,KEEP,Official primary outbreak surveillance report required for study window
NCDC weekly outbreaks/2025/week12_1788950562.pdf,681302,PDF,CORE_PRIMARY_DATA,"NCDC / IDSP (MOHFW, Govt. of India)",week12_1788950562.pdf,week12_1788950562.pdf Weekly Surveillance,India / Maharashtra,Weekly Disease Outbreaks (Cases & Deaths),Primary official government weekly surveillance report,YES,NO,KEEP,Official primary outbreak surveillance report required for study window
NCDC weekly outbreaks/2025/week13_1788950576.pdf,667476,PDF,CORE_PRIMARY_DATA,"NCDC / IDSP (MOHFW, Govt. of India)",week13_1788950576.pdf,week13_1788950576.pdf Weekly Surveillance,India / Maharashtra,Weekly Disease Outbreaks (Cases & Deaths),Primary official government weekly surveillance report,YES,NO,KEEP,Official primary outbreak surveillance report required for study window
NCDC weekly outbreaks/2025/week14_1788950590.pdf,988445,PDF,CORE_PRIMARY_DATA,"NCDC / IDSP (MOHFW, Govt. of India)",week14_1788950590.pdf,week14_1788950590.pdf Weekly Surveillance,India / Maharashtra,Weekly Disease Outbreaks (Cases & Deaths),Primary official government weekly surveillance report,YES,NO,KEEP,Official primary outbreak surveillance report required for study window
NCDC weekly outbreaks/2025/week15_1788950605.pdf,882129,PDF,CORE_PRIMARY_DATA,"NCDC / IDSP (MOHFW, Govt. of India)",week15_1788950605.pdf,week15_1788950605.pdf Weekly Surveillance,India / Maharashtra,Weekly Disease Outbreaks (Cases & Deaths),Primary official government weekly surveillance report,YES,NO,KEEP,Official primary outbreak surveillance report required for study window
NCDC weekly outbreaks/2025/week16_1788950618.pdf,896886,PDF,CORE_PRIMARY_DATA,"NCDC / IDSP (MOHFW, Govt. of India)",week16_1788950618.pdf,week16_1788950618.pdf Weekly Surveillance,India / Maharashtra,Weekly Disease Outbreaks (Cases & Deaths),Primary official government weekly surveillance report,YES,NO,KEEP,Official primary outbreak surveillance report required for study window
NCDC weekly outbreaks/2025/week17_1788950632.pdf,929891,PDF,CORE_PRIMARY_DATA,"NCDC / IDSP (MOHFW, Govt. of India)",week17_1788950632.pdf,week17_1788950632.pdf Weekly Surveillance,India / Maharashtra,Weekly Disease Outbreaks (Cases & Deaths),Primary official government weekly surveillance report,YES,NO,KEEP,Official primary outbreak surveillance report required for study window
NCDC weekly outbreaks/2025/week18_1788950653.pdf,1319187,PDF,CORE_PRIMARY_DATA,"NCDC / IDSP (MOHFW, Govt. of India)",week18_1788950653.pdf,week18_1788950653.pdf Weekly Surveillance,India / Maharashtra,Weekly Disease Outbreaks (Cases & Deaths),Primary official government weekly surveillance report,YES,NO,KEEP,Official primary outbreak surveillance report required for study window
NCDC weekly outbreaks/2025/week19_1788950700.pdf,894208,PDF,CORE_PRIMARY_DATA,"NCDC / IDSP (MOHFW, Govt. of India)",week19_1788950700.pdf,week19_1788950700.pdf Weekly Surveillance,India / Maharashtra,Weekly Disease Outbreaks (Cases & Deaths),Primary official government weekly surveillance report,YES,NO,KEEP,Official primary outbreak surveillance report required for study window
NCDC weekly outbreaks/2025/week1_1788948201.pdf,594238,PDF,CORE_PRIMARY_DATA,"NCDC / IDSP (MOHFW, Govt. of India)",week1_1788948201.pdf,week1_1788948201.pdf Weekly Surveillance,India / Maharashtra,Weekly Disease Outbreaks (Cases & Deaths),Primary official government weekly surveillance report,YES,NO,KEEP,Official primary outbreak surveillance report required for study window
NCDC weekly outbreaks/2025/week20_1788950712.pdf,1171492,PDF,CORE_PRIMARY_DATA,"NCDC / IDSP (MOHFW, Govt. of India)",week20_1788950712.pdf,week20_1788950712.pdf Weekly Surveillance,India / Maharashtra,Weekly Disease Outbreaks (Cases & Deaths),Primary official government weekly surveillance report,YES,NO,KEEP,Official primary outbreak surveillance report required for study window
NCDC weekly outbreaks/2025/week21_1788950729.pdf,870302,PDF,CORE_PRIMARY_DATA,"NCDC / IDSP (MOHFW, Govt. of India)",week21_1788950729.pdf,week21_1788950729.pdf Weekly Surveillance,India / Maharashtra,Weekly Disease Outbreaks (Cases & Deaths),Primary official government weekly surveillance report,YES,NO,KEEP,Official primary outbreak surveillance report required for study window
NCDC weekly outbreaks/2025/week22_1788950742.pdf,705076,PDF,CORE_PRIMARY_DATA,"NCDC / IDSP (MOHFW, Govt. of India)",week22_1788950742.pdf,week22_1788950742.pdf Weekly Surveillance,India / Maharashtra,Weekly Disease Outbreaks (Cases & Deaths),Primary official government weekly surveillance report,YES,NO,KEEP,Official primary outbreak surveillance report required for study window
NCDC weekly outbreaks/2025/week23_1788950756.pdf,911930,PDF,CORE_PRIMARY_DATA,"NCDC / IDSP (MOHFW, Govt. of India)",week23_1788950756.pdf,week23_1788950756.pdf Weekly Surveillance,India / Maharashtra,Weekly Disease Outbreaks (Cases & Deaths),Primary official government weekly surveillance report,YES,NO,KEEP,Official primary outbreak surveillance report required for study window
NCDC weekly outbreaks/2025/week24_1788950775.pdf,1168222,PDF,CORE_PRIMARY_DATA,"NCDC / IDSP (MOHFW, Govt. of India)",week24_1788950775.pdf,week24_1788950775.pdf Weekly Surveillance,India / Maharashtra,Weekly Disease Outbreaks (Cases & Deaths),Primary official government weekly surveillance report,YES,NO,KEEP,Official primary outbreak surveillance report required for study window
NCDC weekly outbreaks/2025/week25_1788950790.pdf,928787,PDF,CORE_PRIMARY_DATA,"NCDC / IDSP (MOHFW, Govt. of India)",week25_1788950790.pdf,week25_1788950790.pdf Weekly Surveillance,India / Maharashtra,Weekly Disease Outbreaks (Cases & Deaths),Primary official government weekly surveillance report,YES,NO,KEEP,Official primary outbreak surveillance report required for study window
NCDC weekly outbreaks/2025/week26_1788950806.pdf,1184306,PDF,CORE_PRIMARY_DATA,"NCDC / IDSP (MOHFW, Govt. of India)",week26_1788950806.pdf,week26_1788950806.pdf Weekly Surveillance,India / Maharashtra,Weekly Disease Outbreaks (Cases & Deaths),Primary official government weekly surveillance report,YES,NO,KEEP,Official primary outbreak surveillance report required for study window
NCDC weekly outbreaks/2025/week27_1788950821.pdf,916070,PDF,CORE_PRIMARY_DATA,"NCDC / IDSP (MOHFW, Govt. of India)",week27_1788950821.pdf,week27_1788950821.pdf Weekly Surveillance,India / Maharashtra,Weekly Disease Outbreaks (Cases & Deaths),Primary official government weekly surveillance report,YES,NO,KEEP,Official primary outbreak surveillance report required for study window
NCDC weekly outbreaks/2025/week28_1788950832.pdf,1191667,PDF,CORE_PRIMARY_DATA,"NCDC / IDSP (MOHFW, Govt. of India)",week28_1788950832.pdf,week28_1788950832.pdf Weekly Surveillance,India / Maharashtra,Weekly Disease Outbreaks (Cases & Deaths),Primary official government weekly surveillance report,YES,NO,KEEP,Official primary outbreak surveillance report required for study window
NCDC weekly outbreaks/2025/week29_1788950846.pdf,1005795,PDF,CORE_PRIMARY_DATA,"NCDC / IDSP (MOHFW, Govt. of India)",week29_1788950846.pdf,week29_1788950846.pdf Weekly Surveillance,India / Maharashtra,Weekly Disease Outbreaks (Cases & Deaths),Primary official government weekly surveillance report,YES,NO,KEEP,Official primary outbreak surveillance report required for study window
NCDC weekly outbreaks/2025/week2_1788950093.pdf,762392,PDF,CORE_PRIMARY_DATA,"NCDC / IDSP (MOHFW, Govt. of India)",week2_1788950093.pdf,week2_1788950093.pdf Weekly Surveillance,India / Maharashtra,Weekly Disease Outbreaks (Cases & Deaths),Primary official government weekly surveillance report,YES,NO,KEEP,Official primary outbreak surveillance report required for study window
NCDC weekly outbreaks/2025/week30_1788950862.pdf,1116177,PDF,CORE_PRIMARY_DATA,"NCDC / IDSP (MOHFW, Govt. of India)",week30_1788950862.pdf,week30_1788950862.pdf Weekly Surveillance,India / Maharashtra,Weekly Disease Outbreaks (Cases & Deaths),Primary official government weekly surveillance report,YES,NO,KEEP,Official primary outbreak surveillance report required for study window
NCDC weekly outbreaks/2025/week31_1788950885.pdf,1120751,PDF,CORE_PRIMARY_DATA,"NCDC / IDSP (MOHFW, Govt. of India)",week31_1788950885.pdf,week31_1788950885.pdf Weekly Surveillance,India / Maharashtra,Weekly Disease Outbreaks (Cases & Deaths),Primary official government weekly surveillance report,YES,NO,KEEP,Official primary outbreak surveillance report required for study window
NCDC weekly outbreaks/2025/week32_1788950897.pdf,996016,PDF,CORE_PRIMARY_DATA,"NCDC / IDSP (MOHFW, Govt. of India)",week32_1788950897.pdf,week32_1788950897.pdf Weekly Surveillance,India / Maharashtra,Weekly Disease Outbreaks (Cases & Deaths),Primary official government weekly surveillance report,YES,NO,KEEP,Official primary outbreak surveillance report required for study window
NCDC weekly outbreaks/2025/week33_1788950912.pdf,1094850,PDF,CORE_PRIMARY_DATA,"NCDC / IDSP (MOHFW, Govt. of India)",week33_1788950912.pdf,week33_1788950912.pdf Weekly Surveillance,India / Maharashtra,Weekly Disease Outbreaks (Cases & Deaths),Primary official government weekly surveillance report,YES,NO,KEEP,Official primary outbreak surveillance report required for study window
NCDC weekly outbreaks/2025/week34_1788950927.pdf,1141060,PDF,CORE_PRIMARY_DATA,"NCDC / IDSP (MOHFW, Govt. of India)",week34_1788950927.pdf,week34_1788950927.pdf Weekly Surveillance,India / Maharashtra,Weekly Disease Outbreaks (Cases & Deaths),Primary official government weekly surveillance report,YES,NO,KEEP,Official primary outbreak surveillance report required for study window
NCDC weekly outbreaks/2025/week35_1788950942.pdf,1053583,PDF,CORE_PRIMARY_DATA,"NCDC / IDSP (MOHFW, Govt. of India)",week35_1788950942.pdf,week35_1788950942.pdf Weekly Surveillance,India / Maharashtra,Weekly Disease Outbreaks (Cases & Deaths),Primary official government weekly surveillance report,YES,NO,KEEP,Official primary outbreak surveillance report required for study window
NCDC weekly outbreaks/2025/week36_1788950955.pdf,952867,PDF,CORE_PRIMARY_DATA,"NCDC / IDSP (MOHFW, Govt. of India)",week36_1788950955.pdf,week36_1788950955.pdf Weekly Surveillance,India / Maharashtra,Weekly Disease Outbreaks (Cases & Deaths),Primary official government weekly surveillance report,YES,NO,KEEP,Official primary outbreak surveillance report required for study window
NCDC weekly outbreaks/2025/week37_1788950985.pdf,1139999,PDF,CORE_PRIMARY_DATA,"NCDC / IDSP (MOHFW, Govt. of India)",week37_1788950985.pdf,week37_1788950985.pdf Weekly Surveillance,India / Maharashtra,Weekly Disease Outbreaks (Cases & Deaths),Primary official government weekly surveillance report,YES,NO,KEEP,Official primary outbreak surveillance report required for study window
NCDC weekly outbreaks/2025/week38_1788950998.pdf,1160541,PDF,CORE_PRIMARY_DATA,"NCDC / IDSP (MOHFW, Govt. of India)",week38_1788950998.pdf,week38_1788950998.pdf Weekly Surveillance,India / Maharashtra,Weekly Disease Outbreaks (Cases & Deaths),Primary official government weekly surveillance report,YES,NO,KEEP,Official primary outbreak surveillance report required for study window
NCDC weekly outbreaks/2025/week39_1788951010.pdf,974167,PDF,CORE_PRIMARY_DATA,"NCDC / IDSP (MOHFW, Govt. of India)",week39_1788951010.pdf,week39_1788951010.pdf Weekly Surveillance,India / Maharashtra,Weekly Disease Outbreaks (Cases & Deaths),Primary official government weekly surveillance report,YES,NO,KEEP,Official primary outbreak surveillance report required for study window
NCDC weekly outbreaks/2025/week3_1788950195.pdf,709659,PDF,CORE_PRIMARY_DATA,"NCDC / IDSP (MOHFW, Govt. of India)",week3_1788950195.pdf,week3_1788950195.pdf Weekly Surveillance,India / Maharashtra,Weekly Disease Outbreaks (Cases & Deaths),Primary official government weekly surveillance report,YES,NO,KEEP,Official primary outbreak surveillance report required for study window
NCDC weekly outbreaks/2025/week40_1788951022.pdf,989166,PDF,CORE_PRIMARY_DATA,"NCDC / IDSP (MOHFW, Govt. of India)",week40_1788951022.pdf,week40_1788951022.pdf Weekly Surveillance,India / Maharashtra,Weekly Disease Outbreaks (Cases & Deaths),Primary official government weekly surveillance report,YES,NO,KEEP,Official primary outbreak surveillance report required for study window
NCDC weekly outbreaks/2025/week41_1788951032.pdf,884254,PDF,CORE_PRIMARY_DATA,"NCDC / IDSP (MOHFW, Govt. of India)",week41_1788951032.pdf,week41_1788951032.pdf Weekly Surveillance,India / Maharashtra,Weekly Disease Outbreaks (Cases & Deaths),Primary official government weekly surveillance report,YES,NO,KEEP,Official primary outbreak surveillance report required for study window
NCDC weekly outbreaks/2025/week42_1788951043.pdf,1009666,PDF,CORE_PRIMARY_DATA,"NCDC / IDSP (MOHFW, Govt. of India)",week42_1788951043.pdf,week42_1788951043.pdf Weekly Surveillance,India / Maharashtra,Weekly Disease Outbreaks (Cases & Deaths),Primary official government weekly surveillance report,YES,NO,KEEP,Official primary outbreak surveillance report required for study window
NCDC weekly outbreaks/2025/week43_1788951058.pdf,1011965,PDF,CORE_PRIMARY_DATA,"NCDC / IDSP (MOHFW, Govt. of India)",week43_1788951058.pdf,week43_1788951058.pdf Weekly Surveillance,India / Maharashtra,Weekly Disease Outbreaks (Cases & Deaths),Primary official government weekly surveillance report,YES,NO,KEEP,Official primary outbreak surveillance report required for study window
NCDC weekly outbreaks/2025/week44_1788951072.pdf,1062668,PDF,CORE_PRIMARY_DATA,"NCDC / IDSP (MOHFW, Govt. of India)",week44_1788951072.pdf,week44_1788951072.pdf Weekly Surveillance,India / Maharashtra,Weekly Disease Outbreaks (Cases & Deaths),Primary official government weekly surveillance report,YES,NO,KEEP,Official primary outbreak surveillance report required for study window
NCDC weekly outbreaks/2025/week45_1788951083.pdf,1067516,PDF,CORE_PRIMARY_DATA,"NCDC / IDSP (MOHFW, Govt. of India)",week45_1788951083.pdf,week45_1788951083.pdf Weekly Surveillance,India / Maharashtra,Weekly Disease Outbreaks (Cases & Deaths),Primary official government weekly surveillance report,YES,NO,KEEP,Official primary outbreak surveillance report required for study window
NCDC weekly outbreaks/2025/week46_1788951104.pdf,1042248,PDF,CORE_PRIMARY_DATA,"NCDC / IDSP (MOHFW, Govt. of India)",week46_1788951104.pdf,week46_1788951104.pdf Weekly Surveillance,India / Maharashtra,Weekly Disease Outbreaks (Cases & Deaths),Primary official government weekly surveillance report,YES,NO,KEEP,Official primary outbreak surveillance report required for study window
NCDC weekly outbreaks/2025/week47_1788951120.pdf,1020903,PDF,CORE_PRIMARY_DATA,"NCDC / IDSP (MOHFW, Govt. of India)",week47_1788951120.pdf,week47_1788951120.pdf Weekly Surveillance,India / Maharashtra,Weekly Disease Outbreaks (Cases & Deaths),Primary official government weekly surveillance report,YES,NO,KEEP,Official primary outbreak surveillance report required for study window
NCDC weekly outbreaks/2025/week48_1788951132.pdf,1016364,PDF,CORE_PRIMARY_DATA,"NCDC / IDSP (MOHFW, Govt. of India)",week48_1788951132.pdf,week48_1788951132.pdf Weekly Surveillance,India / Maharashtra,Weekly Disease Outbreaks (Cases & Deaths),Primary official government weekly surveillance report,YES,NO,KEEP,Official primary outbreak surveillance report required for study window
NCDC weekly outbreaks/2025/week49_1788951145.pdf,903306,PDF,CORE_PRIMARY_DATA,"NCDC / IDSP (MOHFW, Govt. of India)",week49_1788951145.pdf,week49_1788951145.pdf Weekly Surveillance,India / Maharashtra,Weekly Disease Outbreaks (Cases & Deaths),Primary official government weekly surveillance report,YES,NO,KEEP,Official primary outbreak surveillance report required for study window
NCDC weekly outbreaks/2025/week4_1788950209.pdf,1145826,PDF,CORE_PRIMARY_DATA,"NCDC / IDSP (MOHFW, Govt. of India)",week4_1788950209.pdf,week4_1788950209.pdf Weekly Surveillance,India / Maharashtra,Weekly Disease Outbreaks (Cases & Deaths),Primary official government weekly surveillance report,YES,NO,KEEP,Official primary outbreak surveillance report required for study window
NCDC weekly outbreaks/2025/week50_1788951159.pdf,1034212,PDF,CORE_PRIMARY_DATA,"NCDC / IDSP (MOHFW, Govt. of India)",week50_1788951159.pdf,week50_1788951159.pdf Weekly Surveillance,India / Maharashtra,Weekly Disease Outbreaks (Cases & Deaths),Primary official government weekly surveillance report,YES,NO,KEEP,Official primary outbreak surveillance report required for study window
NCDC weekly outbreaks/2025/week51_1788951172.pdf,928759,PDF,CORE_PRIMARY_DATA,"NCDC / IDSP (MOHFW, Govt. of India)",week51_1788951172.pdf,week51_1788951172.pdf Weekly Surveillance,India / Maharashtra,Weekly Disease Outbreaks (Cases & Deaths),Primary official government weekly surveillance report,YES,NO,KEEP,Official primary outbreak surveillance report required for study window
NCDC weekly outbreaks/2025/week52_1788951185.pdf,915158,PDF,CORE_PRIMARY_DATA,"NCDC / IDSP (MOHFW, Govt. of India)",week52_1788951185.pdf,week52_1788951185.pdf Weekly Surveillance,India / Maharashtra,Weekly Disease Outbreaks (Cases & Deaths),Primary official government weekly surveillance report,YES,NO,KEEP,Official primary outbreak surveillance report required for study window
NCDC weekly outbreaks/2025/week5_1788950221.pdf,691274,PDF,CORE_PRIMARY_DATA,"NCDC / IDSP (MOHFW, Govt. of India)",week5_1788950221.pdf,week5_1788950221.pdf Weekly Surveillance,India / Maharashtra,Weekly Disease Outbreaks (Cases & Deaths),Primary official government weekly surveillance report,YES,NO,KEEP,Official primary outbreak surveillance report required for study window
NCDC weekly outbreaks/2025/week6_1788950233.pdf,557146,PDF,CORE_PRIMARY_DATA,"NCDC / IDSP (MOHFW, Govt. of India)",week6_1788950233.pdf,week6_1788950233.pdf Weekly Surveillance,India / Maharashtra,Weekly Disease Outbreaks (Cases & Deaths),Primary official government weekly surveillance report,YES,NO,KEEP,Official primary outbreak surveillance report required for study window
NCDC weekly outbreaks/2025/week7_1789017204.pdf,690176,PDF,CORE_PRIMARY_DATA,"NCDC / IDSP (MOHFW, Govt. of India)",week7_1789017204.pdf,week7_1789017204.pdf Weekly Surveillance,India / Maharashtra,Weekly Disease Outbreaks (Cases & Deaths),Primary official government weekly surveillance report,YES,NO,KEEP,Official primary outbreak surveillance report required for study window
NCDC weekly outbreaks/2025/week8_1788950267.pdf,741733,PDF,CORE_PRIMARY_DATA,"NCDC / IDSP (MOHFW, Govt. of India)",week8_1788950267.pdf,week8_1788950267.pdf Weekly Surveillance,India / Maharashtra,Weekly Disease Outbreaks (Cases & Deaths),Primary official government weekly surveillance report,YES,NO,KEEP,Official primary outbreak surveillance report required for study window
NCDC weekly outbreaks/2025/week9_1788950284.pdf,728832,PDF,CORE_PRIMARY_DATA,"NCDC / IDSP (MOHFW, Govt. of India)",week9_1788950284.pdf,week9_1788950284.pdf Weekly Surveillance,India / Maharashtra,Weekly Disease Outbreaks (Cases & Deaths),Primary official government weekly surveillance report,YES,NO,KEEP,Official primary outbreak surveillance report required for study window
NCDC weekly outbreaks/2026/week10_1788856598.pdf,1024987,PDF,CORE_PRIMARY_DATA,"NCDC / IDSP (MOHFW, Govt. of India)",week10_1788856598.pdf,week10_1788856598.pdf Weekly Surveillance,India / Maharashtra,Weekly Disease Outbreaks (Cases & Deaths),Primary official government weekly surveillance report,YES,NO,KEEP,Official primary outbreak surveillance report required for study window
NCDC weekly outbreaks/2026/week11_1788856616.pdf,1235858,PDF,CORE_PRIMARY_DATA,"NCDC / IDSP (MOHFW, Govt. of India)",week11_1788856616.pdf,week11_1788856616.pdf Weekly Surveillance,India / Maharashtra,Weekly Disease Outbreaks (Cases & Deaths),Primary official government weekly surveillance report,YES,NO,KEEP,Official primary outbreak surveillance report required for study window
NCDC weekly outbreaks/2026/week12_1788856634.pdf,1145261,PDF,CORE_PRIMARY_DATA,"NCDC / IDSP (MOHFW, Govt. of India)",week12_1788856634.pdf,week12_1788856634.pdf Weekly Surveillance,India / Maharashtra,Weekly Disease Outbreaks (Cases & Deaths),Primary official government weekly surveillance report,YES,NO,KEEP,Official primary outbreak surveillance report required for study window
NCDC weekly outbreaks/2026/week13_1788856653.pdf,1259770,PDF,CORE_PRIMARY_DATA,"NCDC / IDSP (MOHFW, Govt. of India)",week13_1788856653.pdf,week13_1788856653.pdf Weekly Surveillance,India / Maharashtra,Weekly Disease Outbreaks (Cases & Deaths),Primary official government weekly surveillance report,YES,NO,KEEP,Official primary outbreak surveillance report required for study window
NCDC weekly outbreaks/2026/week14_1788856669.pdf,1256991,PDF,CORE_PRIMARY_DATA,"NCDC / IDSP (MOHFW, Govt. of India)",week14_1788856669.pdf,week14_1788856669.pdf Weekly Surveillance,India / Maharashtra,Weekly Disease Outbreaks (Cases & Deaths),Primary official government weekly surveillance report,YES,NO,KEEP,Official primary outbreak surveillance report required for study window
NCDC weekly outbreaks/2026/week15_1788856683.pdf,1327508,PDF,CORE_PRIMARY_DATA,"NCDC / IDSP (MOHFW, Govt. of India)",week15_1788856683.pdf,week15_1788856683.pdf Weekly Surveillance,India / Maharashtra,Weekly Disease Outbreaks (Cases & Deaths),Primary official government weekly surveillance report,YES,NO,KEEP,Official primary outbreak surveillance report required for study window
NCDC weekly outbreaks/2026/week16_1788856701.pdf,1166378,PDF,CORE_PRIMARY_DATA,"NCDC / IDSP (MOHFW, Govt. of India)",week16_1788856701.pdf,week16_1788856701.pdf Weekly Surveillance,India / Maharashtra,Weekly Disease Outbreaks (Cases & Deaths),Primary official government weekly surveillance report,YES,NO,KEEP,Official primary outbreak surveillance report required for study window
NCDC weekly outbreaks/2026/week17_1788856716.pdf,1220132,PDF,CORE_PRIMARY_DATA,"NCDC / IDSP (MOHFW, Govt. of India)",week17_1788856716.pdf,week17_1788856716.pdf Weekly Surveillance,India / Maharashtra,Weekly Disease Outbreaks (Cases & Deaths),Primary official government weekly surveillance report,YES,NO,KEEP,Official primary outbreak surveillance report required for study window
NCDC weekly outbreaks/2026/week18_1788856733.pdf,1398949,PDF,CORE_PRIMARY_DATA,"NCDC / IDSP (MOHFW, Govt. of India)",week18_1788856733.pdf,week18_1788856733.pdf Weekly Surveillance,India / Maharashtra,Weekly Disease Outbreaks (Cases & Deaths),Primary official government weekly surveillance report,YES,NO,KEEP,Official primary outbreak surveillance report required for study window
NCDC weekly outbreaks/2026/week19_1788856754.pdf,1089580,PDF,CORE_PRIMARY_DATA,"NCDC / IDSP (MOHFW, Govt. of India)",week19_1788856754.pdf,week19_1788856754.pdf Weekly Surveillance,India / Maharashtra,Weekly Disease Outbreaks (Cases & Deaths),Primary official government weekly surveillance report,YES,NO,KEEP,Official primary outbreak surveillance report required for study window
NCDC weekly outbreaks/2026/week1_1788853592.pdf,956018,PDF,CORE_PRIMARY_DATA,"NCDC / IDSP (MOHFW, Govt. of India)",week1_1788853592.pdf,week1_1788853592.pdf Weekly Surveillance,India / Maharashtra,Weekly Disease Outbreaks (Cases & Deaths),Primary official government weekly surveillance report,YES,NO,KEEP,Official primary outbreak surveillance report required for study window
NCDC weekly outbreaks/2026/week20_1788856772.pdf,1305340,PDF,CORE_PRIMARY_DATA,"NCDC / IDSP (MOHFW, Govt. of India)",week20_1788856772.pdf,week20_1788856772.pdf Weekly Surveillance,India / Maharashtra,Weekly Disease Outbreaks (Cases & Deaths),Primary official government weekly surveillance report,YES,NO,KEEP,Official primary outbreak surveillance report required for study window
NCDC weekly outbreaks/2026/week21_1788856793.pdf,1227373,PDF,CORE_PRIMARY_DATA,"NCDC / IDSP (MOHFW, Govt. of India)",week21_1788856793.pdf,week21_1788856793.pdf Weekly Surveillance,India / Maharashtra,Weekly Disease Outbreaks (Cases & Deaths),Primary official government weekly surveillance report,YES,NO,KEEP,Official primary outbreak surveillance report required for study window
NCDC weekly outbreaks/2026/week22_1788856809.pdf,1220597,PDF,CORE_PRIMARY_DATA,"NCDC / IDSP (MOHFW, Govt. of India)",week22_1788856809.pdf,week22_1788856809.pdf Weekly Surveillance,India / Maharashtra,Weekly Disease Outbreaks (Cases & Deaths),Primary official government weekly surveillance report,YES,NO,KEEP,Official primary outbreak surveillance report required for study window
NCDC weekly outbreaks/2026/week23_1788856825.pdf,1109574,PDF,CORE_PRIMARY_DATA,"NCDC / IDSP (MOHFW, Govt. of India)",week23_1788856825.pdf,week23_1788856825.pdf Weekly Surveillance,India / Maharashtra,Weekly Disease Outbreaks (Cases & Deaths),Primary official government weekly surveillance report,YES,NO,KEEP,Official primary outbreak surveillance report required for study window
NCDC weekly outbreaks/2026/week24_1788856872.pdf,1266495,PDF,CORE_PRIMARY_DATA,"NCDC / IDSP (MOHFW, Govt. of India)",week24_1788856872.pdf,week24_1788856872.pdf Weekly Surveillance,India / Maharashtra,Weekly Disease Outbreaks (Cases & Deaths),Primary official government weekly surveillance report,YES,NO,KEEP,Official primary outbreak surveillance report required for study window
NCDC weekly outbreaks/2026/week25_1788856887.pdf,805474,PDF,CORE_PRIMARY_DATA,"NCDC / IDSP (MOHFW, Govt. of India)",week25_1788856887.pdf,week25_1788856887.pdf Weekly Surveillance,India / Maharashtra,Weekly Disease Outbreaks (Cases & Deaths),Primary official government weekly surveillance report,YES,NO,KEEP,Official primary outbreak surveillance report required for study window
NCDC weekly outbreaks/2026/week26_1788856902.pdf,1162643,PDF,CORE_PRIMARY_DATA,"NCDC / IDSP (MOHFW, Govt. of India)",week26_1788856902.pdf,week26_1788856902.pdf Weekly Surveillance,India / Maharashtra,Weekly Disease Outbreaks (Cases & Deaths),Primary official government weekly surveillance report,YES,NO,KEEP,Official primary outbreak surveillance report required for study window
NCDC weekly outbreaks/2026/week27_1788856919.pdf,1291966,PDF,CORE_PRIMARY_DATA,"NCDC / IDSP (MOHFW, Govt. of India)",week27_1788856919.pdf,week27_1788856919.pdf Weekly Surveillance,India / Maharashtra,Weekly Disease Outbreaks (Cases & Deaths),Primary official government weekly surveillance report,YES,NO,KEEP,Official primary outbreak surveillance report required for study window
NCDC weekly outbreaks/2026/week28_1788942657.pdf,1215898,PDF,CORE_PRIMARY_DATA,"NCDC / IDSP (MOHFW, Govt. of India)",week28_1788942657.pdf,week28_1788942657.pdf Weekly Surveillance,India / Maharashtra,Weekly Disease Outbreaks (Cases & Deaths),Primary official government weekly surveillance report,YES,NO,KEEP,Official primary outbreak surveillance report required for study window
NCDC weekly outbreaks/2026/week29_1789533489.pdf,1497406,PDF,CORE_PRIMARY_DATA,"NCDC / IDSP (MOHFW, Govt. of India)",week29_1789533489.pdf,week29_1789533489.pdf Weekly Surveillance,India / Maharashtra,Weekly Disease Outbreaks (Cases & Deaths),Primary official government weekly surveillance report,YES,NO,KEEP,Official primary outbreak surveillance report required for study window
NCDC weekly outbreaks/2026/week2_1788856445.pdf,898140,PDF,CORE_PRIMARY_DATA,"NCDC / IDSP (MOHFW, Govt. of India)",week2_1788856445.pdf,week2_1788856445.pdf Weekly Surveillance,India / Maharashtra,Weekly Disease Outbreaks (Cases & Deaths),Primary official government weekly surveillance report,YES,NO,KEEP,Official primary outbreak surveillance report required for study window
NCDC weekly outbreaks/2026/week30_1789731731.pdf,1425637,PDF,CORE_PRIMARY_DATA,"NCDC / IDSP (MOHFW, Govt. of India)",week30_1789731731.pdf,week30_1789731731.pdf Weekly Surveillance,India / Maharashtra,Weekly Disease Outbreaks (Cases & Deaths),Primary official government weekly surveillance report,YES,NO,KEEP,Official primary outbreak surveillance report required for study window
NCDC weekly outbreaks/2026/week31_1790077762.pdf,1177764,PDF,CORE_PRIMARY_DATA,"NCDC / IDSP (MOHFW, Govt. of India)",week31_1790077762.pdf,week31_1790077762.pdf Weekly Surveillance,India / Maharashtra,Weekly Disease Outbreaks (Cases & Deaths),Primary official government weekly surveillance report,YES,NO,KEEP,Official primary outbreak surveillance report required for study window
NCDC weekly outbreaks/2026/week32_1790680151.pdf,1187647,PDF,CORE_PRIMARY_DATA,"NCDC / IDSP (MOHFW, Govt. of India)",week32_1790680151.pdf,week32_1790680151.pdf Weekly Surveillance,India / Maharashtra,Weekly Disease Outbreaks (Cases & Deaths),Primary official government weekly surveillance report,YES,NO,KEEP,Official primary outbreak surveillance report required for study window
NCDC weekly outbreaks/2026/week3_1788857181.pdf,624290,PDF,CORE_PRIMARY_DATA,"NCDC / IDSP (MOHFW, Govt. of India)",week3_1788857181.pdf,week3_1788857181.pdf Weekly Surveillance,India / Maharashtra,Weekly Disease Outbreaks (Cases & Deaths),Primary official government weekly surveillance report,YES,NO,KEEP,Official primary outbreak surveillance report required for study window
NCDC weekly outbreaks/2026/week4_1788856484.pdf,1001159,PDF,CORE_PRIMARY_DATA,"NCDC / IDSP (MOHFW, Govt. of India)",week4_1788856484.pdf,week4_1788856484.pdf Weekly Surveillance,India / Maharashtra,Weekly Disease Outbreaks (Cases & Deaths),Primary official government weekly surveillance report,YES,NO,KEEP,Official primary outbreak surveillance report required for study window
NCDC weekly outbreaks/2026/week5_1788856507.pdf,1092404,PDF,CORE_PRIMARY_DATA,"NCDC / IDSP (MOHFW, Govt. of India)",week5_1788856507.pdf,week5_1788856507.pdf Weekly Surveillance,India / Maharashtra,Weekly Disease Outbreaks (Cases & Deaths),Primary official government weekly surveillance report,YES,NO,KEEP,Official primary outbreak surveillance report required for study window
NCDC weekly outbreaks/2026/week6_1788856531.pdf,1041128,PDF,CORE_PRIMARY_DATA,"NCDC / IDSP (MOHFW, Govt. of India)",week6_1788856531.pdf,week6_1788856531.pdf Weekly Surveillance,India / Maharashtra,Weekly Disease Outbreaks (Cases & Deaths),Primary official government weekly surveillance report,YES,NO,KEEP,Official primary outbreak surveillance report required for study window
NCDC weekly outbreaks/2026/week7_1788856546.pdf,1042817,PDF,CORE_PRIMARY_DATA,"NCDC / IDSP (MOHFW, Govt. of India)",week7_1788856546.pdf,week7_1788856546.pdf Weekly Surveillance,India / Maharashtra,Weekly Disease Outbreaks (Cases & Deaths),Primary official government weekly surveillance report,YES,NO,KEEP,Official primary outbreak surveillance report required for study window
NCDC weekly outbreaks/2026/week8_1788856560.pdf,1109394,PDF,CORE_PRIMARY_DATA,"NCDC / IDSP (MOHFW, Govt. of India)",week8_1788856560.pdf,week8_1788856560.pdf Weekly Surveillance,India / Maharashtra,Weekly Disease Outbreaks (Cases & Deaths),Primary official government weekly surveillance report,YES,NO,KEEP,Official primary outbreak surveillance report required for study window
NCDC weekly outbreaks/2026/week9_1788856576.pdf,1132965,PDF,CORE_PRIMARY_DATA,"NCDC / IDSP (MOHFW, Govt. of India)",week9_1788856576.pdf,week9_1788856576.pdf Weekly Surveillance,India / Maharashtra,Weekly Disease Outbreaks (Cases & Deaths),Primary official government weekly surveillance report,YES,NO,KEEP,Official primary outbreak surveillance report required for study window
NCDC weekly outbreaks/Monthly Trajectory of Major Disease Classes in India_files/app.html,718558,CACHE_ASSET,WEB_CACHE_OR_BROWSER_ARTIFACT,Google Search Web Dump Cache,2026,N/A,N/A,Browser JS / CSS / Icon Chunks,Supporting script and image assets for saved Google search webpage,NO,YES,SAFE TO DELETE,Webpage dependency asset from saved Google search; zero research value
NCDC weekly outbreaks/Monthly Trajectory of Major Disease Classes in India_files/faviconV2(2),3020,CACHE_ASSET,WEB_CACHE_OR_BROWSER_ARTIFACT,Google Search Web Dump Cache,2026,N/A,N/A,Browser JS / CSS / Icon Chunks,Supporting script and image assets for saved Google search webpage,NO,YES,SAFE TO DELETE,Webpage dependency asset from saved Google search; zero research value
NCDC weekly outbreaks/Monthly Trajectory of Major Disease Classes in India_files/faviconV2(3),1793,CACHE_ASSET,WEB_CACHE_OR_BROWSER_ARTIFACT,Google Search Web Dump Cache,2026,N/A,N/A,Browser JS / CSS / Icon Chunks,Supporting script and image assets for saved Google search webpage,NO,YES,SAFE TO DELETE,Webpage dependency asset from saved Google search; zero research value
NCDC weekly outbreaks/Monthly Trajectory of Major Disease Classes in India_files/faviconV2(4),1401,CACHE_ASSET,WEB_CACHE_OR_BROWSER_ARTIFACT,Google Search Web Dump Cache,2026,N/A,N/A,Browser JS / CSS / Icon Chunks,Supporting script and image assets for saved Google search webpage,NO,YES,SAFE TO DELETE,Webpage dependency asset from saved Google search; zero research value
NCDC weekly outbreaks/Monthly Trajectory of Major Disease Classes in India_files/faviconV2(5),1484,CACHE_ASSET,WEB_CACHE_OR_BROWSER_ARTIFACT,Google Search Web Dump Cache,2026,N/A,N/A,Browser JS / CSS / Icon Chunks,Supporting script and image assets for saved Google search webpage,NO,YES,SAFE TO DELETE,Webpage dependency asset from saved Google search; zero research value
NCDC weekly outbreaks/Monthly Trajectory of Major Disease Classes in India_files/faviconV2(6),1331,CACHE_ASSET,WEB_CACHE_OR_BROWSER_ARTIFACT,Google Search Web Dump Cache,2026,N/A,N/A,Browser JS / CSS / Icon Chunks,Supporting script and image assets for saved Google search webpage,NO,YES,SAFE TO DELETE,Webpage dependency asset from saved Google search; zero research value
NCDC weekly outbreaks/Monthly Trajectory of Major Disease Classes in India_files/faviconV2(7),504,CACHE_ASSET,WEB_CACHE_OR_BROWSER_ARTIFACT,Google Search Web Dump Cache,2026,N/A,N/A,Browser JS / CSS / Icon Chunks,Supporting script and image assets for saved Google search webpage,NO,YES,SAFE TO DELETE,Webpage dependency asset from saved Google search; zero research value
NCDC weekly outbreaks/Monthly Trajectory of Major Disease Classes in India_files/faviconV2(8),1171,CACHE_ASSET,WEB_CACHE_OR_BROWSER_ARTIFACT,Google Search Web Dump Cache,2026,N/A,N/A,Browser JS / CSS / Icon Chunks,Supporting script and image assets for saved Google search webpage,NO,YES,SAFE TO DELETE,Webpage dependency asset from saved Google search; zero research value
NCDC weekly outbreaks/Monthly Trajectory of Major Disease Classes in India_files/images,6314,CACHE_ASSET,WEB_CACHE_OR_BROWSER_ARTIFACT,Google Search Web Dump Cache,2026,N/A,N/A,Browser JS / CSS / Icon Chunks,Supporting script and image assets for saved Google search webpage,NO,YES,SAFE TO DELETE,Webpage dependency asset from saved Google search; zero research value
NCDC weekly outbreaks/Monthly Trajectory of Major Disease Classes in India_files/images(1),9970,CACHE_ASSET,WEB_CACHE_OR_BROWSER_ARTIFACT,Google Search Web Dump Cache,2026,N/A,N/A,Browser JS / CSS / Icon Chunks,Supporting script and image assets for saved Google search webpage,NO,YES,SAFE TO DELETE,Webpage dependency asset from saved Google search; zero research value
NCDC weekly outbreaks/Monthly Trajectory of Major Disease Classes in India_files/m=a5f0he,3605,CACHE_ASSET,WEB_CACHE_OR_BROWSER_ARTIFACT,Google Search Web Dump Cache,2026,N/A,N/A,Browser JS / CSS / Icon Chunks,Supporting script and image assets for saved Google search webpage,NO,YES,SAFE TO DELETE,Webpage dependency asset from saved Google search; zero research value
NCDC weekly outbreaks/Monthly Trajectory of Major Disease Classes in India_files/m=AIvLTe,52344,CACHE_ASSET,WEB_CACHE_OR_BROWSER_ARTIFACT,Google Search Web Dump Cache,2026,N/A,N/A,Browser JS / CSS / Icon Chunks,Supporting script and image assets for saved Google search webpage,NO,YES,SAFE TO DELETE,Webpage dependency asset from saved Google search; zero research value
"NCDC weekly outbreaks/Monthly Trajectory of Major Disease Classes in India_files/m=akSuzb,Zb53Ud",2167,CACHE_ASSET,WEB_CACHE_OR_BROWSER_ARTIFACT,Google Search Web Dump Cache,2026,N/A,N/A,Browser JS / CSS / Icon Chunks,Supporting script and image assets for saved Google search webpage,NO,YES,SAFE TO DELETE,Webpage dependency asset from saved Google search; zero research value
NCDC weekly outbreaks/Monthly Trajectory of Major Disease Classes in India_files/m=aNJZAb,439,CACHE_ASSET,WEB_CACHE_OR_BROWSER_ARTIFACT,Google Search Web Dump Cache,2026,N/A,N/A,Browser JS / CSS / Icon Chunks,Supporting script and image assets for saved Google search webpage,NO,YES,SAFE TO DELETE,Webpage dependency asset from saved Google search; zero research value
"NCDC weekly outbreaks/Monthly Trajectory of Major Disease Classes in India_files/m=attn,gwc,hsm,jsa,cEt90b,SNUn3,qddgKe,sTsDMc,dtl0hd,eHDfl,YV5bee,d,csi",0,CACHE_ASSET,WEB_CACHE_OR_BROWSER_ARTIFACT,Google Search Web Dump Cache,2026,N/A,N/A,Browser JS / CSS / Icon Chunks,Supporting script and image assets for saved Google search webpage,NO,YES,SAFE TO DELETE,Webpage dependency asset from saved Google search; zero research value
"NCDC weekly outbreaks/Monthly Trajectory of Major Disease Classes in India_files/m=attn,gwc,hsm,jsa,cEt90b,SNUn3,qddgKe,sTsDMc,dtl0hd,eHDfl,YV5bee,d,csi(1)",1009647,CACHE_ASSET,WEB_CACHE_OR_BROWSER_ARTIFACT,Google Search Web Dump Cache,2026,N/A,N/A,Browser JS / CSS / Icon Chunks,Supporting script and image assets for saved Google search webpage,NO,YES,SAFE TO DELETE,Webpage dependency asset from saved Google search; zero research value
"NCDC weekly outbreaks/Monthly Trajectory of Major Disease Classes in India_files/m=b,dpf",2704641,CACHE_ASSET,WEB_CACHE_OR_BROWSER_ARTIFACT,Google Search Web Dump Cache,2026,N/A,N/A,Browser JS / CSS / Icon Chunks,Supporting script and image assets for saved Google search webpage,NO,YES,SAFE TO DELETE,Webpage dependency asset from saved Google search; zero research value
NCDC weekly outbreaks/Monthly Trajectory of Major Disease Classes in India_files/m=B6N5Ae,2967,CACHE_ASSET,WEB_CACHE_OR_BROWSER_ARTIFACT,Google Search Web Dump Cache,2026,N/A,N/A,Browser JS / CSS / Icon Chunks,Supporting script and image assets for saved Google search webpage,NO,YES,SAFE TO DELETE,Webpage dependency asset from saved Google search; zero research value
"NCDC weekly outbreaks/Monthly Trajectory of Major Disease Classes in India_files/m=d6FVZd,yb08jf,sy3w4,wVv2xf,BJ46o,sy69t,sy69s,qCgt4c",22129,CACHE_ASSET,WEB_CACHE_OR_BROWSER_ARTIFACT,Google Search Web Dump Cache,2026,N/A,N/A,Browser JS / CSS / Icon Chunks,Supporting script and image assets for saved Google search webpage,NO,YES,SAFE TO DELETE,Webpage dependency asset from saved Google search; zero research value
NCDC weekly outbreaks/Monthly Trajectory of Major Disease Classes in India_files/m=gSA12c,15013,CACHE_ASSET,WEB_CACHE_OR_BROWSER_ARTIFACT,Google Search Web Dump Cache,2026,N/A,N/A,Browser JS / CSS / Icon Chunks,Supporting script and image assets for saved Google search webpage,NO,YES,SAFE TO DELETE,Webpage dependency asset from saved Google search; zero research value
NCDC weekly outbreaks/Monthly Trajectory of Major Disease Classes in India_files/m=hfcr,10627,CACHE_ASSET,WEB_CACHE_OR_BROWSER_ARTIFACT,Google Search Web Dump Cache,2026,N/A,N/A,Browser JS / CSS / Icon Chunks,Supporting script and image assets for saved Google search webpage,NO,YES,SAFE TO DELETE,Webpage dependency asset from saved Google search; zero research value
"NCDC weekly outbreaks/Monthly Trajectory of Major Disease Classes in India_files/m=ipDJ1,qdHsJf,u3Km8d,OZcXHe,bp6ZCb,Pf2Ogd,TXNvVc,yl8L5c,pUsoE,CAwPlc,LqPFqc,TB3Kme,Qv2YAd,Zdw5w,nfCumd,XqmSxe,UTzWVc,v6N5Sc,kbUand,",176244,CACHE_ASSET,WEB_CACHE_OR_BROWSER_ARTIFACT,Google Search Web Dump Cache,2026,N/A,N/A,Browser JS / CSS / Icon Chunks,Supporting script and image assets for saved Google search webpage,NO,YES,SAFE TO DELETE,Webpage dependency asset from saved Google search; zero research value
NCDC weekly outbreaks/Monthly Trajectory of Major Disease Classes in India_files/m=Iyfm0,1188,CACHE_ASSET,WEB_CACHE_OR_BROWSER_ARTIFACT,Google Search Web Dump Cache,2026,N/A,N/A,Browser JS / CSS / Icon Chunks,Supporting script and image assets for saved Google search webpage,NO,YES,SAFE TO DELETE,Webpage dependency asset from saved Google search; zero research value
NCDC weekly outbreaks/Monthly Trajectory of Major Disease Classes in India_files/m=JKPgvc,782885,CACHE_ASSET,WEB_CACHE_OR_BROWSER_ARTIFACT,Google Search Web Dump Cache,2026,N/A,N/A,Browser JS / CSS / Icon Chunks,Supporting script and image assets for saved Google search webpage,NO,YES,SAFE TO DELETE,Webpage dependency asset from saved Google search; zero research value
NCDC weekly outbreaks/Monthly Trajectory of Major Disease Classes in India_files/m=KEp6jb,790,CACHE_ASSET,WEB_CACHE_OR_BROWSER_ARTIFACT,Google Search Web Dump Cache,2026,N/A,N/A,Browser JS / CSS / Icon Chunks,Supporting script and image assets for saved Google search webpage,NO,YES,SAFE TO DELETE,Webpage dependency asset from saved Google search; zero research value
"NCDC weekly outbreaks/Monthly Trajectory of Major Disease Classes in India_files/m=kF2o2b,liAz7d,sy3kq,sy3ku,sy3kr,sy3gl,sy3ks,sy3l4,pnOULd",4068,CACHE_ASSET,WEB_CACHE_OR_BROWSER_ARTIFACT,Google Search Web Dump Cache,2026,N/A,N/A,Browser JS / CSS / Icon Chunks,Supporting script and image assets for saved Google search webpage,NO,YES,SAFE TO DELETE,Webpage dependency asset from saved Google search; zero research value
NCDC weekly outbreaks/Monthly Trajectory of Major Disease Classes in India_files/m=KH0UQd,36101,CACHE_ASSET,WEB_CACHE_OR_BROWSER_ARTIFACT,Google Search Web Dump Cache,2026,N/A,N/A,Browser JS / CSS / Icon Chunks,Supporting script and image assets for saved Google search webpage,NO,YES,SAFE TO DELETE,Webpage dependency asset from saved Google search; zero research value
NCDC weekly outbreaks/Monthly Trajectory of Major Disease Classes in India_files/m=KMhGd,12289,CACHE_ASSET,WEB_CACHE_OR_BROWSER_ARTIFACT,Google Search Web Dump Cache,2026,N/A,N/A,Browser JS / CSS / Icon Chunks,Supporting script and image assets for saved Google search webpage,NO,YES,SAFE TO DELETE,Webpage dependency asset from saved Google search; zero research value
NCDC weekly outbreaks/Monthly Trajectory of Major Disease Classes in India_files/m=LkYPVc,560,CACHE_ASSET,WEB_CACHE_OR_BROWSER_ARTIFACT,Google Search Web Dump Cache,2026,N/A,N/A,Browser JS / CSS / Icon Chunks,Supporting script and image assets for saved Google search webpage,NO,YES,SAFE TO DELETE,Webpage dependency asset from saved Google search; zero research value
"NCDC weekly outbreaks/Monthly Trajectory of Major Disease Classes in India_files/m=lOO0Vd,syae,P6sQOc",1991,CACHE_ASSET,WEB_CACHE_OR_BROWSER_ARTIFACT,Google Search Web Dump Cache,2026,N/A,N/A,Browser JS / CSS / Icon Chunks,Supporting script and image assets for saved Google search webpage,NO,YES,SAFE TO DELETE,Webpage dependency asset from saved Google search; zero research value
"NCDC weekly outbreaks/Monthly Trajectory of Major Disease Classes in India_files/m=oG0qee,nMfLA,O19q8,UMk45c,bplExb,xMHx5e,o7oVhd,R6UkWb,tW711b,UX8qee,tDA9G,dMJ4he,sy5lx,syrt,sypx,sypz,syo7,syo5,syo8,sy4xr,sy4xn,s",250975,CACHE_ASSET,WEB_CACHE_OR_BROWSER_ARTIFACT,Google Search Web Dump Cache,2026,N/A,N/A,Browser JS / CSS / Icon Chunks,Supporting script and image assets for saved Google search webpage,NO,YES,SAFE TO DELETE,Webpage dependency asset from saved Google search; zero research value
NCDC weekly outbreaks/Monthly Trajectory of Major Disease Classes in India_files/m=Oh6VO,2841,CACHE_ASSET,WEB_CACHE_OR_BROWSER_ARTIFACT,Google Search Web Dump Cache,2026,N/A,N/A,Browser JS / CSS / Icon Chunks,Supporting script and image assets for saved Google search webpage,NO,YES,SAFE TO DELETE,Webpage dependency asset from saved Google search; zero research value
"NCDC weekly outbreaks/Monthly Trajectory of Major Disease Classes in India_files/m=p3hmRc,synk,synj,pNBFbe",8267,CACHE_ASSET,WEB_CACHE_OR_BROWSER_ARTIFACT,Google Search Web Dump Cache,2026,N/A,N/A,Browser JS / CSS / Icon Chunks,Supporting script and image assets for saved Google search webpage,NO,YES,SAFE TO DELETE,Webpage dependency asset from saved Google search; zero research value
NCDC weekly outbreaks/Monthly Trajectory of Major Disease Classes in India_files/m=P6sQOc,1876,CACHE_ASSET,WEB_CACHE_OR_BROWSER_ARTIFACT,Google Search Web Dump Cache,2026,N/A,N/A,Browser JS / CSS / Icon Chunks,Supporting script and image assets for saved Google search webpage,NO,YES,SAFE TO DELETE,Webpage dependency asset from saved Google search; zero research value
NCDC weekly outbreaks/Monthly Trajectory of Major Disease Classes in India_files/m=pRMv2d,1267,CACHE_ASSET,WEB_CACHE_OR_BROWSER_ARTIFACT,Google Search Web Dump Cache,2026,N/A,N/A,Browser JS / CSS / Icon Chunks,Supporting script and image assets for saved Google search webpage,NO,YES,SAFE TO DELETE,Webpage dependency asset from saved Google search; zero research value
NCDC weekly outbreaks/Monthly Trajectory of Major Disease Classes in India_files/m=Qdu94e,604,CACHE_ASSET,WEB_CACHE_OR_BROWSER_ARTIFACT,Google Search Web Dump Cache,2026,N/A,N/A,Browser JS / CSS / Icon Chunks,Supporting script and image assets for saved Google search webpage,NO,YES,SAFE TO DELETE,Webpage dependency asset from saved Google search; zero research value
NCDC weekly outbreaks/Monthly Trajectory of Major Disease Classes in India_files/m=QU9BMd,1155,CACHE_ASSET,WEB_CACHE_OR_BROWSER_ARTIFACT,Google Search Web Dump Cache,2026,N/A,N/A,Browser JS / CSS / Icon Chunks,Supporting script and image assets for saved Google search webpage,NO,YES,SAFE TO DELETE,Webpage dependency asset from saved Google search; zero research value
NCDC weekly outbreaks/Monthly Trajectory of Major Disease Classes in India_files/m=r3gopb,461,CACHE_ASSET,WEB_CACHE_OR_BROWSER_ARTIFACT,Google Search Web Dump Cache,2026,N/A,N/A,Browser JS / CSS / Icon Chunks,Supporting script and image assets for saved Google search webpage,NO,YES,SAFE TO DELETE,Webpage dependency asset from saved Google search; zero research value
NCDC weekly outbreaks/Monthly Trajectory of Major Disease Classes in India_files/m=RagDlc,179,CACHE_ASSET,WEB_CACHE_OR_BROWSER_ARTIFACT,Google Search Web Dump Cache,2026,N/A,N/A,Browser JS / CSS / Icon Chunks,Supporting script and image assets for saved Google search webpage,NO,YES,SAFE TO DELETE,Webpage dependency asset from saved Google search; zero research value
NCDC weekly outbreaks/Monthly Trajectory of Major Disease Classes in India_files/m=sg,5524,CACHE_ASSET,WEB_CACHE_OR_BROWSER_ARTIFACT,Google Search Web Dump Cache,2026,N/A,N/A,Browser JS / CSS / Icon Chunks,Supporting script and image assets for saved Google search webpage,NO,YES,SAFE TO DELETE,Webpage dependency asset from saved Google search; zero research value
NCDC weekly outbreaks/Monthly Trajectory of Major Disease Classes in India_files/m=sNsSob,700,CACHE_ASSET,WEB_CACHE_OR_BROWSER_ARTIFACT,Google Search Web Dump Cache,2026,N/A,N/A,Browser JS / CSS / Icon Chunks,Supporting script and image assets for saved Google search webpage,NO,YES,SAFE TO DELETE,Webpage dependency asset from saved Google search; zero research value
"NCDC weekly outbreaks/Monthly Trajectory of Major Disease Classes in India_files/m=sy177,sy1iu,Vr0P3e,sy67u,sy5d0,sy5dw,sy5e0,sy4ox,sy45f,sy4by,sy3ja,sy2xm,sy1go,IoYcEc,sy67v,im9xIe,VEbNoe",73686,CACHE_ASSET,WEB_CACHE_OR_BROWSER_ARTIFACT,Google Search Web Dump Cache,2026,N/A,N/A,Browser JS / CSS / Icon Chunks,Supporting script and image assets for saved Google search webpage,NO,YES,SAFE TO DELETE,Webpage dependency asset from saved Google search; zero research value
"NCDC weekly outbreaks/Monthly Trajectory of Major Disease Classes in India_files/m=sy2d2,sy3w1,sy846,sy845,sy6ze,sy6tm,sy6ti,sy6tg,sy6sh,sy6rl,sy6q8,sy6hp,sy6dc,sy6an,sy6a4,sy69n,sy69m,sy699,sy68f,sy68d,sy68c,sy67",206960,CACHE_ASSET,WEB_CACHE_OR_BROWSER_ARTIFACT,Google Search Web Dump Cache,2026,N/A,N/A,Browser JS / CSS / Icon Chunks,Supporting script and image assets for saved Google search webpage,NO,YES,SAFE TO DELETE,Webpage dependency asset from saved Google search; zero research value
"NCDC weekly outbreaks/Monthly Trajectory of Major Disease Classes in India_files/m=sy2eq,sy7fn,sy673,zLjACb,syay,syax,YNjGDd,syau,IZT63,YYmHzb,PrPYRd,sy16z,sy1hp,sy1ho,syb3,sy1hn,sy1gv,sy1aj,sy17s,sy17q,sygs,sygd,",21379,CACHE_ASSET,WEB_CACHE_OR_BROWSER_ARTIFACT,Google Search Web Dump Cache,2026,N/A,N/A,Browser JS / CSS / Icon Chunks,Supporting script and image assets for saved Google search webpage,NO,YES,SAFE TO DELETE,Webpage dependency asset from saved Google search; zero research value
"NCDC weekly outbreaks/Monthly Trajectory of Major Disease Classes in India_files/m=sy4mj,sy7ia,sy7cu,sy6rh,zouQy,sy155,eX5ure,HSKe6b,sy5mw,Cmfgk,sy8gj,sy68g,zGLm3b",11071,CACHE_ASSET,WEB_CACHE_OR_BROWSER_ARTIFACT,Google Search Web Dump Cache,2026,N/A,N/A,Browser JS / CSS / Icon Chunks,Supporting script and image assets for saved Google search webpage,NO,YES,SAFE TO DELETE,Webpage dependency asset from saved Google search; zero research value
"NCDC weekly outbreaks/Monthly Trajectory of Major Disease Classes in India_files/m=sy682,T5VV,sy55u,aDVF7,sy15p,sy7jv,sy68m,rhYw1b,SMquOb,sy29f,sy29d,sy29e,sy160,d5EhJe,sy3j7,fCxEDd,sy1yi,sy3j6,sy3j5,sy3j4,sy3j3,s",329700,CACHE_ASSET,WEB_CACHE_OR_BROWSER_ARTIFACT,Google Search Web Dump Cache,2026,N/A,N/A,Browser JS / CSS / Icon Chunks,Supporting script and image assets for saved Google search webpage,NO,YES,SAFE TO DELETE,Webpage dependency asset from saved Google search; zero research value
"NCDC weekly outbreaks/Monthly Trajectory of Major Disease Classes in India_files/m=sy7gk,PQ2Aoe",7133,CACHE_ASSET,WEB_CACHE_OR_BROWSER_ARTIFACT,Google Search Web Dump Cache,2026,N/A,N/A,Browser JS / CSS / Icon Chunks,Supporting script and image assets for saved Google search webpage,NO,YES,SAFE TO DELETE,Webpage dependency asset from saved Google search; zero research value
"NCDC weekly outbreaks/Monthly Trajectory of Major Disease Classes in India_files/m=syl4,syl2,syjk,sykc,syka,syk9,syk8,sya0,sy9y,sy9v,sy9z,syjw,sykb,syk7,syet,syk5,syjy,syfy,sykp,syk6,sykg,sykh,syk3,syk2,syk1,syko,",241791,CACHE_ASSET,WEB_CACHE_OR_BROWSER_ARTIFACT,Google Search Web Dump Cache,2026,N/A,N/A,Browser JS / CSS / Icon Chunks,Supporting script and image assets for saved Google search webpage,NO,YES,SAFE TO DELETE,Webpage dependency asset from saved Google search; zero research value
NCDC weekly outbreaks/Monthly Trajectory of Major Disease Classes in India_files/m=Vm4Ogc,3288,CACHE_ASSET,WEB_CACHE_OR_BROWSER_ARTIFACT,Google Search Web Dump Cache,2026,N/A,N/A,Browser JS / CSS / Icon Chunks,Supporting script and image assets for saved Google search webpage,NO,YES,SAFE TO DELETE,Webpage dependency asset from saved Google search; zero research value
NCDC weekly outbreaks/Monthly Trajectory of Major Disease Classes in India_files/m=WiBFy,67682,CACHE_ASSET,WEB_CACHE_OR_BROWSER_ARTIFACT,Google Search Web Dump Cache,2026,N/A,N/A,Browser JS / CSS / Icon Chunks,Supporting script and image assets for saved Google search webpage,NO,YES,SAFE TO DELETE,Webpage dependency asset from saved Google search; zero research value
NCDC weekly outbreaks/Monthly Trajectory of Major Disease Classes in India_files/m=X1kBmd,944,CACHE_ASSET,WEB_CACHE_OR_BROWSER_ARTIFACT,Google Search Web Dump Cache,2026,N/A,N/A,Browser JS / CSS / Icon Chunks,Supporting script and image assets for saved Google search webpage,NO,YES,SAFE TO DELETE,Webpage dependency asset from saved Google search; zero research value
NCDC weekly outbreaks/Monthly Trajectory of Major Disease Classes in India_files/m=xOTwoc,3282,CACHE_ASSET,WEB_CACHE_OR_BROWSER_ARTIFACT,Google Search Web Dump Cache,2026,N/A,N/A,Browser JS / CSS / Icon Chunks,Supporting script and image assets for saved Google search webpage,NO,YES,SAFE TO DELETE,Webpage dependency asset from saved Google search; zero research value
"NCDC weekly outbreaks/Monthly Trajectory of Major Disease Classes in India_files/m=XWsOs,dygqY",4359,CACHE_ASSET,WEB_CACHE_OR_BROWSER_ARTIFACT,Google Search Web Dump Cache,2026,N/A,N/A,Browser JS / CSS / Icon Chunks,Supporting script and image assets for saved Google search webpage,NO,YES,SAFE TO DELETE,Webpage dependency asset from saved Google search; zero research value
"NCDC weekly outbreaks/Monthly Trajectory of Major Disease Classes in India_files/m=zdjzzd,El6tte",3144,CACHE_ASSET,WEB_CACHE_OR_BROWSER_ARTIFACT,Google Search Web Dump Cache,2026,N/A,N/A,Browser JS / CSS / Icon Chunks,Supporting script and image assets for saved Google search webpage,NO,YES,SAFE TO DELETE,Webpage dependency asset from saved Google search; zero research value
"NCDC weekly outbreaks/Monthly Trajectory of Major Disease Classes in India_files/m=zOvrRc,ZA09ef,uUCgYd,h6yBLd,bJ5zY,MAxPne,D4EaV,v48bt,j7xZu,zp3Dsd,z34MU,Aoijq,TDBkbc,IyE5S,gHKH2d,tP2kf,gWGJ0d,a7qCn,Liu6s,PnN4Le,",66747,CACHE_ASSET,WEB_CACHE_OR_BROWSER_ARTIFACT,Google Search Web Dump Cache,2026,N/A,N/A,Browser JS / CSS / Icon Chunks,Supporting script and image assets for saved Google search webpage,NO,YES,SAFE TO DELETE,Webpage dependency asset from saved Google search; zero research value
"NCDC weekly outbreaks/Monthly Trajectory of Major Disease Classes in India_files/m=_b,_tp",225224,CACHE_ASSET,WEB_CACHE_OR_BROWSER_ARTIFACT,Google Search Web Dump Cache,2026,N/A,N/A,Browser JS / CSS / Icon Chunks,Supporting script and image assets for saved Google search webpage,NO,YES,SAFE TO DELETE,Webpage dependency asset from saved Google search; zero research value
NCDC weekly outbreaks/Monthly Trajectory of Major Disease Classes in India_files/RotateCookiesPage.html,571658,CACHE_ASSET,WEB_CACHE_OR_BROWSER_ARTIFACT,Google Search Web Dump Cache,2026,N/A,N/A,Browser JS / CSS / Icon Chunks,Supporting script and image assets for saved Google search webpage,NO,YES,SAFE TO DELETE,Webpage dependency asset from saved Google search; zero research value
NCDC weekly outbreaks/Monthly Trajectory of Major Disease Classes in India_files/rs=AA2YrTs8gbyCCJLiqdTVQgamLKyE7-tmqA,8196,CACHE_ASSET,WEB_CACHE_OR_BROWSER_ARTIFACT,Google Search Web Dump Cache,2026,N/A,N/A,Browser JS / CSS / Icon Chunks,Supporting script and image assets for saved Google search webpage,NO,YES,SAFE TO DELETE,Webpage dependency asset from saved Google search; zero research value
NCDC weekly outbreaks/Monthly Trajectory of Major Disease Classes in India_files/rs=AA2YrTshlUm-roeZQlko2QnKjmuYUGxFAA,250361,CACHE_ASSET,WEB_CACHE_OR_BROWSER_ARTIFACT,Google Search Web Dump Cache,2026,N/A,N/A,Browser JS / CSS / Icon Chunks,Supporting script and image assets for saved Google search webpage,NO,YES,SAFE TO DELETE,Webpage dependency asset from saved Google search; zero research value
NCDC weekly outbreaks/Monthly Trajectory of Major Disease Classes in India_files/shim(1).html,19559,CACHE_ASSET,WEB_CACHE_OR_BROWSER_ARTIFACT,Google Search Web Dump Cache,2026,N/A,N/A,Browser JS / CSS / Icon Chunks,Supporting script and image assets for saved Google search webpage,NO,YES,SAFE TO DELETE,Webpage dependency asset from saved Google search; zero research value
NCDC weekly outbreaks/Monthly Trajectory of Major Disease Classes in India_files/shim(2).html,81378,CACHE_ASSET,WEB_CACHE_OR_BROWSER_ARTIFACT,Google Search Web Dump Cache,2026,N/A,N/A,Browser JS / CSS / Icon Chunks,Supporting script and image assets for saved Google search webpage,NO,YES,SAFE TO DELETE,Webpage dependency asset from saved Google search; zero research value
NCDC weekly outbreaks/Monthly Trajectory of Major Disease Classes in India_files/shim.html,19764,CACHE_ASSET,WEB_CACHE_OR_BROWSER_ARTIFACT,Google Search Web Dump Cache,2026,N/A,N/A,Browser JS / CSS / Icon Chunks,Supporting script and image assets for saved Google search webpage,NO,YES,SAFE TO DELETE,Webpage dependency asset from saved Google search; zero research value
NCDC weekly outbreaks/Monthly Trajectory of Major Disease Classes in India_files/unnamed.jpg,1236,CACHE_ASSET,WEB_CACHE_OR_BROWSER_ARTIFACT,Google Search Web Dump Cache,2026,N/A,N/A,Browser JS / CSS / Icon Chunks,Supporting script and image assets for saved Google search webpage,NO,YES,SAFE TO DELETE,Webpage dependency asset from saved Google search; zero research value
Professor's Instructions/1000005242 (2).jpg,66248,JPEG,CORE_PROJECT_DOCUMENT,University Faculty / Project Supervisor,2026,2025–2026 Academic Year,RP Institute / University of Mumbai,Project Submission Guidelines & Rubric,"Mandatory faculty guidance specifying project structure, formatting, and expectations",YES,NO,KEEP,Authoritative university guidelines governing report grading and structure
Professor's Instructions/1000005243 (2).jpg,638405,JPEG,CORE_PROJECT_DOCUMENT,University Faculty / Project Supervisor,2026,2025–2026 Academic Year,RP Institute / University of Mumbai,Project Submission Guidelines & Rubric,"Mandatory faculty guidance specifying project structure, formatting, and expectations",YES,NO,KEEP,Authoritative university guidelines governing report grading and structure
Professor's Instructions/1000005244 (2).jpg,715191,JPEG,CORE_PROJECT_DOCUMENT,University Faculty / Project Supervisor,2026,2025–2026 Academic Year,RP Institute / University of Mumbai,Project Submission Guidelines & Rubric,"Mandatory faculty guidance specifying project structure, formatting, and expectations",YES,NO,KEEP,Authoritative university guidelines governing report grading and structure
Professor's Instructions/1000005245 (2).jpg,541048,JPEG,CORE_PROJECT_DOCUMENT,University Faculty / Project Supervisor,2026,2025–2026 Academic Year,RP Institute / University of Mumbai,Project Submission Guidelines & Rubric,"Mandatory faculty guidance specifying project structure, formatting, and expectations",YES,NO,KEEP,Authoritative university guidelines governing report grading and structure
Professor's Instructions/1000005246 (2).jpg,496862,JPEG,CORE_PROJECT_DOCUMENT,University Faculty / Project Supervisor,2026,2025–2026 Academic Year,RP Institute / University of Mumbai,Project Submission Guidelines & Rubric,"Mandatory faculty guidance specifying project structure, formatting, and expectations",YES,NO,KEEP,Authoritative university guidelines governing report grading and structure
raw dataset/3d_cases_temp_precip.png,793932,PNG,DERIVED_ANALYSIS,Prior Analysis Script (from Final_data.csv),2026,2009–2022,India / Maharashtra,Exploratory Visualization (3d_cases_temp_precip.png),Preliminary exploratory visualization generated from historical data,NO,NO,KEEP FOR NOW,Derived from Final_data.csv; retain as visual reference until new 2022-2026 charts are created
raw dataset/cases_timeseries.png,191985,PNG,DERIVED_ANALYSIS,Prior Analysis Script (from Final_data.csv),2026,2009–2022,India / Maharashtra,Exploratory Visualization (cases_timeseries.png),Preliminary exploratory visualization generated from historical data,NO,NO,KEEP FOR NOW,Derived from Final_data.csv; retain as visual reference until new 2022-2026 charts are created
raw dataset/correlation.jpeg,110688,JPEG,DERIVED_ANALYSIS,Prior Analysis Script (from Final_data.csv),2026,2009–2022,India / Maharashtra,Exploratory Visualization (correlation.jpeg),Preliminary exploratory visualization generated from historical data,NO,NO,KEEP FOR NOW,Derived from Final_data.csv; retain as visual reference until new 2022-2026 charts are created
raw dataset/dataset_pie.png,143048,PNG,DERIVED_ANALYSIS,Prior Analysis Script (from Final_data.csv),2026,2009–2022,India / Maharashtra,Exploratory Visualization (dataset_pie.png),Preliminary exploratory visualization generated from historical data,NO,NO,KEEP FOR NOW,Derived from Final_data.csv; retain as visual reference until new 2022-2026 charts are created
raw dataset/deaths_timeseries.png,192495,PNG,DERIVED_ANALYSIS,Prior Analysis Script (from Final_data.csv),2026,2009–2022,India / Maharashtra,Exploratory Visualization (deaths_timeseries.png),Preliminary exploratory visualization generated from historical data,NO,NO,KEEP FOR NOW,Derived from Final_data.csv; retain as visual reference until new 2022-2026 charts are created
raw dataset/Final_data.csv,1035178,CSV,HISTORICAL_DATA,Dataful / IDSP (MOHFW),2022,2009–2022 (Week 24),India / Maharashtra,Historical Outbreak Records with Climate Metrics,Baseline historical outbreak dataset for historical context and validation,YES,NO,KEEP FOR NOW,"Contains 8,985 historical records with weather covariates; essential baseline evidence"
raw dataset/temperature_precipitation_side_by_side_maps.png,3486826,PNG,DERIVED_ANALYSIS,Prior Analysis Script (from Final_data.csv),2026,2009–2022,India / Maharashtra,Exploratory Visualization (temperature_precipitation_side_by_side_maps.png),Preliminary exploratory visualization generated from historical data,NO,NO,KEEP FOR NOW,Derived from Final_data.csv; retain as visual reference until new 2022-2026 charts are created
raw dataset/top_10_states_by_deaths.png,231745,PNG,DERIVED_ANALYSIS,Prior Analysis Script (from Final_data.csv),2026,2009–2022,India / Maharashtra,Exploratory Visualization (top_10_states_by_deaths.png),Preliminary exploratory visualization generated from historical data,NO,NO,KEEP FOR NOW,Derived from Final_data.csv; retain as visual reference until new 2022-2026 charts are created
raw dataset/total_diseases_over_time.png,206719,PNG,DERIVED_ANALYSIS,Prior Analysis Script (from Final_data.csv),2026,2009–2022,India / Maharashtra,Exploratory Visualization (total_diseases_over_time.png),Preliminary exploratory visualization generated from historical data,NO,NO,KEEP FOR NOW,Derived from Final_data.csv; retain as visual reference until new 2022-2026 charts are created
