record_id,official_idsp_id,source_year,source_week,source_pdf,source_page,internal_week_raw,week_verification_status,state,district_raw,district_normalized,disease_raw,disease_normalized,cases,deaths,status_raw,outbreak_starting_date_raw,outbreak_starting_date,reporting_date_raw,reporting_date,week_start_date,week_end_date,extraction_method,extraction_confidence,ocr_raw_text,validation_status,notes,district_clean,district_clean_status,district_mapping_note,district_historical_census,disease_clean,disease_clean_status,disease_mapping_note,outbreak_starting_date_clean,reporting_date_clean,date_quality_flag,epi_year,epi_week,month,month_name,quarter,observation_year,observation_period_status,repeat_record_status
MAHA-2022-W02-001,MH/GAD/2022/02/004,2022,2,NCDC weekly outbreaks/2022/week2.pdf,3,02,MATCH,Maharashtra,Gadchiroli,Gadchiroli,Malaria,Malaria,7,2,Under Surveillance,10-01-22,2022-01-10,14-01-22,2022-01-14,2022-01-10,2022-01-16,TEXT,HIGH,,PHASE4B_ACQUIRED,Official IDSP unique ID: MH/GAD/2022/02/004,Gadchiroli,VERBATIM_MATCH,Clean district text from source,Gadchiroli,Malaria,CLEAN,Clean disease text,2022-01-10,2022-01-14,NORMAL,2022,2,1,January,Q1,2022,COMPLETE_YEAR,NOT_FLAGGED
MAHA-2022-W06-001,MH/FAT/2022/06/026,2022,6,NCDC weekly outbreaks/2022/week6.pdf,3,06,MATCH,Maharashtra,Gadchiroli,Gadchiroli,Malaria,Malaria,1,1,Under Surveillance,09-02-22,2022-02-09,10-02-22,2022-02-10,2022-02-07,2022-02-13,TEXT,HIGH,,PHASE4B_ACQUIRED,Official IDSP unique ID: MH/FAT/2022/06/026,Gadchiroli,VERBATIM_MATCH,Clean district text from source,Gadchiroli,Malaria,CLEAN,Clean disease text,2022-02-09,2022-02-10,NORMAL,2022,6,2,February,Q1,2022,COMPLETE_YEAR,NOT_FLAGGED
MAHA-2022-W09-001,MH/AKL/2022/09/052,2022,9,NCDC weekly outbreaks/2022/week9.pdf,5,09,MATCH,Maharashtra,Akola,Akola,Food Poisoning,Food_Poisoning,102,0,Under Control,01-03-22,2022-03-01,02-03-22,2022-03-02,2022-02-28,2022-03-06,TEXT,HIGH,,PHASE4B_ACQUIRED,Official IDSP unique ID: MH/AKL/2022/09/052,Akola,VERBATIM_MATCH,Clean district text from source,Akola,Food Poisoning,WHITESPACE_STANDARDIZED,Standardized capitalization: Food poisoning -> Food Poisoning,2022-03-01,2022-03-02,NORMAL,2022,9,3,March,Q1,2022,COMPLETE_YEAR,NOT_FLAGGED
MAHA-2022-W11-001,MH/AKL/2022/11/078,2022,11,NCDC weekly outbreaks/2022/week11.pdf,4,11,MATCH,Maharashtra,Akola,Akola,Chickenpox,Chickenpox,5,0,Under Surveillance,15-03-22,2022-03-15,17-03-22,2022-03-17,2022-03-14,2022-03-20,TEXT,HIGH,,PHASE4B_ACQUIRED,Official IDSP unique ID: MH/AKL/2022/11/078,Akola,VERBATIM_MATCH,Clean district text from source,Akola,Chickenpox,CLEAN,Clean disease text,2022-03-15,2022-03-17,NORMAL,2022,11,3,March,Q1,2022,COMPLETE_YEAR,NOT_FLAGGED
MAHA-2022-W11-002,MH/AKL/2022/11/079,2022,11,NCDC weekly outbreaks/2022/week11.pdf,4,11,MATCH,Maharashtra,Akola,Akola,Chikungunya,Chikungunya,9,0,Under Surveillance,12-03-22,2022-03-12,17-03-22,2022-03-17,2022-03-14,2022-03-20,TEXT,HIGH,,PHASE4B_ACQUIRED,Official IDSP unique ID: MH/AKL/2022/11/079,Akola,VERBATIM_MATCH,Clean district text from source,Akola,Chikungunya,WHITESPACE_STANDARDIZED,Standardized broken whitespace in Chikungunya,2022-03-12,2022-03-17,NORMAL,2022,11,3,March,Q1,2022,COMPLETE_YEAR,NOT_FLAGGED
MAHA-2022-W12-001,MH/RGD/2022/12/096,2022,12,NCDC weekly outbreaks/2022/week12.pdf,5,12,MATCH,Maharashtra,Raigad,Raigad,Dengue,Dengue,11,0,Under Surveillance,21-03-22,2022-03-21,25-03-22,2022-03-25,2022-03-21,2022-03-27,TEXT,HIGH,,PHASE4B_ACQUIRED,Official IDSP unique ID: MH/RGD/2022/12/096,Raigad,VERBATIM_MATCH,Clean district text from source,Raigad,Dengue,CLEAN,Clean disease text,2022-03-21,2022-03-25,NORMAL,2022,12,3,March,Q1,2022,COMPLETE_YEAR,NOT_FLAGGED
MAHA-2022-W13-001,MH/AKL/2022/13/113,2022,13,NCDC weekly outbreaks/2022/week13.pdf,6,13,MATCH,Maharashtra,Akola,Akola,Chikungunya,Chikungunya,3,0,Under Surveillance,29-03-22,2022-03-29,30-03-22,2022-03-30,2022-03-28,2022-04-03,TEXT,HIGH,,PHASE4B_ACQUIRED,Official IDSP unique ID: MH/AKL/2022/13/113,Akola,VERBATIM_MATCH,Clean district text from source,Akola,Chikungunya,WHITESPACE_STANDARDIZED,Standardized broken whitespace in Chikungunya,2022-03-29,2022-03-30,NORMAL,2022,13,3,March,Q1,2022,COMPLETE_YEAR,NOT_FLAGGED
MAHA-2022-W16-001,MH/SHO/2022/16/154,2022,16,NCDC weekly outbreaks/2022/week16.pdf,5,16,MATCH,Maharashtra,Pune,Pune,Solapur Food Poisoning,Food_Poisoning,31,0,Under Control,17-04-22,2022-04-17,19-04-22,2022-04-19,2022-04-18,2022-04-24,TEXT,HIGH,,PHASE4B_ACQUIRED,Official IDSP unique ID: MH/SHO/2022/16/154,Pune,VERBATIM_MATCH,Clean district text from source,Pune,Food Poisoning,WHITESPACE_STANDARDIZED,Standardized capitalization: Food poisoning -> Food Poisoning,2022-04-17,2022-04-19,NORMAL,2022,16,4,April,Q2,2022,COMPLETE_YEAR,NOT_FLAGGED
MAHA-2022-W19-001,MH/JGA/2022/19/248,2022,19,NCDC weekly outbreaks/2022/week19.pdf,10,19,MATCH,Maharashtra,Dhule,Dhule,Jalgaon Dengue,Dengue,9,1,Under Control,06-05-2022,2022-05-06,11-05-2022,2022-05-11,2022-05-09,2022-05-15,TEXT,HIGH,,PHASE4B_ACQUIRED,Official IDSP unique ID: MH/JGA/2022/19/248,Dhule,VERBATIM_MATCH,Clean district text from source,Dhule,Dengue,BOUNDARY_TRIMMED,Trimmed neighboring state/district prefix from disease string,2022-05-06,2022-05-11,NORMAL,2022,19,5,May,Q2,2022,COMPLETE_YEAR,NOT_FLAGGED
MAHA-2022-W19-002,MH/NAS/2022/19/249,2022,19,NCDC weekly outbreaks/2022/week19.pdf,10,19,MATCH,Maharashtra,Nashik,Nashik,Chikungunya,Chikungunya,6,0,Under Control,09-05-2022,2022-05-09,10-05-2022,2022-05-10,2022-05-09,2022-05-15,TEXT,HIGH,,PHASE4B_ACQUIRED,Official IDSP unique ID: MH/NAS/2022/19/249,Nashik,VERBATIM_MATCH,Clean district text from source,Nashik,Chikungunya,WHITESPACE_STANDARDIZED,Standardized broken whitespace in Chikungunya,2022-05-09,2022-05-10,NORMAL,2022,19,5,May,Q2,2022,COMPLETE_YEAR,NOT_FLAGGED
MAHA-2022-W19-003,MH/SIN/2022/19/271,2022,19,NCDC weekly outbreaks/2022/week19.pdf,16,19,MATCH,Maharashtra,Sindhudurg,Sindhudurg,Kudal) Malaria (PV),Malaria,5,0,Under Surveillance,04-05-22,2022-05-04,24-04-22,2022-04-24,2022-05-09,2022-05-15,TEXT,HIGH,,PHASE4B_ACQUIRED,Official IDSP unique ID: MH/SIN/2022/19/271,Sindhudurg,WHITESPACE_ARTIFACT_RESOLVED,Whitespace artifact resolved: Sindhudur g -> Sindhudurg,Sindhudurg,Malaria (PV),BOUNDARY_TRIMMED,Trimmed neighboring state/district prefix from disease string,2022-05-04,2022-04-24,OUTBREAK_DATE_AFTER_REPORT_DATE,2022,19,5,May,Q2,2022,COMPLETE_YEAR,NOT_FLAGGED
MAHA-2022-W20-001,MH/PNE/2022/20/290,2022,20,NCDC weekly outbreaks/2022/week20.pdf,8,20,MATCH,Maharashtra,Pune,Pune,Dengue,Dengue,21,0,Under Control,16-05-22,2022-05-16,17-05-22,2022-05-17,2022-05-16,2022-05-22,TEXT,HIGH,,PHASE4B_ACQUIRED,Official IDSP unique ID: MH/PNE/2022/20/290,Pune,VERBATIM_MATCH,Clean district text from source,Pune,Dengue,CLEAN,Clean disease text,2022-05-16,2022-05-17,NORMAL,2022,20,5,May,Q2,2022,COMPLETE_YEAR,NOT_FLAGGED
MAHA-2022-W20-002,MH/PNE/2022/20/302,2022,20,NCDC weekly outbreaks/2022/week20.pdf,11,20,MATCH,Maharashtra,Pune,Pune,Dengue,Dengue,12,0,Completed,23-04-22,2022-04-23,12-05-22,2022-05-12,2022-05-16,2022-05-22,TEXT,HIGH,,PHASE4B_ACQUIRED,Official IDSP unique ID: MH/PNE/2022/20/302,Pune,VERBATIM_MATCH,Clean district text from source,Pune,Dengue,CLEAN,Clean disease text,2022-04-23,2022-05-12,NORMAL,2022,20,4,April,Q2,2022,COMPLETE_YEAR,NOT_FLAGGED
MAHA-2022-W21-001,MH/CND/2022/21/320,2022,21,NCDC weekly outbreaks/2022/week21.pdf,8,21,MATCH,Maharashtra,Chandrapur,Chandrapur,Malaria,Malaria,13,1,Under Control,25-05-22,2022-05-25,25-05-22,2022-05-25,2022-05-23,2022-05-29,TEXT,HIGH,,PHASE4B_ACQUIRED,Official IDSP unique ID: MH/CND/2022/21/320,Chandrapur,WHITESPACE_ARTIFACT_RESOLVED,Whitespace artifact resolved: Chandrapu r -> Chandrapur,Chandrapur,Malaria,CLEAN,Clean disease text,2022-05-25,2022-05-25,NORMAL,2022,21,5,May,Q2,2022,COMPLETE_YEAR,NOT_FLAGGED
MAHA-2022-W21-002,MH/LTR/2022/21/321,2022,21,NCDC weekly outbreaks/2022/week21.pdf,8,21,MATCH,Maharashtra,Latur,Latur,Food Poisoning,Food_Poisoning,42,0,Under Control,25-05-22,2022-05-25,25-05-22,2022-05-25,2022-05-23,2022-05-29,TEXT,HIGH,,PHASE4B_ACQUIRED,Official IDSP unique ID: MH/LTR/2022/21/321,Latur,VERBATIM_MATCH,Clean district text from source,Latur,Food Poisoning,WHITESPACE_STANDARDIZED,Standardized capitalization: Food poisoning -> Food Poisoning,2022-05-25,2022-05-25,NORMAL,2022,21,5,May,Q2,2022,COMPLETE_YEAR,NOT_FLAGGED
MAHA-2022-W21-003,MH/LTR/2022/21/322,2022,21,NCDC weekly outbreaks/2022/week21.pdf,8,21,MATCH,Maharashtra,Latur,Latur,Food Poisoning,Food_Poisoning,376,0,Under Control,23-05-22,2022-05-23,23-05-22,2022-05-23,2022-05-23,2022-05-29,TEXT,HIGH,,PHASE4B_ACQUIRED,Official IDSP unique ID: MH/LTR/2022/21/322,Latur,VERBATIM_MATCH,Clean district text from source,Latur,Food Poisoning,WHITESPACE_STANDARDIZED,Standardized capitalization: Food poisoning -> Food Poisoning,2022-05-23,2022-05-23,NORMAL,2022,21,5,May,Q2,2022,COMPLETE_YEAR,NOT_FLAGGED
MAHA-2022-W22-001,MH/GAD/2022/22/371,2022,22,NCDC weekly outbreaks/2022/week22.pdf,9,22,MATCH,Maharashtra,Gadchiroli,Gadchiroli,Malaria,Malaria,196,0,Under Control,29-05-2022,2022-05-29,31-05-2022,2022-05-31,2022-05-30,2022-06-05,TEXT,HIGH,,PHASE4B_ACQUIRED,Official IDSP unique ID: MH/GAD/2022/22/371,Gadchiroli,VERBATIM_MATCH,Clean district text from source,Gadchiroli,Malaria,CLEAN,Clean disease text,2022-05-29,2022-05-31,NORMAL,2022,22,5,May,Q2,2022,COMPLETE_YEAR,NOT_FLAGGED
MAHA-2022-W22-002,MH/GAD/2022/22/372,2022,22,NCDC weekly outbreaks/2022/week22.pdf,9,22,MATCH,Maharashtra,Gadchiroli,Gadchiroli,Malaria,Malaria,114,1,Under Control,29-05-2022,2022-05-29,30-05-2022,2022-05-30,2022-05-30,2022-06-05,TEXT,HIGH,,PHASE4B_ACQUIRED,Official IDSP unique ID: MH/GAD/2022/22/372,Gadchiroli,VERBATIM_MATCH,Clean district text from source,Gadchiroli,Malaria,CLEAN,Clean disease text,2022-05-29,2022-05-30,NORMAL,2022,22,5,May,Q2,2022,COMPLETE_YEAR,NOT_FLAGGED
MAHA-2022-W22-003,MH/NAG/2022/22/373,2022,22,NCDC weekly outbreaks/2022/week22.pdf,9,22,MATCH,Maharashtra,Nagpur,Nagpur,Acute Diarrheal Disease,Acute_Diarrheal_Disease,41,0,Under Control,01-06-2022,2022-06-01,02-06-2022,2022-06-02,2022-05-30,2022-06-05,TEXT,HIGH,,PHASE4B_ACQUIRED,Official IDSP unique ID: MH/NAG/2022/22/373,Nagpur,VERBATIM_MATCH,Clean district text from source,Nagpur,Acute Diarrheal Disease,CLEAN,Clean disease text,2022-06-01,2022-06-02,NORMAL,2022,22,6,June,Q2,2022,COMPLETE_YEAR,NOT_FLAGGED
MAHA-2022-W22-004,MH/PNE/2022/22/374,2022,22,NCDC weekly outbreaks/2022/week22.pdf,10,22,MATCH,Maharashtra,Pune,Pune,Acute Diarrheal Disease,Acute_Diarrheal_Disease,97,0,Under Control,20-05-2022,2022-05-20,31-05-2022,2022-05-31,2022-05-30,2022-06-05,TEXT,HIGH,,PHASE4B_ACQUIRED,Official IDSP unique ID: MH/PNE/2022/22/374,Pune,VERBATIM_MATCH,Clean district text from source,Pune,Acute Diarrheal Disease,CLEAN,Clean disease text,2022-05-20,2022-05-31,NORMAL,2022,22,5,May,Q2,2022,COMPLETE_YEAR,NOT_FLAGGED
MAHA-2022-W22-005,MH/STA/2022/22/375,2022,22,NCDC weekly outbreaks/2022/week22.pdf,10,22,MATCH,Maharashtra,Pune,Pune,Satara Chikungunya,Chikungunya,5,0,Under Control,31-05-2022,2022-05-31,31-05-2022,2022-05-31,2022-05-30,2022-06-05,TEXT,HIGH,,PHASE4B_ACQUIRED,Official IDSP unique ID: MH/STA/2022/22/375,Pune,VERBATIM_MATCH,Clean district text from source,Pune,Chikungunya,WHITESPACE_STANDARDIZED,Standardized broken whitespace in Chikungunya,2022-05-31,2022-05-31,NORMAL,2022,22,5,May,Q2,2022,COMPLETE_YEAR,NOT_FLAGGED
MAHA-2022-W23-001,MH/CND/2022/23/422,2022,23,NCDC weekly outbreaks/2022/week23.pdf,9,23,MATCH,Maharashtra,Chandrapur,Chandrapur,Malaria,Malaria,3,1,Under Control,04-06-2022,2022-06-04,06-06-2022,2022-06-06,2022-06-06,2022-06-12,TEXT,HIGH,,PHASE4B_ACQUIRED,Official IDSP unique ID: MH/CND/2022/23/422,Chandrapur,WHITESPACE_ARTIFACT_RESOLVED,Whitespace artifact resolved: Chandrapu r -> Chandrapur,Chandrapur,Malaria,CLEAN,Clean disease text,2022-06-04,2022-06-06,NORMAL,2022,23,6,June,Q2,2022,COMPLETE_YEAR,NOT_FLAGGED
MAHA-2022-W23-002,MH/LTR/2022/23/423,2022,23,NCDC weekly outbreaks/2022/week23.pdf,9,23,MATCH,Maharashtra,Latur,Latur,Acute Diarrheal Disease,Acute_Diarrheal_Disease,21,0,Under Control,07-06-2022,2022-06-07,08-06-2022,2022-06-08,2022-06-06,2022-06-12,TEXT,HIGH,,PHASE4B_ACQUIRED,Official IDSP unique ID: MH/LTR/2022/23/423,Latur,VERBATIM_MATCH,Clean district text from source,Latur,Acute Diarrheal Disease,CLEAN,Clean disease text,2022-06-07,2022-06-08,NORMAL,2022,23,6,June,Q2,2022,COMPLETE_YEAR,NOT_FLAGGED
MAHA-2022-W23-003,MH/STA/2022/23/424,2022,23,NCDC weekly outbreaks/2022/week23.pdf,10,23,MATCH,Maharashtra,Pune,Pune,Satara Chikungunya,Chikungunya,5,0,Under Control,03-06-2022,2022-06-03,07-06-2022,2022-06-07,2022-06-06,2022-06-12,TEXT,HIGH,,PHASE4B_ACQUIRED,Official IDSP unique ID: MH/STA/2022/23/424,Pune,VERBATIM_MATCH,Clean district text from source,Pune,Chikungunya,WHITESPACE_STANDARDIZED,Standardized broken whitespace in Chikungunya,2022-06-03,2022-06-07,NORMAL,2022,23,6,June,Q2,2022,COMPLETE_YEAR,NOT_FLAGGED
MAHA-2022-W23-004,MH/YVT/2022/23/425,2022,23,NCDC weekly outbreaks/2022/week23.pdf,10,23,MATCH,Maharashtra,Yavatmal,Yavatmal,Food poisoning,Food_Poisoning,15,0,Under Control,06-06-22,2022-06-06,08-06-22,2022-06-08,2022-06-06,2022-06-12,TEXT,HIGH,,PHASE4B_ACQUIRED,Official IDSP unique ID: MH/YVT/2022/23/425,Yavatmal,VERBATIM_MATCH,Clean district text from source,Yavatmal,Food Poisoning,WHITESPACE_STANDARDIZED,Standardized capitalization: Food poisoning -> Food Poisoning,2022-06-06,2022-06-08,NORMAL,2022,23,6,June,Q2,2022,COMPLETE_YEAR,NOT_FLAGGED
MAHA-2022-W23-005,MH/JGA/2022/23/442,2022,23,NCDC weekly outbreaks/2022/week23.pdf,15,23,MATCH,Maharashtra,Dhule,Dhule,Jalgaon Chikungunya,Chikungunya,9,0,Under Control,23-05-22,2022-05-23,20-05-22,2022-05-20,2022-06-06,2022-06-12,TEXT,HIGH,,PHASE4B_ACQUIRED,Official IDSP unique ID: MH/JGA/2022/23/442,Dhule,VERBATIM_MATCH,Clean district text from source,Dhule,Chikungunya,WHITESPACE_STANDARDIZED,Standardized broken whitespace in Chikungunya,2022-05-23,2022-05-20,OUTBREAK_DATE_AFTER_REPORT_DATE,2022,23,5,May,Q2,2022,COMPLETE_YEAR,NOT_FLAGGED
MAHA-2022-W24-001,MH/GOD/2022/24/459,2022,24,NCDC weekly outbreaks/2022/week24.pdf,7,24,MATCH,Maharashtra,Gadchiroli,Gadchiroli,IHIP) Gondia Malaria,Malaria,47,1,Under Control,13-06-2022,2022-06-13,15-06-2022,2022-06-15,2022-06-13,2022-06-19,TEXT,HIGH,,PHASE4B_ACQUIRED,Official IDSP unique ID: MH/GOD/2022/24/459,Gadchiroli,VERBATIM_MATCH,Clean district text from source,Gadchiroli,Malaria,BOUNDARY_TRIMMED,Trimmed neighboring state/district prefix from disease string,2022-06-13,2022-06-15,NORMAL,2022,24,6,June,Q2,2022,COMPLETE_YEAR,NOT_FLAGGED
MAHA-2022-W24-002,MH/NAG/2022/24/460,2022,24,NCDC weekly outbreaks/2022/week24.pdf,7,24,MATCH,Maharashtra,Nagpur,Nagpur,Acute Diarrheal Disease,Acute_Diarrheal_Disease,47,0,Under Control,15-06-2022,2022-06-15,16-06-2022,2022-06-16,2022-06-13,2022-06-19,TEXT,HIGH,,PHASE4B_ACQUIRED,Official IDSP unique ID: MH/NAG/2022/24/460,Nagpur,VERBATIM_MATCH,Clean district text from source,Nagpur,Acute Diarrheal Disease,CLEAN,Clean disease text,2022-06-15,2022-06-16,NORMAL,2022,24,6,June,Q2,2022,COMPLETE_YEAR,NOT_FLAGGED
MAHA-2022-W24-003,MH/WAS/2022/24/467,2022,24,NCDC weekly outbreaks/2022/week24.pdf,10,24,MATCH,Maharashtra,Mumbai,Mumbai City,Measles & Rubella,Measles,30,0,Under Control,30-04-22,2022-04-30,,,2022-06-13,2022-06-19,TEXT,HIGH,,PHASE4B_ACQUIRED,Official IDSP unique ID: MH/WAS/2022/24/467,Mumbai,VERBATIM_MATCH,Source specifies Mumbai without suburban qualifier,Mumbai,Measles & Rubella,CLEAN,Clean disease text,2022-04-30,,REPORT_DATE_MISSING,2022,24,4,April,Q2,2022,COMPLETE_YEAR,NOT_FLAGGED
MAHA-2022-W25-001,MH/WAS/2022/25/478,2022,25,NCDC weekly outbreaks/2022/week25.pdf,5,25,MATCH,Maharashtra,Pune,Pune,Dengue,Dengue,7,0,Under Control,17-05-22,2022-05-17,22-06-22,2022-06-22,2022-06-20,2022-06-26,TEXT,HIGH,,UNVALIDATED,Official IDSP unique ID: MH/WAS/2022/25/478,Pune,VERBATIM_MATCH,Clean district text from source,Pune,Dengue,CLEAN,Clean disease text,2022-05-17,2022-06-22,NORMAL,2022,25,5,May,Q2,2022,COMPLETE_YEAR,SEPARATE_OUTBREAK
MAHA-2022-W25-002,MH/WAS/2022/25/479,2022,25,NCDC weekly outbreaks/2022/week25.pdf,6,25,MATCH,Maharashtra,Sangli,Sangli,Acute Diarrheal Disease,Acute_Diarrheal_Disease,83,0,Under Control,23-06-22,2022-06-23,24-06-22,2022-06-24,2022-06-20,2022-06-26,TEXT,HIGH,,UNVALIDATED,Official IDSP unique ID: MH/WAS/2022/25/479,Sangli,VERBATIM_MATCH,Clean district text from source,Sangli,Acute Diarrheal Disease,CLEAN,Clean disease text,2022-06-23,2022-06-24,NORMAL,2022,25,6,June,Q2,2022,COMPLETE_YEAR,NOT_FLAGGED
MAHA-2022-W26-001,MH/CND/2022/26/507,2022,26,NCDC weekly outbreaks/2022/week26.pdf,7,26,MATCH,Maharashtra,Chandrapur,Chandrapur,Malaria,Malaria,2,0,Under Surveillance,06-06-22,2022-06-06,,,2022-06-27,2022-07-03,TEXT,HIGH,,UNVALIDATED,Official IDSP unique ID: MH/CND/2022/26/507,Chandrapur,WHITESPACE_ARTIFACT_RESOLVED,Whitespace artifact resolved: Chandrapu r -> Chandrapur,Chandrapur,Malaria,CLEAN,Clean disease text,2022-06-06,,REPORT_DATE_MISSING,2022,26,6,June,Q2,2022,COMPLETE_YEAR,SEPARATE_OUTBREAK
MAHA-2022-W26-002,MH/SIN/2022/26/508,2022,26,NCDC weekly outbreaks/2022/week26.pdf,7,26,MATCH,Maharashtra,Pune,Pune,Kudal) Dengue,Dengue,7,0,Under Surveillance,15-06-22,2022-06-15,17-05-22,2022-05-17,2022-06-27,2022-07-03,TEXT,HIGH,,UNVALIDATED,Official IDSP unique ID: MH/SIN/2022/26/508,Pune,VERBATIM_MATCH,Clean district text from source,Pune,Dengue,BOUNDARY_TRIMMED,Trimmed neighboring state/district prefix from disease string,2022-06-15,2022-05-17,OUTBREAK_DATE_AFTER_REPORT_DATE,2022,26,6,June,Q2,2022,COMPLETE_YEAR,SEPARATE_OUTBREAK
MAHA-2022-W27-001,MH/CND/2022/27/522,2022,27,NCDC weekly outbreaks/2022/week27.pdf,5,27,MATCH,Maharashtra,Chandrapur,Chandrapur,Acute Diarrheal Disease,Acute_Diarrheal_Disease,45,0,Completed,04-07-2022,2022-07-04,05-07-2022,2022-07-05,2022-07-04,2022-07-10,TEXT,HIGH,,UNVALIDATED,Official IDSP unique ID: MH/CND/2022/27/522,Chandrapur,WHITESPACE_ARTIFACT_RESOLVED,Whitespace artifact resolved: Chandrapu r -> Chandrapur,Chandrapur,Acute Diarrheal Disease,CLEAN,Clean disease text,2022-07-04,2022-07-05,NORMAL,2022,27,7,July,Q3,2022,COMPLETE_YEAR,NOT_FLAGGED
MAHA-2022-W28-001,MH/CND/2022/28/547,2022,28,NCDC weekly outbreaks/2022/week28.pdf,4,28,MATCH,Maharashtra,Chandrapur,Chandrapur,Malaria,Malaria,4,0,Under Control,11-07-2022,2022-07-11,16-07-2022,2022-07-16,2022-07-11,2022-07-17,TEXT,HIGH,,UNVALIDATED,Official IDSP unique ID: MH/CND/2022/28/547,Chandrapur,WHITESPACE_ARTIFACT_RESOLVED,Whitespace artifact resolved: Chandrapu r -> Chandrapur,Chandrapur,Malaria,CLEAN,Clean disease text,2022-07-11,2022-07-16,NORMAL,2022,28,7,July,Q3,2022,COMPLETE_YEAR,SEPARATE_OUTBREAK
MAHA-2022-W28-002,MH/PNE/2022/28/555,2022,28,NCDC weekly outbreaks/2022/week28.pdf,7,28,MATCH,Maharashtra,Pune,Pune,Dengue and Chikungunya,Dengue_Chikungunya,6,0,Under Control,28-06-22,2022-06-28,02-05-22,2022-05-02,2022-07-11,2022-07-17,TEXT,HIGH,,UNVALIDATED,Official IDSP unique ID: MH/PNE/2022/28/555,Pune,VERBATIM_MATCH,Clean district text from source,Pune,Dengue and Chikungunya,WHITESPACE_STANDARDIZED,Standardized broken whitespace in Chikungunya,2022-06-28,2022-05-02,OUTBREAK_DATE_AFTER_REPORT_DATE,2022,28,6,June,Q2,2022,COMPLETE_YEAR,NOT_FLAGGED
MAHA-2022-W30-001,MH/WAS/2022/30/590,2022,30,NCDC weekly outbreaks/2022/week30.pdf,6,30,MATCH,Maharashtra,Washim,Washim,Cholera,Cholera,2,0,Under Control,26-07-22,2022-07-26,28-07-22,2022-07-28,2022-07-25,2022-07-31,TEXT,HIGH,,UNVALIDATED,Official IDSP unique ID: MH/WAS/2022/30/590,Washim,VERBATIM_MATCH,Clean district text from source,Washim,Cholera,CLEAN,Clean disease text,2022-07-26,2022-07-28,NORMAL,2022,30,7,July,Q3,2022,COMPLETE_YEAR,NOT_FLAGGED
MAHA-2022-W31-001,MH/AKL/2022/31/611,2022,31,NCDC weekly outbreaks/2022/week31.pdf,4,31,MATCH,Maharashtra,Akola,Akola,Malaria and Dengue,Dengue,4,0,Under Control,01-08-22,2022-08-01,01-08-22,2022-08-01,2022-08-01,2022-08-07,TEXT,HIGH,,UNVALIDATED,Official IDSP unique ID: MH/AKL/2022/31/611,Akola,VERBATIM_MATCH,Clean district text from source,Akola,Malaria and Dengue,CLEAN,Clean disease text,2022-08-01,2022-08-01,NORMAL,2022,31,8,August,Q3,2022,COMPLETE_YEAR,NOT_FLAGGED
MAHA-2022-W32-001,MH/MED/2022/32/630,2022,32,NCDC weekly outbreaks/2022/week32.pdf,4,32,MATCH,Maharashtra,Chandrapur,Chandrapur,Acute Diarrheal Disease,Acute_Diarrheal_Disease,37,0,Under Control,04-08-22,2022-08-04,08-08-22,2022-08-08,2022-08-08,2022-08-14,TEXT,HIGH,,UNVALIDATED,Official IDSP unique ID: MH/MED/2022/32/630,Chandrapur,WHITESPACE_ARTIFACT_RESOLVED,Whitespace artifact resolved: Chandrapu r -> Chandrapur,Chandrapur,Acute Diarrheal Disease,CLEAN,Clean disease text,2022-08-04,2022-08-08,NORMAL,2022,32,8,August,Q3,2022,COMPLETE_YEAR,SEPARATE_OUTBREAK
MAHA-2022-W32-002,MH/MED/2022/32/631,2022,32,NCDC weekly outbreaks/2022/week32.pdf,4,32,MATCH,Maharashtra,Chandrapur,Chandrapur,Acute Diarrheal Disease,Acute_Diarrheal_Disease,5,1,Under Control,01-08-22,2022-08-01,08-08-22,2022-08-08,2022-08-08,2022-08-14,TEXT,HIGH,,UNVALIDATED,Official IDSP unique ID: MH/MED/2022/32/631,Chandrapur,WHITESPACE_ARTIFACT_RESOLVED,Whitespace artifact resolved: Chandrapu r -> Chandrapur,Chandrapur,Acute Diarrheal Disease,CLEAN,Clean disease text,2022-08-01,2022-08-08,NORMAL,2022,32,8,August,Q3,2022,COMPLETE_YEAR,SEPARATE_OUTBREAK
MAHA-2022-W34-001,MH/NAS/2022/34/669,2022,34,NCDC weekly outbreaks/2022/week34.pdf,6,34,MATCH,Maharashtra,Nashik,Nashik,Cholera,Cholera,10,2,Under Control,24-08-2022,2022-08-24,26-08-2022,2022-08-26,2022-08-22,2022-08-28,TEXT,HIGH,,UNVALIDATED,Official IDSP unique ID: MH/NAS/2022/34/669,Nashik,VERBATIM_MATCH,Clean district text from source,Nashik,Cholera,CLEAN,Clean disease text,2022-08-24,2022-08-26,NORMAL,2022,34,8,August,Q3,2022,COMPLETE_YEAR,NOT_FLAGGED
MAHA-2022-W34-002,MH/YVT/2022/34/670,2022,34,NCDC weekly outbreaks/2022/week34.pdf,7,34,MATCH,Maharashtra,Yavatmal,Yavatmal,Acute Diarrheal Disease,Acute_Diarrheal_Disease,12,0,Under Control,25-08-2022,2022-08-25,26-08-2022,2022-08-26,2022-08-22,2022-08-28,TEXT,HIGH,,UNVALIDATED,Official IDSP unique ID: MH/YVT/2022/34/670,Yavatmal,VERBATIM_MATCH,Clean district text from source,Yavatmal,Acute Diarrheal Disease,CLEAN,Clean disease text,2022-08-25,2022-08-26,NORMAL,2022,34,8,August,Q3,2022,COMPLETE_YEAR,NOT_FLAGGED
MAHA-2022-W35-001,MH/AMN/2022/35/707,2022,35,NCDC weekly outbreaks/2022/week35.pdf,9,35,MATCH,Maharashtra,Ahmednagar,Ahmednagar,Dengue,Dengue,3,0,Under Control,17-08-2022,2022-08-17,,,2022-08-29,2022-09-04,TEXT,HIGH,,UNVALIDATED,Official IDSP unique ID: MH/AMN/2022/35/707,Ahmednagar,VERBATIM_MATCH,Clean district text from source,Ahmednagar,Dengue,CLEAN,Clean disease text,2022-08-17,,REPORT_DATE_MISSING,2022,35,8,August,Q3,2022,COMPLETE_YEAR,NOT_FLAGGED
MAHA-2022-W35-002,MH/AMN/2022/35/708,2022,35,NCDC weekly outbreaks/2022/week35.pdf,9,35,MATCH,Maharashtra,Ahmednagar,Ahmednagar,Dengue & Chikungunya,Dengue_Chikungunya,4,0,Under Control,19-08-2022,2022-08-19,24-08-2022,2022-08-24,2022-08-29,2022-09-04,TEXT,HIGH,,UNVALIDATED,Official IDSP unique ID: MH/AMN/2022/35/708,Ahmednagar,VERBATIM_MATCH,Clean district text from source,Ahmednagar,Dengue & Chikungunya,WHITESPACE_STANDARDIZED,Standardized broken whitespace in Chikungunya,2022-08-19,2022-08-24,NORMAL,2022,35,8,August,Q3,2022,COMPLETE_YEAR,NOT_FLAGGED
MAHA-2022-W36-001,MH/YVT/2022/36/716,2022,36,NCDC weekly outbreaks/2022/week36.pdf,5,36,MATCH,Maharashtra,Nagpur,Nagpur,Yavatmal Acute Diarrheal Disease,Acute_Diarrheal_Disease,64,0,Under Control,08/09/22,2022-09-08,09/09/22,2022-09-09,2022-09-05,2022-09-11,TEXT,HIGH,,UNVALIDATED,Official IDSP unique ID: MH/YVT/2022/36/716,Nagpur,VERBATIM_MATCH,Clean district text from source,Nagpur,Acute Diarrheal Disease,BOUNDARY_TRIMMED,Trimmed neighboring state/district prefix from disease string,2022-09-08,2022-09-09,NORMAL,2022,36,9,September,Q3,2022,COMPLETE_YEAR,NOT_FLAGGED
MAHA-2022-W38-001,MH/BNR/2022/38/766,2022,38,NCDC weekly outbreaks/2022/week38.pdf,7,38,MATCH,Maharashtra,Bhandara,Bhandara,Hand Foot Mouth Disease,Hand Foot Mouth Disease,19,0,Under Control,20-09-22,2022-09-20,20-09-22,2022-09-20,2022-09-19,2022-09-25,TEXT,HIGH,,UNVALIDATED,Official IDSP unique ID: MH/BNR/2022/38/766,Bhandara,VERBATIM_MATCH,Clean district text from source,Bhandara,Hand Foot Mouth Disease,CLEAN,Clean disease text,2022-09-20,2022-09-20,NORMAL,2022,38,9,September,Q3,2022,COMPLETE_YEAR,NOT_FLAGGED
MAHA-2022-W38-002,MH/CND/2022/38/767,2022,38,NCDC weekly outbreaks/2022/week38.pdf,7,38,MATCH,Maharashtra,Chandrapur,Chandrapur,Dengue,Dengue,17,0,Under Control,19-09-22,2022-09-19,24-09-22,2022-09-24,2022-09-19,2022-09-25,TEXT,HIGH,,UNVALIDATED,Official IDSP unique ID: MH/CND/2022/38/767,Chandrapur,WHITESPACE_ARTIFACT_RESOLVED,Whitespace artifact resolved: Chandrapu r -> Chandrapur,Chandrapur,Dengue,CLEAN,Clean disease text,2022-09-19,2022-09-24,NORMAL,2022,38,9,September,Q3,2022,COMPLETE_YEAR,NOT_FLAGGED
MAHA-2022-W38-003,MH/CND/2022/38/768,2022,38,NCDC weekly outbreaks/2022/week38.pdf,7,38,MATCH,Maharashtra,Chandrapur,Chandrapur,Malaria,Malaria,14,1,Under Control,22-09-22,2022-09-22,24-09-22,2022-09-24,2022-09-19,2022-09-25,TEXT,HIGH,,UNVALIDATED,Official IDSP unique ID: MH/CND/2022/38/768,Chandrapur,WHITESPACE_ARTIFACT_RESOLVED,Whitespace artifact resolved: Chandrapu r -> Chandrapur,Chandrapur,Malaria,CLEAN,Clean disease text,2022-09-22,2022-09-24,NORMAL,2022,38,9,September,Q3,2022,COMPLETE_YEAR,NOT_FLAGGED
MAHA-2022-W38-004,MH/NAN/2022/38/769,2022,38,NCDC weekly outbreaks/2022/week38.pdf,8,38,MATCH,Maharashtra,Nanded,Nanded,Acute Diarrheal Disease,Acute_Diarrheal_Disease,56,0,Under Control,20-09-22,2022-09-20,21-09-22,2022-09-21,2022-09-19,2022-09-25,TEXT,HIGH,,UNVALIDATED,Official IDSP unique ID: MH/NAN/2022/38/769,Nanded,VERBATIM_MATCH,Clean district text from source,Nanded,Acute Diarrheal Disease,CLEAN,Clean disease text,2022-09-20,2022-09-21,NORMAL,2022,38,9,September,Q3,2022,COMPLETE_YEAR,NOT_FLAGGED
MAHA-2022-W39-001,MH/AGB/2022/39/790,2022,39,NCDC weekly outbreaks/2022/week39.pdf,5,39,MATCH,Maharashtra,Aurangabad,Aurangabad,Food Poisoning,Food_Poisoning,7,0,Under Control,27-09-22,2022-09-27,27-09-22,2022-09-27,2022-09-26,2022-10-02,TEXT,HIGH,,UNVALIDATED,Official IDSP unique ID: MH/AGB/2022/39/790,Aurangabad,VERBATIM_MATCH,Clean district text from source,Aurangabad,Food Poisoning,WHITESPACE_STANDARDIZED,Standardized capitalization: Food poisoning -> Food Poisoning,2022-09-27,2022-09-27,NORMAL,2022,39,9,September,Q3,2022,COMPLETE_YEAR,NOT_FLAGGED
MAHA-2022-W40-001,MH/PNE/2022/40/803,2022,40,NCDC weekly outbreaks/2022/week40.pdf,4,40,MATCH,Maharashtra,Pune,Pune,Dengue,Dengue,20,1,Under Control,17-09-22,2022-09-17,07-10-22,2022-10-07,2022-10-03,2022-10-09,TEXT,HIGH,,UNVALIDATED,Official IDSP unique ID: MH/PNE/2022/40/803,Pune,VERBATIM_MATCH,Clean district text from source,Pune,Dengue,CLEAN,Clean disease text,2022-09-17,2022-10-07,NORMAL,2022,40,9,September,Q3,2022,COMPLETE_YEAR,SEPARATE_OUTBREAK
MAHA-2022-W41-001,MH/PNE/2022/41/825,2022,41,NCDC weekly outbreaks/2022/week41.pdf,8,41,MATCH,Maharashtra,Pune,Pune,Dengue,Dengue,16,0,Under Control,19-09-2022,2022-09-19,25-09-2022,2022-09-25,2022-10-10,2022-10-16,TEXT,HIGH,,UNVALIDATED,Official IDSP unique ID: MH/PNE/2022/41/825,Pune,VERBATIM_MATCH,Clean district text from source,Pune,Dengue,CLEAN,Clean disease text,2022-09-19,2022-09-25,NORMAL,2022,41,9,September,Q3,2022,COMPLETE_YEAR,SEPARATE_OUTBREAK
MAHA-2022-W42-001,MH/AGB/2022/42/833,2022,42,NCDC weekly outbreaks/2022/week42.pdf,5,42,MATCH,Maharashtra,Aurangabad,Aurangabad,Acute Diarrheal Disease,Acute_Diarrheal_Disease,20,0,Under Control,16-10-22,2022-10-16,17-10-22,2022-10-17,2022-10-17,2022-10-23,TEXT,HIGH,,UNVALIDATED,Official IDSP unique ID: MH/AGB/2022/42/833,Aurangabad,VERBATIM_MATCH,Clean district text from source,Aurangabad,Acute Diarrheal Disease,CLEAN,Clean disease text,2022-10-16,2022-10-17,NORMAL,2022,42,10,October,Q4,2022,COMPLETE_YEAR,NOT_FLAGGED
MAHA-2022-W42-002,MH/PNE/2022/42/834,2022,42,NCDC weekly outbreaks/2022/week42.pdf,5,42,MATCH,Maharashtra,Pune,Pune,Dengue,Dengue,10,0,Under Control,23-09-22,2022-09-23,21-10-22,2022-10-21,2022-10-17,2022-10-23,TEXT,HIGH,,UNVALIDATED,Official IDSP unique ID: MH/PNE/2022/42/834,Pune,VERBATIM_MATCH,Clean district text from source,Pune,Dengue,CLEAN,Clean disease text,2022-09-23,2022-10-21,NORMAL,2022,42,9,September,Q3,2022,COMPLETE_YEAR,SAME_OUTBREAK_REPEATED
MAHA-2022-W42-003,MH/SGL/2022/42/835,2022,42,NCDC weekly outbreaks/2022/week42.pdf,5,42,MATCH,Maharashtra,Kolhapur,Kolhapur,Dengue,Dengue,12,0,Under Control,20-10-22,2022-10-20,20-10-22,2022-10-20,2022-10-17,2022-10-23,TEXT,HIGH,,UNVALIDATED,Official IDSP unique ID: MH/SGL/2022/42/835,Kolhapur,VERBATIM_MATCH,Clean district text from source,Kolhapur,Dengue,CLEAN,Clean disease text,2022-10-20,2022-10-20,NORMAL,2022,42,10,October,Q4,2022,COMPLETE_YEAR,NOT_FLAGGED
MAHA-2022-W42-004,MH/PNE/2022/42/839,2022,42,NCDC weekly outbreaks/2022/week42.pdf,6,42,MATCH,Maharashtra,Pune,Pune,Dengue,Dengue,10,0,Under Control,23-09-22,2022-09-23,07-10-22,2022-10-07,2022-10-17,2022-10-23,TEXT,HIGH,,UNVALIDATED,Official IDSP unique ID: MH/PNE/2022/42/839,Pune,VERBATIM_MATCH,Clean district text from source,Pune,Dengue,CLEAN,Clean disease text,2022-09-23,2022-10-07,NORMAL,2022,42,9,September,Q3,2022,COMPLETE_YEAR,SAME_OUTBREAK_REPEATED
MAHA-2022-W44-001,MH/NGP/2022/44/866,2022,44,NCDC weekly outbreaks/2022/week44.pdf,5,44,MATCH,Maharashtra,Pune,Pune,Dengue,Dengue,7,1,Under Control,26-09-22,2022-09-26,01-11-22,2022-11-01,2022-10-31,2022-11-06,TEXT,HIGH,,UNVALIDATED,Official IDSP unique ID: MH/NGP/2022/44/866,Pune,VERBATIM_MATCH,Clean district text from source,Pune,Dengue,CLEAN,Clean disease text,2022-09-26,2022-11-01,NORMAL,2022,44,9,September,Q3,2022,COMPLETE_YEAR,SEPARATE_OUTBREAK
MAHA-2022-W44-002,MH/NGP/2022/44/867,2022,44,NCDC weekly outbreaks/2022/week44.pdf,6,44,MATCH,Maharashtra,Sangli,Sangli,Dengue,Dengue,36,1,Under Control,29-10-22,2022-10-29,31-10-22,2022-10-31,2022-10-31,2022-11-06,TEXT,HIGH,,UNVALIDATED,Official IDSP unique ID: MH/NGP/2022/44/867,Sangli,VERBATIM_MATCH,Clean district text from source,Sangli,Dengue,CLEAN,Clean disease text,2022-10-29,2022-10-31,NORMAL,2022,44,10,October,Q4,2022,COMPLETE_YEAR,NOT_FLAGGED
MAHA-2022-W45-001,MH/BNR/2022/45/889,2022,45,NCDC weekly outbreaks/2022/week45.pdf,8,45,MATCH,Maharashtra,Bhandara,Bhandara,Scrub Typhus,Scrub_Typhus,8,1,Under Control,06-11-22,2022-11-06,10-11-22,2022-11-10,2022-11-07,2022-11-13,TEXT,HIGH,,UNVALIDATED,Official IDSP unique ID: MH/BNR/2022/45/889,Bhandara,VERBATIM_MATCH,Clean district text from source,Bhandara,Scrub Typhus,CLEAN,Clean disease text,2022-11-06,2022-11-10,NORMAL,2022,45,11,November,Q4,2022,COMPLETE_YEAR,NOT_FLAGGED
MAHA-2022-W46-001,MH/LTR/2022/46/903,2022,46,NCDC weekly outbreaks/2022/week46.pdf,5,46,MATCH,Maharashtra,Latur,Latur,Pyrexia of Unknown Origin,Pyrexia of Unknown Origin,20,0,Under Control,14-11-22,2022-11-14,14-11-22,2022-11-14,2022-11-14,2022-11-20,TEXT,HIGH,,UNVALIDATED,Official IDSP unique ID: MH/LTR/2022/46/903,Latur,VERBATIM_MATCH,Clean district text from source,Latur,Pyrexia of Unknown Origin,CLEAN,Clean disease text,2022-11-14,2022-11-14,NORMAL,2022,46,11,November,Q4,2022,COMPLETE_YEAR,NOT_FLAGGED
MAHA-2022-W46-002,MH/AGB/2022/46/912,2022,46,NCDC weekly outbreaks/2022/week46.pdf,8,46,MATCH,Maharashtra,Aurangabad,Aurangabad,Pyrexia of Unknown Origin,Pyrexia of Unknown Origin,24,0,Under Control,11-11-22,2022-11-11,,,2022-11-14,2022-11-20,TEXT,HIGH,,UNVALIDATED,Official IDSP unique ID: MH/AGB/2022/46/912,Aurangabad,VERBATIM_MATCH,Clean district text from source,Aurangabad,Pyrexia of Unknown Origin,CLEAN,Clean disease text,2022-11-11,,REPORT_DATE_MISSING,2022,46,11,November,Q4,2022,COMPLETE_YEAR,NOT_FLAGGED
MAHA-2022-W46-003,MH/AGB/2022/46/913,2022,46,NCDC weekly outbreaks/2022/week46.pdf,8,46,MATCH,Maharashtra,Aurangabad,Aurangabad,Dengue,Dengue,2,1,Under Control,11-11-22,2022-11-11,,,2022-11-14,2022-11-20,TEXT,HIGH,,UNVALIDATED,Official IDSP unique ID: MH/AGB/2022/46/913,Aurangabad,VERBATIM_MATCH,Clean district text from source,Aurangabad,Dengue,CLEAN,Clean disease text,2022-11-11,,REPORT_DATE_MISSING,2022,46,11,November,Q4,2022,COMPLETE_YEAR,NOT_FLAGGED
MAHA-2022-W46-004,MH/DHL/2022/46/914,2022,46,NCDC weekly outbreaks/2022/week46.pdf,8,46,MATCH,Maharashtra,Dhule,Dhule,Dengue,Dengue,4,1,Under Control,31-10-22,2022-10-31,,,2022-11-14,2022-11-20,TEXT,HIGH,,UNVALIDATED,Official IDSP unique ID: MH/DHL/2022/46/914,Dhule,VERBATIM_MATCH,Clean district text from source,Dhule,Dengue,CLEAN,Clean disease text,2022-10-31,,REPORT_DATE_MISSING,2022,46,10,October,Q4,2022,COMPLETE_YEAR,NOT_FLAGGED
MAHA-2022-W46-005,MH/KOP/2022/46/915,2022,46,NCDC weekly outbreaks/2022/week46.pdf,8,46,MATCH,Maharashtra,Kolhapur,Kolhapur,Cholera,Cholera,233,2,Under Control,10-11-22,2022-11-10,,,2022-11-14,2022-11-20,TEXT,HIGH,,UNVALIDATED,Official IDSP unique ID: MH/KOP/2022/46/915,Kolhapur,VERBATIM_MATCH,Clean district text from source,Kolhapur,Cholera,CLEAN,Clean disease text,2022-11-10,,REPORT_DATE_MISSING,2022,46,11,November,Q4,2022,COMPLETE_YEAR,NOT_FLAGGED
MAHA-2022-W46-006,MH/NAS/2022/46/916,2022,46,NCDC weekly outbreaks/2022/week46.pdf,9,46,MATCH,Maharashtra,Nashik,Nashik,Cholera,Cholera,58,0,Under Control,31-10-22,2022-10-31,,,2022-11-14,2022-11-20,TEXT,HIGH,,UNVALIDATED,Official IDSP unique ID: MH/NAS/2022/46/916,Nashik,VERBATIM_MATCH,Clean district text from source,Nashik,Cholera,CLEAN,Clean disease text,2022-10-31,,REPORT_DATE_MISSING,2022,46,10,October,Q4,2022,COMPLETE_YEAR,SEPARATE_OUTBREAK
MAHA-2022-W46-007,MH/NAS/2022/46/917,2022,46,NCDC weekly outbreaks/2022/week46.pdf,9,46,MATCH,Maharashtra,Nashik,Nashik,Cholera,Cholera,52,1,Under Control,17-10-22,2022-10-17,,,2022-11-14,2022-11-20,TEXT,HIGH,,UNVALIDATED,Official IDSP unique ID: MH/NAS/2022/46/917,Nashik,VERBATIM_MATCH,Clean district text from source,Nashik,Cholera,CLEAN,Clean disease text,2022-10-17,,REPORT_DATE_MISSING,2022,46,10,October,Q4,2022,COMPLETE_YEAR,SEPARATE_OUTBREAK
MAHA-2022-W46-008,MH/PRB/2022/46/918,2022,46,NCDC weekly outbreaks/2022/week46.pdf,9,46,MATCH,Maharashtra,Nanded,Nanded,Parbhani Chikungunya,Chikungunya,76,0,Under Control,29-09-22,2022-09-29,,,2022-11-14,2022-11-20,TEXT,HIGH,,UNVALIDATED,Official IDSP unique ID: MH/PRB/2022/46/918,Nanded,VERBATIM_MATCH,Clean district text from source,Nanded,Chikungunya,WHITESPACE_STANDARDIZED,Standardized broken whitespace in Chikungunya,2022-09-29,,REPORT_DATE_MISSING,2022,46,9,September,Q3,2022,COMPLETE_YEAR,NOT_FLAGGED
MAHA-2022-W46-009,MH/THN/2022/46/919,2022,46,NCDC weekly outbreaks/2022/week46.pdf,10,46,MATCH,Maharashtra,Thane,Thane,Dengue,Dengue,1,1,Under Control,28-10-22,2022-10-28,30-09-22,2022-09-30,2022-11-14,2022-11-20,TEXT,HIGH,,UNVALIDATED,Official IDSP unique ID: MH/THN/2022/46/919,Thane,VERBATIM_MATCH,Clean district text from source,Thane,Dengue,CLEAN,Clean disease text,2022-10-28,2022-09-30,OUTBREAK_DATE_AFTER_REPORT_DATE,2022,46,10,October,Q4,2022,COMPLETE_YEAR,NOT_FLAGGED
MAHA-2022-W47-001,MH/KOP/2022/47/927,2022,47,NCDC weekly outbreaks/2022/week47.pdf,4,47,MATCH,Maharashtra,Kolhapur,Kolhapur,Acute Diarrheal Disease,Acute_Diarrheal_Disease,14,0,Under Control,23-11-2022,2022-11-23,23-11-2022,2022-11-23,2022-11-21,2022-11-27,TEXT,HIGH,,UNVALIDATED,Official IDSP unique ID: MH/KOP/2022/47/927,Kolhapur,VERBATIM_MATCH,Clean district text from source,Kolhapur,Acute Diarrheal Disease,CLEAN,Clean disease text,2022-11-23,2022-11-23,NORMAL,2022,47,11,November,Q4,2022,COMPLETE_YEAR,NOT_FLAGGED
MAHA-2022-W47-002,MH/KOP/2022/47/935,2022,47,NCDC weekly outbreaks/2022/week47.pdf,7,47,MATCH,Maharashtra,Kolhapur,Kolhapur,Dengue,Dengue,5,1,Under Control,01-11-2022,2022-11-01,12-11-2022,2022-11-12,2022-11-21,2022-11-27,TEXT,HIGH,,UNVALIDATED,Official IDSP unique ID: MH/KOP/2022/47/935,Kolhapur,VERBATIM_MATCH,Clean district text from source,Kolhapur,Dengue,CLEAN,Clean disease text,2022-11-01,2022-11-12,NORMAL,2022,47,11,November,Q4,2022,COMPLETE_YEAR,SEPARATE_OUTBREAK
MAHA-2022-W49-001,MH/AMR/2022/49/980,2022,49,NCDC weekly outbreaks/2022/week49.pdf,9,49,MATCH,Maharashtra,Amravati,Amravati,Acute Diarrheal Disease,Acute_Diarrheal_Disease,61,0,Under Control,06-12-22,2022-12-06,07-12-22,2022-12-07,2022-12-05,2022-12-11,TEXT,HIGH,,UNVALIDATED,Official IDSP unique ID: MH/AMR/2022/49/980,Amravati,VERBATIM_MATCH,Clean district text from source,Amravati,Acute Diarrheal Disease,CLEAN,Clean disease text,2022-12-06,2022-12-07,NORMAL,2022,49,12,December,Q4,2022,COMPLETE_YEAR,NOT_FLAGGED
MAHA-2022-W49-002,MH/KOP/2022/49/984,2022,49,NCDC weekly outbreaks/2022/week49.pdf,10,49,MATCH,Maharashtra,Kolhapur,Kolhapur,Dengue,Dengue,32,0,Under Control,28-10-2022,2022-10-28,,,2022-12-05,2022-12-11,TEXT,HIGH,,UNVALIDATED,Official IDSP unique ID: MH/KOP/2022/49/984,Kolhapur,VERBATIM_MATCH,Clean district text from source,Kolhapur,Dengue,CLEAN,Clean disease text,2022-10-28,,REPORT_DATE_MISSING,2022,49,10,October,Q4,2022,COMPLETE_YEAR,SEPARATE_OUTBREAK
MAHA-2022-W49-003,MH/LTR/2022/49/985,2022,49,NCDC weekly outbreaks/2022/week49.pdf,11,49,MATCH,Maharashtra,Latur,Latur,Fever,Fever,19,0,Under Control,30-11-2022,2022-11-30,15-09-2022,2022-09-15,2022-12-05,2022-12-11,TEXT,HIGH,,UNVALIDATED,Official IDSP unique ID: MH/LTR/2022/49/985,Latur,VERBATIM_MATCH,Clean district text from source,Latur,Fever,CLEAN,Clean disease text,2022-11-30,2022-09-15,OUTBREAK_DATE_AFTER_REPORT_DATE,2022,49,11,November,Q4,2022,COMPLETE_YEAR,NOT_FLAGGED
MAHA-2022-W50-001,MH/KAJ/2022/50/995,2022,50,NCDC weekly outbreaks/2022/week50.pdf,5,50,MATCH,Maharashtra,Nanded,Nanded,Acute Diarrheal Disease,Acute_Diarrheal_Disease,121,0,Under Control,15-12-2022,2022-12-15,15-12-2022,2022-12-15,2022-12-12,2022-12-18,TEXT,HIGH,,UNVALIDATED,Official IDSP unique ID: MH/KAJ/2022/50/995,Nanded,VERBATIM_MATCH,Clean district text from source,Nanded,Acute Diarrheal Disease,CLEAN,Clean disease text,2022-12-15,2022-12-15,NORMAL,2022,50,12,December,Q4,2022,COMPLETE_YEAR,NOT_FLAGGED
MAHA-2022-W51-001,MH/AGB/2022/51/1003,2022,51,NCDC weekly outbreaks/2022/week51.pdf,7,51,MATCH,Maharashtra,Aurangabad,Aurangabad,Measles,Measles,6,0,Under Control,02-12-2022,2022-12-02,,,2022-12-19,2022-12-25,TEXT,HIGH,,UNVALIDATED,Official IDSP unique ID: MH/AGB/2022/51/1003,Aurangabad,VERBATIM_MATCH,Clean district text from source,Aurangabad,Measles,CLEAN,Clean disease text,2022-12-02,,REPORT_DATE_MISSING,2022,51,12,December,Q4,2022,COMPLETE_YEAR,NOT_FLAGGED
MAHA-2022-W51-002,MH/KOP/2022/51/1014,2022,51,NCDC weekly outbreaks/2022/week51.pdf,8,51,MATCH,Maharashtra,Kolhapur,Kolhapur,Acute Diarrheal Disease,Acute_Diarrheal_Disease,16,0,Under Control,07-12-2022,2022-12-07,,,2022-12-19,2022-12-25,TEXT,HIGH,,UNVALIDATED,Official IDSP unique ID: MH/KOP/2022/51/1014,Kolhapur,VERBATIM_MATCH,Clean district text from source,Kolhapur,Acute Diarrheal Disease,CLEAN,Clean disease text,2022-12-07,,REPORT_DATE_MISSING,2022,51,12,December,Q4,2022,COMPLETE_YEAR,SEPARATE_OUTBREAK
MAHA-2022-W51-003,MH/KOP/2022/51/1015,2022,51,NCDC weekly outbreaks/2022/week51.pdf,8,51,MATCH,Maharashtra,Kolhapur,Kolhapur,Acute Diarrheal Disease,Acute_Diarrheal_Disease,50,0,Under Control,05-12-2022,2022-12-05,,,2022-12-19,2022-12-25,TEXT,HIGH,,UNVALIDATED,Official IDSP unique ID: MH/KOP/2022/51/1015,Kolhapur,VERBATIM_MATCH,Clean district text from source,Kolhapur,Acute Diarrheal Disease,CLEAN,Clean disease text,2022-12-05,,REPORT_DATE_MISSING,2022,51,12,December,Q4,2022,COMPLETE_YEAR,SEPARATE_OUTBREAK
MAHA-2022-W51-004,MH/RGD/2022/51/1016,2022,51,NCDC weekly outbreaks/2022/week51.pdf,8,51,MATCH,Maharashtra,Raigad,Raigad,Leptospirosis,Leptospirosis,28,1,Under Control,25-11-2022,2022-11-25,30-11-2022,2022-11-30,2022-12-19,2022-12-25,TEXT,HIGH,,UNVALIDATED,Official IDSP unique ID: MH/RGD/2022/51/1016,Raigad,VERBATIM_MATCH,Clean district text from source,Raigad,Leptospirosis,CLEAN,Clean disease text,2022-11-25,2022-11-30,NORMAL,2022,51,11,November,Q4,2022,COMPLETE_YEAR,NOT_FLAGGED
MAHA-2022-W52-001,MH/KOP/2022/52/1025,2022,52,NCDC weekly outbreaks/2022/week52.pdf,5,52,MATCH,Maharashtra,Kolhapur,Kolhapur,Acute Diarrheal Disease,Acute_Diarrheal_Disease,44,2,Under Control,28-12-2021,2021-12-28,28-12-2021,2021-12-28,2022-12-26,2023-01-01,TEXT,HIGH,,UNVALIDATED,Official IDSP unique ID: MH/KOP/2022/52/1025,Kolhapur,VERBATIM_MATCH,Clean district text from source,Kolhapur,Acute Diarrheal Disease,CLEAN,Clean disease text,2021-12-28,2021-12-28,NORMAL,2022,52,12,December,Q4,2022,COMPLETE_YEAR,SEPARATE_OUTBREAK
MAHA-2023-W01-001,MH/AKL/2023/01/10,2023,1,NCDC weekly outbreaks/2023/week1.pdf,5,01,MATCH,Maharashtra,Akola,Akola,Food Poisoning,Food_Poisoning,88,0,Under Control,31-12-2022,2022-12-31,02-01-2023,2023-01-02,2023-01-02,2023-01-08,TEXT,HIGH,,UNVALIDATED,Official IDSP unique ID: MH/AKL/2023/01/10,Akola,VERBATIM_MATCH,Clean district text from source,Akola,Food Poisoning,WHITESPACE_STANDARDIZED,Standardized capitalization: Food poisoning -> Food Poisoning,2022-12-31,2023-01-02,NORMAL,2023,1,12,December,Q4,2023,PARTIAL_YEAR,NOT_FLAGGED
MAHA-2023-W01-002,MH/THN/2023/01/26,2023,1,NCDC weekly outbreaks/2023/week1.pdf,11,01,MATCH,Maharashtra,Thane,Thane,Dengue,Dengue,3,1,Under Control,21-09-2022,2022-09-21,,,2023-01-02,2023-01-08,TEXT,HIGH,,UNVALIDATED,Official IDSP unique ID: MH/THN/2023/01/26,Thane,VERBATIM_MATCH,Clean district text from source,Thane,Dengue,CLEAN,Clean disease text,2022-09-21,,REPORT_DATE_MISSING,2023,1,9,September,Q3,2023,PARTIAL_YEAR,NOT_FLAGGED
MAHA-2023-W01-003,MH/AMR/2023/01/27,2023,1,NCDC weekly outbreaks/2023/week1.pdf,12,01,MATCH,Maharashtra,Amravati,Amravati,Acute Diarrheal Disease,Acute_Diarrheal_Disease,44,0,Under Control,16-12-2022,2022-12-16,,,2023-01-02,2023-01-08,TEXT,HIGH,,UNVALIDATED,Official IDSP unique ID: MH/AMR/2023/01/27,Amravati,VERBATIM_MATCH,Clean district text from source,Amravati,Acute Diarrheal Disease,CLEAN,Clean disease text,2022-12-16,,REPORT_DATE_MISSING,2023,1,12,December,Q4,2023,PARTIAL_YEAR,NOT_FLAGGED
MAHA-2023-W02-001,MH/NAN/2023/02/45,2023,2,NCDC weekly outbreaks/2023/week2.pdf,7,02,MATCH,Maharashtra,Mumbai,Mumbai City,Measles,Measles,3,0,Under Control,13-01-2023,2023-01-13,13-01-2023,2023-01-13,2023-01-09,2023-01-15,TEXT,HIGH,,UNVALIDATED,Official IDSP unique ID: MH/NAN/2023/02/45,Mumbai,VERBATIM_MATCH,Source specifies Mumbai without suburban qualifier,Mumbai,Measles,CLEAN,Clean disease text,2023-01-13,2023-01-13,NORMAL,2023,2,1,January,Q1,2023,PARTIAL_YEAR,SAME_OUTBREAK_REPEATED
MAHA-2023-W02-002,MH/NAN/2023/02/46,2023,2,NCDC weekly outbreaks/2023/week2.pdf,7,02,MATCH,Maharashtra,Mumbai,Mumbai City,Measles,Measles,3,0,Under Control,13-01-2023,2023-01-13,13-01-2023,2023-01-13,2023-01-09,2023-01-15,TEXT,HIGH,,UNVALIDATED,Official IDSP unique ID: MH/NAN/2023/02/46,Mumbai,VERBATIM_MATCH,Source specifies Mumbai without suburban qualifier,Mumbai,Measles,CLEAN,Clean disease text,2023-01-13,2023-01-13,NORMAL,2023,2,1,January,Q1,2023,PARTIAL_YEAR,SAME_OUTBREAK_REPEATED
MAHA-2023-W02-003,MH/NAN/2023/02/47,2023,2,NCDC weekly outbreaks/2023/week2.pdf,8,02,MATCH,Maharashtra,Mumbai,Mumbai City,Measles,Measles,3,0,Under Control,12-01-2023,2023-01-12,13-01-2023,2023-01-13,2023-01-09,2023-01-15,TEXT,HIGH,,UNVALIDATED,Official IDSP unique ID: MH/NAN/2023/02/47,Mumbai,VERBATIM_MATCH,Source specifies Mumbai without suburban qualifier,Mumbai,Measles,CLEAN,Clean disease text,2023-01-12,2023-01-13,NORMAL,2023,2,1,January,Q1,2023,PARTIAL_YEAR,SEPARATE_OUTBREAK
MAHA-2023-W02-004,MH/PNE/2023/02/49,2023,2,NCDC weekly outbreaks/2023/week2.pdf,8,02,MATCH,Maharashtra,Mumbai,Mumbai City,Measles & Rubella,Measles,8,0,Under Control,08-12-2022,2022-12-08,05-12-22,2022-12-05,2023-01-09,2023-01-15,TEXT,HIGH,,UNVALIDATED,Official IDSP unique ID: MH/PNE/2023/02/49,Mumbai,VERBATIM_MATCH,Source specifies Mumbai without suburban qualifier,Mumbai,Measles & Rubella,CLEAN,Clean disease text,2022-12-08,2022-12-05,OUTBREAK_DATE_AFTER_REPORT_DATE,2023,2,12,December,Q4,2023,PARTIAL_YEAR,SEPARATE_OUTBREAK
MAHA-2023-W03-001,MH/AGB/2023/03/65,2023,3,NCDC weekly outbreaks/2023/week3.pdf,6,03,MATCH,Maharashtra,Aurangabad,Aurangabad,Measles,Measles,14,0,Under Control,30-12-22,2022-12-30,01-01-23,2023-01-01,2023-01-16,2023-01-22,TEXT,HIGH,,UNVALIDATED,Official IDSP unique ID: MH/AGB/2023/03/65,Aurangabad,VERBATIM_MATCH,Clean district text from source,Aurangabad,Measles,CLEAN,Clean disease text,2022-12-30,2023-01-01,NORMAL,2023,3,12,December,Q4,2023,PARTIAL_YEAR,NOT_FLAGGED
MAHA-2023-W05-001,MH/LTR/2023/05/106,2023,5,NCDC weekly outbreaks/2023/week5.pdf,10,05,MATCH,Maharashtra,Latur,Latur,Measles,Measles,7,0,Under Control,30-01-2023,2023-01-30,30-01-2023,2023-01-30,2023-01-30,2023-02-05,TEXT,HIGH,,UNVALIDATED,Official IDSP unique ID: MH/LTR/2023/05/106,Latur,VERBATIM_MATCH,Clean district text from source,Latur,Measles,CLEAN,Clean disease text,2023-01-30,2023-01-30,NORMAL,2023,5,1,January,Q1,2023,PARTIAL_YEAR,NOT_FLAGGED
MAHA-2023-W05-002,MH/SGL/2023/05/107,2023,5,NCDC weekly outbreaks/2023/week5.pdf,10,05,MATCH,Maharashtra,Sangli,Sangli,Food Poisoning,Food_Poisoning,34,0,Under Control,27-01-2023,2023-01-27,31-01-2023,2023-01-31,2023-01-30,2023-02-05,TEXT,HIGH,,UNVALIDATED,Official IDSP unique ID: MH/SGL/2023/05/107,Sangli,VERBATIM_MATCH,Clean district text from source,Sangli,Food Poisoning,WHITESPACE_STANDARDIZED,Standardized capitalization: Food poisoning -> Food Poisoning,2023-01-27,2023-01-31,NORMAL,2023,5,1,January,Q1,2023,PARTIAL_YEAR,NOT_FLAGGED
MAHA-2023-W05-003,MH/AMN/2023/05/116,2023,5,NCDC weekly outbreaks/2023/week5.pdf,12,05,MATCH,Maharashtra,Ahmednagar,Ahmednagar,Dengue,Dengue,2,1,Under Control,13-01-2023,2023-01-13,,,2023-01-30,2023-02-05,TEXT,HIGH,,UNVALIDATED,Official IDSP unique ID: MH/AMN/2023/05/116,Ahmednagar,VERBATIM_MATCH,Clean district text from source,Ahmednagar,Dengue,CLEAN,Clean disease text,2023-01-13,,REPORT_DATE_MISSING,2023,5,1,January,Q1,2023,PARTIAL_YEAR,NOT_FLAGGED
MAHA-2023-W07-001,MH/OSM/2023/07/147,2023,7,NCDC weekly outbreaks/2023/week7.pdf,6,07,MATCH,Maharashtra,Osmanabad,Osmanabad,Food Poisoning,Food_Poisoning,13,0,Under Control,19-02-2023,2023-02-19,19-02-2023,2023-02-19,2023-02-13,2023-02-19,TEXT,HIGH,,UNVALIDATED,Official IDSP unique ID: MH/OSM/2023/07/147,Osmanabad,VERBATIM_MATCH,Clean district text from source,Osmanabad,Food Poisoning,WHITESPACE_STANDARDIZED,Standardized capitalization: Food poisoning -> Food Poisoning,2023-02-19,2023-02-19,NORMAL,2023,7,2,February,Q1,2023,PARTIAL_YEAR,NOT_FLAGGED
MAHA-2023-W07-002,MH/SHO/2023/07/157,2023,7,NCDC weekly outbreaks/2023/week7.pdf,10,07,MATCH,Maharashtra,Pune,Pune,Solapur Food Poisoning,Food_Poisoning,66,0,Under Control,02-02-2023,2023-02-02,17-01-23,2023-01-17,2023-02-13,2023-02-19,TEXT,HIGH,,UNVALIDATED,Official IDSP unique ID: MH/SHO/2023/07/157,Pune,VERBATIM_MATCH,Clean district text from source,Pune,Food Poisoning,WHITESPACE_STANDARDIZED,Standardized capitalization: Food poisoning -> Food Poisoning,2023-02-02,2023-01-17,OUTBREAK_DATE_AFTER_REPORT_DATE,2023,7,2,February,Q1,2023,PARTIAL_YEAR,NOT_FLAGGED
MAHA-2023-W08-001,MH/PNE/2023/08/182,2023,8,NCDC weekly outbreaks/2023/week8.pdf,11,08,MATCH,Maharashtra,Pune,Pune,Acute Diarrheal Disease,Acute_Diarrheal_Disease,49,0,Under Control,09-02-2023,2023-02-09,10-02-2023,2023-02-10,2023-02-20,2023-02-26,TEXT,HIGH,,UNVALIDATED,Official IDSP unique ID: MH/PNE/2023/08/182,Pune,VERBATIM_MATCH,Clean district text from source,Pune,Acute Diarrheal Disease,CLEAN,Clean disease text,2023-02-09,2023-02-10,NORMAL,2023,8,2,February,Q1,2023,PARTIAL_YEAR,NOT_FLAGGED
MAHA-2023-W09-001,MH/AMN/2023/09/191,2023,9,NCDC weekly outbreaks/2023/week9.pdf,4,09,MATCH,Maharashtra,Ahmednagar,Ahmednagar,Fever,Fever,120,0,Under Control,24-02-2023,2023-02-24,01-03-2023,2023-03-01,2023-02-27,2023-03-05,TEXT,HIGH,,UNVALIDATED,Official IDSP unique ID: MH/AMN/2023/09/191,Ahmednagar,VERBATIM_MATCH,Clean district text from source,Ahmednagar,Fever,CLEAN,Clean disease text,2023-02-24,2023-03-01,NORMAL,2023,9,2,February,Q1,2023,PARTIAL_YEAR,NOT_FLAGGED
MAHA-2023-W13-001,MH/PNE/2023/13/262,2023,13,NCDC weekly outbreaks/2023/week13.pdf,6,13,MATCH,Maharashtra,Mumbai,Mumbai City,Measles,Measles,5,0,Under Control,19-01-2023,2023-01-19,,,2023-03-27,2023-04-02,TEXT,HIGH,,UNVALIDATED,Official IDSP unique ID: MH/PNE/2023/13/262,Mumbai,VERBATIM_MATCH,Source specifies Mumbai without suburban qualifier,Mumbai,Measles,CLEAN,Clean disease text,2023-01-19,,REPORT_DATE_MISSING,2023,13,1,January,Q1,2023,PARTIAL_YEAR,NOT_FLAGGED
MAHA-2023-W13-002,MH/PNE/2023/13/263,2023,13,NCDC weekly outbreaks/2023/week13.pdf,7,13,MATCH,Maharashtra,Pune,Pune,Measles,Measles,8,0,Under Control,19-01-2023,2023-01-19,,,2023-03-27,2023-04-02,TEXT,HIGH,,UNVALIDATED,Official IDSP unique ID: MH/PNE/2023/13/263,Pune,VERBATIM_MATCH,Clean district text from source,Pune,Measles,CLEAN,Clean disease text,2023-01-19,,REPORT_DATE_MISSING,2023,13,1,January,Q1,2023,PARTIAL_YEAR,NOT_FLAGGED
MAHA-2023-W13-003,MH/RGD/2023/13/264,2023,13,NCDC weekly outbreaks/2023/week13.pdf,7,13,MATCH,Maharashtra,Raigad,Raigad,Leptospirosis,Leptospirosis,20,1,Under Control,06-02-2023,2023-02-06,04-03-23,2023-03-04,2023-03-27,2023-04-02,TEXT,HIGH,,UNVALIDATED,Official IDSP unique ID: MH/RGD/2023/13/264,Raigad,VERBATIM_MATCH,Clean district text from source,Raigad,Leptospirosis,CLEAN,Clean disease text,2023-02-06,2023-03-04,NORMAL,2023,13,2,February,Q1,2023,PARTIAL_YEAR,NOT_FLAGGED
MAHA-2023-W17-001,MH/NAN/2023/17/338,2023,17,NCDC weekly outbreaks/2023/week17.pdf,6,17,MATCH,Maharashtra,Nanded,Nanded,Dengue,Dengue,13,0,Under Control,28-04-2023,2023-04-28,30-04-2023,2023-04-30,2023-04-24,2023-04-30,TEXT,HIGH,,UNVALIDATED,Official IDSP unique ID: MH/NAN/2023/17/338,Nanded,VERBATIM_MATCH,Clean district text from source,Nanded,Dengue,CLEAN,Clean disease text,2023-04-28,2023-04-30,NORMAL,2023,17,4,April,Q2,2023,PARTIAL_YEAR,NOT_FLAGGED
MAHA-2023-W20-001,MH/YVT/2023/20/408,2023,20,NCDC weekly outbreaks/2023/week20.pdf,7,20,MATCH,Maharashtra,Yavatmal,Yavatmal,Food Poisoning,Food_Poisoning,21,0,Under Control,17-05-2023,2023-05-17,19-05-2023,2023-05-19,2023-05-15,2023-05-21,TEXT,HIGH,,UNVALIDATED,Official IDSP unique ID: MH/YVT/2023/20/408,Yavatmal,VERBATIM_MATCH,Clean district text from source,Yavatmal,Food Poisoning,WHITESPACE_STANDARDIZED,Standardized capitalization: Food poisoning -> Food Poisoning,2023-05-17,2023-05-19,NORMAL,2023,20,5,May,Q2,2023,PARTIAL_YEAR,NOT_FLAGGED
MAHA-2023-W22-001,MH/GAD/2023/22/461,2023,22,NCDC weekly outbreaks/2023/week22.pdf,9,22,MATCH,Maharashtra,Gadchiroli,Gadchiroli,Malaria,Malaria,19,1,Under Control,29-05-2023,2023-05-29,29-05-2023,2023-05-29,2023-05-29,2023-06-04,TEXT,HIGH,,UNVALIDATED,Official IDSP unique ID: MH/GAD/2023/22/461,Gadchiroli,VERBATIM_MATCH,Clean district text from source,Gadchiroli,Malaria,CLEAN,Clean disease text,2023-05-29,2023-05-29,NORMAL,2023,22,5,May,Q2,2023,PARTIAL_YEAR,SEPARATE_OUTBREAK
MAHA-2023-W22-002,MH/STA/2023/22/462,2023,22,NCDC weekly outbreaks/2023/week22.pdf,9,22,MATCH,Maharashtra,Satara,Satara,Food Poisoning,Food_Poisoning,101,0,Under Control,30-05-2023,2023-05-30,03-06-2023,2023-06-03,2023-05-29,2023-06-04,TEXT,HIGH,,UNVALIDATED,Official IDSP unique ID: MH/STA/2023/22/462,Satara,VERBATIM_MATCH,Clean district text from source,Satara,Food Poisoning,WHITESPACE_STANDARDIZED,Standardized capitalization: Food poisoning -> Food Poisoning,2023-05-30,2023-06-03,NORMAL,2023,22,5,May,Q2,2023,PARTIAL_YEAR,NOT_FLAGGED
MAHA-2023-W22-003,MH/GAD/2023/22/485,2023,22,NCDC weekly outbreaks/2023/week22.pdf,17,22,MATCH,Maharashtra,Gadchiroli,Gadchiroli,Malaria,Malaria,6,1,Under Control,25-05-2023,2023-05-25,25-05-2023,2023-05-25,2023-05-29,2023-06-04,TEXT,HIGH,,UNVALIDATED,Official IDSP unique ID: MH/GAD/2023/22/485,Gadchiroli,VERBATIM_MATCH,Clean district text from source,Gadchiroli,Malaria,CLEAN,Clean disease text,2023-05-25,2023-05-25,NORMAL,2023,22,5,May,Q2,2023,PARTIAL_YEAR,SEPARATE_OUTBREAK
MAHA-2023-W22-004,MH/GAD/2023/22/486,2023,22,NCDC weekly outbreaks/2023/week22.pdf,17,22,MATCH,Maharashtra,Gadchiroli,Gadchiroli,Malaria,Malaria,21,1,Under Control,23-05-2023,2023-05-23,22-05-2023,2023-05-22,2023-05-29,2023-06-04,TEXT,HIGH,,UNVALIDATED,Official IDSP unique ID: MH/GAD/2023/22/486,Gadchiroli,VERBATIM_MATCH,Clean district text from source,Gadchiroli,Malaria,CLEAN,Clean disease text,2023-05-23,2023-05-22,OUTBREAK_DATE_AFTER_REPORT_DATE,2023,22,5,May,Q2,2023,PARTIAL_YEAR,SEPARATE_OUTBREAK
MAHA-2023-W23-001,MH/YVT/2023/23/506,2023,23,NCDC weekly outbreaks/2023/week23.pdf,11,23,MATCH,Maharashtra,Yavatmal,Yavatmal,Acute Diarrheal Disease,Acute_Diarrheal_Disease,107,0,Under Control,03-06-2023,2023-06-03,05-06-2023,2023-06-05,2023-06-05,2023-06-11,TEXT,HIGH,,UNVALIDATED,Official IDSP unique ID: MH/YVT/2023/23/506,Yavatmal,VERBATIM_MATCH,Clean district text from source,Yavatmal,Acute Diarrheal Disease,CLEAN,Clean disease text,2023-06-03,2023-06-05,NORMAL,2023,23,6,June,Q2,2023,PARTIAL_YEAR,NOT_FLAGGED
MAHA-2023-W24-001,MH/OSM/2023/24/530,2023,24,NCDC weekly outbreaks/2023/week24.pdf,11,24,MATCH,Maharashtra,Beed,Beed,Dengue,Dengue,10,0,Under Control,15-06-2023,2023-06-15,27-06-2023,2023-06-27,2023-06-12,2023-06-18,TEXT,HIGH,,UNVALIDATED,Official IDSP unique ID: MH/OSM/2023/24/530,Beed,VERBATIM_MATCH,Clean district text from source,Beed,Dengue,CLEAN,Clean disease text,2023-06-15,2023-06-27,NORMAL,2023,24,6,June,Q2,2023,PARTIAL_YEAR,NOT_FLAGGED
MAHA-2023-W24-002,MH/SAT/2023/24/531,2023,24,NCDC weekly outbreaks/2023/week24.pdf,11,24,MATCH,Maharashtra,Satara,Satara,Acute Diarrheal Disease,Acute_Diarrheal_Disease,23,1,Under Control,12-06-2023,2023-06-12,14-06-2023,2023-06-14,2023-06-12,2023-06-18,TEXT,HIGH,,UNVALIDATED,Official IDSP unique ID: MH/SAT/2023/24/531,Satara,VERBATIM_MATCH,Clean district text from source,Satara,Acute Diarrheal Disease,CLEAN,Clean disease text,2023-06-12,2023-06-14,NORMAL,2023,24,6,June,Q2,2023,PARTIAL_YEAR,NOT_FLAGGED
MAHA-2023-W24-003,MH/WAS/2023/24/532,2023,24,NCDC weekly outbreaks/2023/week24.pdf,11,24,MATCH,Maharashtra,Washim,Washim,Dengue,Dengue,48,0,Under Control,12-06-2023,2023-06-12,12-06-2023,2023-06-12,2023-06-12,2023-06-18,TEXT,HIGH,,UNVALIDATED,Official IDSP unique ID: MH/WAS/2023/24/532,Washim,VERBATIM_MATCH,Clean district text from source,Washim,Dengue,CLEAN,Clean disease text,2023-06-12,2023-06-12,NORMAL,2023,24,6,June,Q2,2023,PARTIAL_YEAR,NOT_FLAGGED
MAHA-2023-W25-001,MH/GAD/2023/25/587,2023,25,NCDC weekly outbreaks/2023/week25.pdf,20,25,MATCH,Maharashtra,Gadchiroli,Gadchiroli,Malaria,Malaria,37,1,Under Control,23-06-2023,2023-06-23,23-06-2023,2023-06-23,2023-06-19,2023-06-25,TEXT,HIGH,,UNVALIDATED,Official IDSP unique ID: MH/GAD/2023/25/587,Gadchiroli,VERBATIM_MATCH,Clean district text from source,Gadchiroli,Malaria,CLEAN,Clean disease text,2023-06-23,2023-06-23,NORMAL,2023,25,6,June,Q2,2023,PARTIAL_YEAR,SEPARATE_OUTBREAK
MAHA-2023-W25-002,MH/HIN/2023/25/588,2023,25,NCDC weekly outbreaks/2023/week25.pdf,20,25,MATCH,Maharashtra,Hingoli,Hingoli,Acute Diarrheal Disease,Acute_Diarrheal_Disease,64,0,Under Control,23-06-2023,2023-06-23,25-06-2023,2023-06-25,2023-06-19,2023-06-25,TEXT,HIGH,,UNVALIDATED,Official IDSP unique ID: MH/HIN/2023/25/588,Hingoli,VERBATIM_MATCH,Clean district text from source,Hingoli,Acute Diarrheal Disease,CLEAN,Clean disease text,2023-06-23,2023-06-25,NORMAL,2023,25,6,June,Q2,2023,PARTIAL_YEAR,NOT_FLAGGED
MAHA-2023-W25-003,MH/KOP/2023/25/589,2023,25,NCDC weekly outbreaks/2023/week25.pdf,20,25,MATCH,Maharashtra,Kolhapur,Kolhapur,Dengue,Dengue,79,0,Under Surveillance,22-06-2023,2023-06-22,23-06-2023,2023-06-23,2023-06-19,2023-06-25,TEXT,HIGH,,UNVALIDATED,Official IDSP unique ID: MH/KOP/2023/25/589,Kolhapur,VERBATIM_MATCH,Clean district text from source,Kolhapur,Dengue,CLEAN,Clean disease text,2023-06-22,2023-06-23,NORMAL,2023,25,6,June,Q2,2023,PARTIAL_YEAR,UPDATED_OUTBREAK
MAHA-2023-W25-004,MH/KOP/2023/25/590,2023,25,NCDC weekly outbreaks/2023/week25.pdf,21,25,MATCH,Maharashtra,Kolhapur,Kolhapur,Dengue,Dengue,34,0,Under Control,22-06-2023,2023-06-22,23-06-2023,2023-06-23,2023-06-19,2023-06-25,TEXT,HIGH,,UNVALIDATED,Official IDSP unique ID: MH/KOP/2023/25/590,Kolhapur,VERBATIM_MATCH,Clean district text from source,Kolhapur,Dengue,CLEAN,Clean disease text,2023-06-22,2023-06-23,NORMAL,2023,25,6,June,Q2,2023,PARTIAL_YEAR,UPDATED_OUTBREAK
MAHA-2023-W25-005,MH/OSM/2023/25/591,2023,25,NCDC weekly outbreaks/2023/week25.pdf,21,25,MATCH,Maharashtra,Osmanabad,Osmanabad,Chikungunya,Chikungunya,6,0,Under Control,20-06-2023,2023-06-20,23-06-2023,2023-06-23,2023-06-19,2023-06-25,TEXT,HIGH,,UNVALIDATED,Official IDSP unique ID: MH/OSM/2023/25/591,Osmanabad,VERBATIM_MATCH,Clean district text from source,Osmanabad,Chikungunya,WHITESPACE_STANDARDIZED,Standardized broken whitespace in Chikungunya,2023-06-20,2023-06-23,NORMAL,2023,25,6,June,Q2,2023,PARTIAL_YEAR,NOT_FLAGGED
MAHA-2023-W25-006,MH/PNE/2023/25/592,2023,25,NCDC weekly outbreaks/2023/week25.pdf,21,25,MATCH,Maharashtra,Pune,Pune,Dengue,Dengue,9,0,Under Control,21-06-2023,2023-06-21,23-06-2023,2023-06-23,2023-06-19,2023-06-25,TEXT,HIGH,,UNVALIDATED,Official IDSP unique ID: MH/PNE/2023/25/592,Pune,VERBATIM_MATCH,Clean district text from source,Pune,Dengue,CLEAN,Clean disease text,2023-06-21,2023-06-23,NORMAL,2023,25,6,June,Q2,2023,PARTIAL_YEAR,SEPARATE_OUTBREAK
MAHA-2023-W26-001,MH/CND/2023/26/648,2023,26,NCDC weekly outbreaks/2023/week26.pdf,15,26,MATCH,Maharashtra,Chandrapur,Chandrapur,Malaria,Malaria,42,1,Under Control,26-06-2023,2023-06-26,27-06-2023,2023-06-27,2023-06-26,2023-07-02,TEXT,HIGH,,UNVALIDATED,Official IDSP unique ID: MH/CND/2023/26/648,Chandrapur,WHITESPACE_ARTIFACT_RESOLVED,Whitespace artifact resolved: Chandrapu r -> Chandrapur,Chandrapur,Malaria,CLEAN,Clean disease text,2023-06-26,2023-06-27,NORMAL,2023,26,6,June,Q2,2023,PARTIAL_YEAR,NOT_FLAGGED
MAHA-2023-W26-002,MH/JGA/2023/26/649,2023,26,NCDC weekly outbreaks/2023/week26.pdf,15,26,MATCH,Maharashtra,Aurangabad,Aurangabad,Jalgaon Acute Diarrheal Disease,Acute_Diarrheal_Disease,28,0,Under Control,29-06-2023,2023-06-29,01-07-2023,2023-07-01,2023-06-26,2023-07-02,TEXT,HIGH,,UNVALIDATED,Official IDSP unique ID: MH/JGA/2023/26/649,Aurangabad,VERBATIM_MATCH,Clean district text from source,Aurangabad,Acute Diarrheal Disease,BOUNDARY_TRIMMED,Trimmed neighboring state/district prefix from disease string,2023-06-29,2023-07-01,NORMAL,2023,26,6,June,Q2,2023,PARTIAL_YEAR,NOT_FLAGGED
MAHA-2023-W26-003,MH/PRB/2023/26/650,2023,26,NCDC weekly outbreaks/2023/week26.pdf,15,26,MATCH,Maharashtra,Parbhani,Parbhani,Food Poisoning,Food_Poisoning,54,0,Under Control,25-06-2023,2023-06-25,26-06-2023,2023-06-26,2023-06-26,2023-07-02,TEXT,HIGH,,UNVALIDATED,Official IDSP unique ID: MH/PRB/2023/26/650,Parbhani,VERBATIM_MATCH,Clean district text from source,Parbhani,Food Poisoning,WHITESPACE_STANDARDIZED,Standardized capitalization: Food poisoning -> Food Poisoning,2023-06-25,2023-06-26,NORMAL,2023,26,6,June,Q2,2023,PARTIAL_YEAR,NOT_FLAGGED
MAHA-2023-W26-004,MH/PNE/2023/26/651,2023,26,NCDC weekly outbreaks/2023/week26.pdf,16,26,MATCH,Maharashtra,Pune,Pune,Dengue,Dengue,5,1,Under Control,20-06-2023,2023-06-20,28-06-2023,2023-06-28,2023-06-26,2023-07-02,TEXT,HIGH,,UNVALIDATED,Official IDSP unique ID: MH/PNE/2023/26/651,Pune,VERBATIM_MATCH,Clean district text from source,Pune,Dengue,CLEAN,Clean disease text,2023-06-20,2023-06-28,NORMAL,2023,26,6,June,Q2,2023,PARTIAL_YEAR,SEPARATE_OUTBREAK
MAHA-2023-W26-005,MH/THN/2023/26/652,2023,26,NCDC weekly outbreaks/2023/week26.pdf,16,26,MATCH,Maharashtra,Thane,Thane,Leptospirosis,Leptospirosis,6,0,Under Control,19-06-2023,2023-06-19,28-06-2023,2023-06-28,2023-06-26,2023-07-02,TEXT,HIGH,,UNVALIDATED,Official IDSP unique ID: MH/THN/2023/26/652,Thane,VERBATIM_MATCH,Clean district text from source,Thane,Leptospirosis,CLEAN,Clean disease text,2023-06-19,2023-06-28,NORMAL,2023,26,6,June,Q2,2023,PARTIAL_YEAR,NOT_FLAGGED
MAHA-2023-W26-006,MH/STA/2023/26/664,2023,26,NCDC weekly outbreaks/2023/week26.pdf,19,26,MATCH,Maharashtra,Pune,Pune,Satara Dengue,Dengue,5,0,Under Control,14-06-2023,2023-06-14,,,2023-06-26,2023-07-02,TEXT,HIGH,,UNVALIDATED,Official IDSP unique ID: MH/STA/2023/26/664,Pune,VERBATIM_MATCH,Clean district text from source,Pune,Dengue,BOUNDARY_TRIMMED,Trimmed neighboring state/district prefix from disease string,2023-06-14,,REPORT_DATE_MISSING,2023,26,6,June,Q2,2023,PARTIAL_YEAR,SEPARATE_OUTBREAK
MAHA-2023-W26-007,MH/THN/2023/26/665,2023,26,NCDC weekly outbreaks/2023/week26.pdf,20,26,MATCH,Maharashtra,Thane,Thane,Dengue,Dengue,8,1,Under Control,10-06-2023,2023-06-10,13-06-2023,2023-06-13,2023-06-26,2023-07-02,TEXT,HIGH,,UNVALIDATED,Official IDSP unique ID: MH/THN/2023/26/665,Thane,VERBATIM_MATCH,Clean district text from source,Thane,Dengue,CLEAN,Clean disease text,2023-06-10,2023-06-13,NORMAL,2023,26,6,June,Q2,2023,PARTIAL_YEAR,NOT_FLAGGED
MAHA-2023-W27-001,MH/AKL/2023/27/695,2023,27,NCDC weekly outbreaks/2023/week27.pdf,12,27,MATCH,Maharashtra,Akola,Akola,Dengue,Dengue,17,0,Under Surveillance,04-07-23,2023-07-04,05-07-23,2023-07-05,2023-07-03,2023-07-09,TEXT,HIGH,,UNVALIDATED,Official IDSP unique ID: MH/AKL/2023/27/695,Akola,VERBATIM_MATCH,Clean district text from source,Akola,Dengue,CLEAN,Clean disease text,2023-07-04,2023-07-05,NORMAL,2023,27,7,July,Q3,2023,PARTIAL_YEAR,NOT_FLAGGED
MAHA-2023-W27-002,MH/AMR/2023/27/696,2023,27,NCDC weekly outbreaks/2023/week27.pdf,13,27,MATCH,Maharashtra,Amravati,Amravati,Malaria,Malaria,46,0,Under Surveillance,08-07-23,2023-07-08,08-07-23,2023-07-08,2023-07-03,2023-07-09,TEXT,HIGH,,UNVALIDATED,Official IDSP unique ID: MH/AMR/2023/27/696,Amravati,VERBATIM_MATCH,Clean district text from source,Amravati,Malaria,CLEAN,Clean disease text,2023-07-08,2023-07-08,NORMAL,2023,27,7,July,Q3,2023,PARTIAL_YEAR,NOT_FLAGGED
MAHA-2023-W27-003,MH/KOP/2023/27/697,2023,27,NCDC weekly outbreaks/2023/week27.pdf,13,27,MATCH,Maharashtra,Kolhapur,Kolhapur,Dengue,Dengue,44,0,Under Surveillance,07-07-23,2023-07-07,07-07-23,2023-07-07,2023-07-03,2023-07-09,TEXT,HIGH,,UNVALIDATED,Official IDSP unique ID: MH/KOP/2023/27/697,Kolhapur,VERBATIM_MATCH,Clean district text from source,Kolhapur,Dengue,CLEAN,Clean disease text,2023-07-07,2023-07-07,NORMAL,2023,27,7,July,Q3,2023,PARTIAL_YEAR,SEPARATE_OUTBREAK
MAHA-2023-W27-004,MH/LTR/2023/27/698,2023,27,NCDC weekly outbreaks/2023/week27.pdf,14,27,MATCH,Maharashtra,Latur,Latur,Chikungunya,Chikungunya,9,0,Under Control,03-07-23,2023-07-03,03-07-23,2023-07-03,2023-07-03,2023-07-09,TEXT,HIGH,,UNVALIDATED,Official IDSP unique ID: MH/LTR/2023/27/698,Latur,VERBATIM_MATCH,Clean district text from source,Latur,Chikungunya,WHITESPACE_STANDARDIZED,Standardized broken whitespace in Chikungunya,2023-07-03,2023-07-03,NORMAL,2023,27,7,July,Q3,2023,PARTIAL_YEAR,NOT_FLAGGED
MAHA-2023-W27-005,MH/NAN/2023/27/699,2023,27,NCDC weekly outbreaks/2023/week27.pdf,14,27,MATCH,Maharashtra,Nanded,Nanded,Acute Diarrhoeal Disease,Acute_Diarrheal_Disease,26,0,Under Control,30-06-23,2023-06-30,03-07-23,2023-07-03,2023-07-03,2023-07-09,TEXT,HIGH,,UNVALIDATED,Official IDSP unique ID: MH/NAN/2023/27/699,Nanded,VERBATIM_MATCH,Clean district text from source,Nanded,Acute Diarrhoeal Disease,CLEAN,Clean disease text,2023-06-30,2023-07-03,NORMAL,2023,27,6,June,Q2,2023,PARTIAL_YEAR,NOT_FLAGGED
MAHA-2023-W27-006,MH/STA/2023/27/700,2023,27,NCDC weekly outbreaks/2023/week27.pdf,14,27,MATCH,Maharashtra,Pune,Pune,Satara Chikungunya,Chikungunya,6,0,Under Control,03-07-23,2023-07-03,06-07-23,2023-07-06,2023-07-03,2023-07-09,TEXT,HIGH,,UNVALIDATED,Official IDSP unique ID: MH/STA/2023/27/700,Pune,VERBATIM_MATCH,Clean district text from source,Pune,Chikungunya,WHITESPACE_STANDARDIZED,Standardized broken whitespace in Chikungunya,2023-07-03,2023-07-06,NORMAL,2023,27,7,July,Q3,2023,PARTIAL_YEAR,NOT_FLAGGED
MAHA-2023-W27-007,MH/STA/2023/27/711,2023,27,NCDC weekly outbreaks/2023/week27.pdf,19,27,MATCH,Maharashtra,Jalgaon,Jalgaon,Satara Dengue,Dengue,5,0,Under Control,27-06-23,2023-06-27,,,2023-07-03,2023-07-09,TEXT,HIGH,,UNVALIDATED,Official IDSP unique ID: MH/STA/2023/27/711,Jalgaon,VERBATIM_MATCH,Clean district text from source,Jalgaon,Dengue,BOUNDARY_TRIMMED,Trimmed neighboring state/district prefix from disease string,2023-06-27,,REPORT_DATE_MISSING,2023,27,6,June,Q2,2023,PARTIAL_YEAR,NOT_FLAGGED
MAHA-2023-W27-008,MH/SIN/2023/27/712,2023,27,NCDC weekly outbreaks/2023/week27.pdf,19,27,MATCH,Maharashtra,Pune,Pune,Dengue,Dengue,10,1,Under Control,27-06-23,2023-06-27,28.06.2023,2023-06-28,2023-07-03,2023-07-09,TEXT,HIGH,,UNVALIDATED,Official IDSP unique ID: MH/SIN/2023/27/712,Pune,VERBATIM_MATCH,Clean district text from source,Pune,Dengue,CLEAN,Clean disease text,2023-06-27,2023-06-28,NORMAL,2023,27,6,June,Q2,2023,PARTIAL_YEAR,SEPARATE_OUTBREAK
MAHA-2023-W28-001,MH/JLN/2023/28/741,2023,28,NCDC weekly outbreaks/2023/week28.pdf,11,28,MATCH,Maharashtra,Jalna,Jalna,Dengue,Dengue,10,2,Under Surveillance,07-07-23,2023-07-07,11-07-23,2023-07-11,2023-07-10,2023-07-16,TEXT,HIGH,,UNVALIDATED,Official IDSP unique ID: MH/JLN/2023/28/741,Jalna,VERBATIM_MATCH,Clean district text from source,Jalna,Dengue,CLEAN,Clean disease text,2023-07-07,2023-07-11,NORMAL,2023,28,7,July,Q3,2023,PARTIAL_YEAR,NOT_FLAGGED
MAHA-2023-W28-002,MH/PLR/2023/28/742,2023,28,NCDC weekly outbreaks/2023/week28.pdf,12,28,MATCH,Maharashtra,Palghar,Palghar,Palaghar Dengue,Dengue,12,0,Under Surveillance,15-07-23,2023-07-15,15-07-23,2023-07-15,2023-07-10,2023-07-16,TEXT,HIGH,,UNVALIDATED,Official IDSP unique ID: MH/PLR/2023/28/742,Palghar,VERBATIM_MATCH,Clean district text from source,Palghar,Dengue,BOUNDARY_TRIMMED,Trimmed neighboring state/district prefix from disease string,2023-07-15,2023-07-15,NORMAL,2023,28,7,July,Q3,2023,PARTIAL_YEAR,NOT_FLAGGED
MAHA-2023-W28-003,MH/SIN/2023/28/743,2023,28,NCDC weekly outbreaks/2023/week28.pdf,12,28,MATCH,Maharashtra,Sindhudurg,Sindhudurg,Acute Diarrheal Disease,Acute_Diarrheal_Disease,30,0,Under Control,12-07-23,2023-07-12,12-07-23,2023-07-12,2023-07-10,2023-07-16,TEXT,HIGH,,UNVALIDATED,Official IDSP unique ID: MH/SIN/2023/28/743,Sindhudurg,WHITESPACE_ARTIFACT_RESOLVED,Whitespace artifact resolved: Sindhudur g -> Sindhudurg,Sindhudurg,Acute Diarrheal Disease,CLEAN,Clean disease text,2023-07-12,2023-07-12,NORMAL,2023,28,7,July,Q3,2023,PARTIAL_YEAR,NOT_FLAGGED
MAHA-2023-W28-004,MH/YVT/2023/28/744,2023,28,NCDC weekly outbreaks/2023/week28.pdf,12,28,MATCH,Maharashtra,Yavatmal,Yavatmal,Acute Diarrheal Disease,Acute_Diarrheal_Disease,76,0,Under Control,12-07-23,2023-07-12,14-07-23,2023-07-14,2023-07-10,2023-07-16,TEXT,HIGH,,UNVALIDATED,Official IDSP unique ID: MH/YVT/2023/28/744,Yavatmal,VERBATIM_MATCH,Clean district text from source,Yavatmal,Acute Diarrheal Disease,CLEAN,Clean disease text,2023-07-12,2023-07-14,NORMAL,2023,28,7,July,Q3,2023,PARTIAL_YEAR,NOT_FLAGGED
MAHA-2023-W29-001,MH/GAD/2023/29/795,2023,29,NCDC weekly outbreaks/2023/week29.pdf,17,29,MATCH,Maharashtra,Gadchiroli,Gadchiroli,Dengue,Dengue,44,0,Under Surveillance,19-07-23,2023-07-19,19-07-23,2023-07-19,2023-07-17,2023-07-23,TEXT,HIGH,,UNVALIDATED,Official IDSP unique ID: MH/GAD/2023/29/795,Gadchiroli,VERBATIM_MATCH,Clean district text from source,Gadchiroli,Dengue,CLEAN,Clean disease text,2023-07-19,2023-07-19,NORMAL,2023,29,7,July,Q3,2023,PARTIAL_YEAR,NOT_FLAGGED
MAHA-2023-W29-002,MH/OSM/2023/29/796,2023,29,NCDC weekly outbreaks/2023/week29.pdf,18,29,MATCH,Maharashtra,Osmanabad,Osmanabad,Dengue,Dengue,7,0,Under Surveillance,22-07-23,2023-07-22,22-07-23,2023-07-22,2023-07-17,2023-07-23,TEXT,HIGH,,UNVALIDATED,Official IDSP unique ID: MH/OSM/2023/29/796,Osmanabad,VERBATIM_MATCH,Clean district text from source,Osmanabad,Dengue,CLEAN,Clean disease text,2023-07-22,2023-07-22,NORMAL,2023,29,7,July,Q3,2023,PARTIAL_YEAR,SEPARATE_OUTBREAK
MAHA-2023-W29-003,MH/TNE/2023/29/797,2023,29,NCDC weekly outbreaks/2023/week29.pdf,18,29,MATCH,Maharashtra,Thane,Thane,Fever,Fever,12,0,Under Surveillance,12-07-23,2023-07-12,18-07-23,2023-07-18,2023-07-17,2023-07-23,TEXT,HIGH,,UNVALIDATED,Official IDSP unique ID: MH/TNE/2023/29/797,Thane,VERBATIM_MATCH,Clean district text from source,Thane,Fever,CLEAN,Clean disease text,2023-07-12,2023-07-18,NORMAL,2023,29,7,July,Q3,2023,PARTIAL_YEAR,NOT_FLAGGED
MAHA-2023-W30-001,MH/AMR/2023/30/833,2023,30,NCDC weekly outbreaks/2023/week30.pdf,9,30,MATCH,Maharashtra,Amravati,Amravati,Acute Diarrheal Disease,Acute_Diarrheal_Disease,42,0,Under Surveillance,27-07-23,2023-07-27,28-07-23,2023-07-28,2023-07-24,2023-07-30,TEXT,HIGH,,UNVALIDATED,Official IDSP unique ID: MH/AMR/2023/30/833,Amravati,VERBATIM_MATCH,Clean district text from source,Amravati,Acute Diarrheal Disease,CLEAN,Clean disease text,2023-07-27,2023-07-28,NORMAL,2023,30,7,July,Q3,2023,PARTIAL_YEAR,NOT_FLAGGED
MAHA-2023-W30-002,MH/AMR/2023/30/834,2023,30,NCDC weekly outbreaks/2023/week30.pdf,9,30,MATCH,Maharashtra,Amravati,Amravati,Leptospirosis,Leptospirosis,7,0,Under Surveillance,21-07-23,2023-07-21,24-07-23,2023-07-24,2023-07-24,2023-07-30,TEXT,HIGH,,UNVALIDATED,Official IDSP unique ID: MH/AMR/2023/30/834,Amravati,VERBATIM_MATCH,Clean district text from source,Amravati,Leptospirosis,CLEAN,Clean disease text,2023-07-21,2023-07-24,NORMAL,2023,30,7,July,Q3,2023,PARTIAL_YEAR,NOT_FLAGGED
MAHA-2023-W30-003,MH/BNR/2023/30/835,2023,30,NCDC weekly outbreaks/2023/week30.pdf,10,30,MATCH,Maharashtra,Bhandara,Bhandara,Dengue,Dengue,30,0,Under Surveillance,27-07-23,2023-07-27,27-07-23,2023-07-27,2023-07-24,2023-07-30,TEXT,HIGH,,UNVALIDATED,Official IDSP unique ID: MH/BNR/2023/30/835,Bhandara,VERBATIM_MATCH,Clean district text from source,Bhandara,Dengue,CLEAN,Clean disease text,2023-07-27,2023-07-27,NORMAL,2023,30,7,July,Q3,2023,PARTIAL_YEAR,SEPARATE_OUTBREAK
MAHA-2023-W30-004,MH/NAG/2023/30/836,2023,30,NCDC weekly outbreaks/2023/week30.pdf,10,30,MATCH,Maharashtra,Nagpur,Nagpur,Dengue,Dengue,91,1,Under Surveillance,27-07-23,2023-07-27,28-07-23,2023-07-28,2023-07-24,2023-07-30,TEXT,HIGH,,UNVALIDATED,Official IDSP unique ID: MH/NAG/2023/30/836,Nagpur,VERBATIM_MATCH,Clean district text from source,Nagpur,Dengue,CLEAN,Clean disease text,2023-07-27,2023-07-28,NORMAL,2023,30,7,July,Q3,2023,PARTIAL_YEAR,NOT_FLAGGED
MAHA-2023-W30-005,MH/OSM/2023/30/837,2023,30,NCDC weekly outbreaks/2023/week30.pdf,10,30,MATCH,Maharashtra,Osmanabad,Osmanabad,Dengue,Dengue,9,0,Under Surveillance,26-07-23,2023-07-26,26-07-23,2023-07-26,2023-07-24,2023-07-30,TEXT,HIGH,,UNVALIDATED,Official IDSP unique ID: MH/OSM/2023/30/837,Osmanabad,VERBATIM_MATCH,Clean district text from source,Osmanabad,Dengue,CLEAN,Clean disease text,2023-07-26,2023-07-26,NORMAL,2023,30,7,July,Q3,2023,PARTIAL_YEAR,SEPARATE_OUTBREAK
MAHA-2023-W30-006,MH/RGD/2023/30/838,2023,30,NCDC weekly outbreaks/2023/week30.pdf,10,30,MATCH,Maharashtra,Raigad,Raigad,Dengue,Dengue,11,1,Under Surveillance,28-07-23,2023-07-28,28-07-23,2023-07-28,2023-07-24,2023-07-30,TEXT,HIGH,,UNVALIDATED,Official IDSP unique ID: MH/RGD/2023/30/838,Raigad,VERBATIM_MATCH,Clean district text from source,Raigad,Dengue,CLEAN,Clean disease text,2023-07-28,2023-07-28,NORMAL,2023,30,7,July,Q3,2023,PARTIAL_YEAR,NOT_FLAGGED
MAHA-2023-W30-007,MH/BUL/2023/30/855,2023,30,NCDC weekly outbreaks/2023/week30.pdf,16,30,MATCH,Maharashtra,Bhandara,Bhandara,Dengue,Dengue,33,0,Under Surveillance,20-06-23,2023-06-20,19-07-23,2023-07-19,2023-07-24,2023-07-30,TEXT,HIGH,,UNVALIDATED,Official IDSP unique ID: MH/BUL/2023/30/855,Bhandara,VERBATIM_MATCH,Clean district text from source,Bhandara,Dengue,CLEAN,Clean disease text,2023-06-20,2023-07-19,NORMAL,2023,30,6,June,Q2,2023,PARTIAL_YEAR,SEPARATE_OUTBREAK
MAHA-2023-W31-001,MH/AGB/2023/31/884,2023,31,NCDC weekly outbreaks/2023/week31.pdf,12,31,MATCH,Maharashtra,Aurangabad,Aurangabad,Dengue,Dengue,11,0,Under Surveillance,03-08-23,2023-08-03,03-08-23,2023-08-03,2023-07-31,2023-08-06,TEXT,HIGH,,UNVALIDATED,Official IDSP unique ID: MH/AGB/2023/31/884,Aurangabad,VERBATIM_MATCH,Clean district text from source,Aurangabad,Dengue,CLEAN,Clean disease text,2023-08-03,2023-08-03,NORMAL,2023,31,8,August,Q3,2023,PARTIAL_YEAR,SEPARATE_OUTBREAK
MAHA-2023-W31-002,MH/AGB/2023/31/885,2023,31,NCDC weekly outbreaks/2023/week31.pdf,12,31,MATCH,Maharashtra,Aurangabad,Aurangabad,Fever,Fever,4,1,Under Surveillance,28-07-23,2023-07-28,31-07-23,2023-07-31,2023-07-31,2023-08-06,TEXT,HIGH,,UNVALIDATED,Official IDSP unique ID: MH/AGB/2023/31/885,Aurangabad,VERBATIM_MATCH,Clean district text from source,Aurangabad,Fever,CLEAN,Clean disease text,2023-07-28,2023-07-31,NORMAL,2023,31,7,July,Q3,2023,PARTIAL_YEAR,NOT_FLAGGED
MAHA-2023-W31-003,MH/KOP/2023/31/886,2023,31,NCDC weekly outbreaks/2023/week31.pdf,13,31,MATCH,Maharashtra,Kolhapur,Kolhapur,Fever,Fever,24,1,Under Surveillance,04-08-23,2023-08-04,04-08-23,2023-08-04,2023-07-31,2023-08-06,TEXT,HIGH,,UNVALIDATED,Official IDSP unique ID: MH/KOP/2023/31/886,Kolhapur,VERBATIM_MATCH,Clean district text from source,Kolhapur,Fever,CLEAN,Clean disease text,2023-08-04,2023-08-04,NORMAL,2023,31,8,August,Q3,2023,PARTIAL_YEAR,NOT_FLAGGED
MAHA-2023-W31-004,MH/NAG/2023/31/887,2023,31,NCDC weekly outbreaks/2023/week31.pdf,13,31,MATCH,Maharashtra,Nagpur,Nagpur,Fever,Fever,6,1,Under Control,03-08-23,2023-08-03,03-08-23,2023-08-03,2023-07-31,2023-08-06,TEXT,HIGH,,UNVALIDATED,Official IDSP unique ID: MH/NAG/2023/31/887,Nagpur,VERBATIM_MATCH,Clean district text from source,Nagpur,Fever,CLEAN,Clean disease text,2023-08-03,2023-08-03,NORMAL,2023,31,8,August,Q3,2023,PARTIAL_YEAR,NOT_FLAGGED
MAHA-2023-W31-005,MH/OSM/2023/31/888,2023,31,NCDC weekly outbreaks/2023/week31.pdf,13,31,MATCH,Maharashtra,Beed,Beed,Fever,Fever,69,0,Under Surveillance,04-08-23,2023-08-04,05-08-23,2023-08-05,2023-07-31,2023-08-06,TEXT,HIGH,,UNVALIDATED,Official IDSP unique ID: MH/OSM/2023/31/888,Beed,VERBATIM_MATCH,Clean district text from source,Beed,Fever,CLEAN,Clean disease text,2023-08-04,2023-08-05,NORMAL,2023,31,8,August,Q3,2023,PARTIAL_YEAR,NOT_FLAGGED
MAHA-2023-W32-001,MH/GOD/2023/32/945,2023,32,NCDC weekly outbreaks/2023/week32.pdf,13,32,MATCH,Maharashtra,Gondia,Gondia,Malaria,Malaria,64,1,Under Control,29-07-23,2023-07-29,,,2023-08-07,2023-08-13,TEXT,HIGH,,UNVALIDATED,Official IDSP unique ID: MH/GOD/2023/32/945,Gondia,VERBATIM_MATCH,Clean district text from source,Gondia,Malaria,CLEAN,Clean disease text,2023-07-29,,REPORT_DATE_MISSING,2023,32,7,July,Q3,2023,PARTIAL_YEAR,NOT_FLAGGED
MAHA-2023-W32-002,MH/STA/2023/32/946,2023,32,NCDC weekly outbreaks/2023/week32.pdf,14,32,MATCH,Maharashtra,Pune,Pune,Satara Dengue,Dengue,5,0,Under Control,28-07-23,2023-07-28,,,2023-08-07,2023-08-13,TEXT,HIGH,,UNVALIDATED,Official IDSP unique ID: MH/STA/2023/32/946,Pune,VERBATIM_MATCH,Clean district text from source,Pune,Dengue,BOUNDARY_TRIMMED,Trimmed neighboring state/district prefix from disease string,2023-07-28,,REPORT_DATE_MISSING,2023,32,7,July,Q3,2023,PARTIAL_YEAR,NOT_FLAGGED
MAHA-2023-W32-003,MH/YVT/2023/32/947,2023,32,NCDC weekly outbreaks/2023/week32.pdf,14,32,MATCH,Maharashtra,Nagpur,Nagpur,Yavatmal Acute Diarrheal Disease,Acute_Diarrheal_Disease,41,0,Under Control,05-08-23,2023-08-05,25-07-23,2023-07-25,2023-08-07,2023-08-13,TEXT,HIGH,,UNVALIDATED,Official IDSP unique ID: MH/YVT/2023/32/947,Nagpur,VERBATIM_MATCH,Clean district text from source,Nagpur,Acute Diarrheal Disease,BOUNDARY_TRIMMED,Trimmed neighboring state/district prefix from disease string,2023-08-05,2023-07-25,OUTBREAK_DATE_AFTER_REPORT_DATE,2023,32,8,August,Q3,2023,PARTIAL_YEAR,NOT_FLAGGED
MAHA-2023-W33-001,MH/BED/2023/33/984,2023,33,NCDC weekly outbreaks/2023/week33.pdf,14,33,MATCH,Maharashtra,Beed,Beed,Suspected Dengue Fever,Dengue,17,1,Under Surveillance,17-08-23,2023-08-17,17-08-23,2023-08-17,2023-08-14,2023-08-20,TEXT,HIGH,,UNVALIDATED,Official IDSP unique ID: MH/BED/2023/33/984,Beed,VERBATIM_MATCH,Clean district text from source,Beed,Suspected Dengue Fever,CLEAN,Clean disease text,2023-08-17,2023-08-17,NORMAL,2023,33,8,August,Q3,2023,PARTIAL_YEAR,UPDATED_OUTBREAK
MAHA-2023-W33-002,MH/BED/2023/33/985,2023,33,NCDC weekly outbreaks/2023/week33.pdf,14,33,MATCH,Maharashtra,Beed,Beed,Suspected Dengue Fever,Dengue,7,1,Under Surveillance,17-08-23,2023-08-17,17-08-23,2023-08-17,2023-08-14,2023-08-20,TEXT,HIGH,,UNVALIDATED,Official IDSP unique ID: MH/BED/2023/33/985,Beed,VERBATIM_MATCH,Clean district text from source,Beed,Suspected Dengue Fever,CLEAN,Clean disease text,2023-08-17,2023-08-17,NORMAL,2023,33,8,August,Q3,2023,PARTIAL_YEAR,UPDATED_OUTBREAK
MAHA-2023-W33-003,MH/GAD/2023/33/986,2023,33,NCDC weekly outbreaks/2023/week33.pdf,15,33,MATCH,Maharashtra,Gadchiroli,Gadchiroli,Malaria,Malaria,2,1,Under Control,18-08-23,2023-08-18,19-08-23,2023-08-19,2023-08-14,2023-08-20,TEXT,HIGH,,UNVALIDATED,Official IDSP unique ID: MH/GAD/2023/33/986,Gadchiroli,VERBATIM_MATCH,Clean district text from source,Gadchiroli,Malaria,CLEAN,Clean disease text,2023-08-18,2023-08-19,NORMAL,2023,33,8,August,Q3,2023,PARTIAL_YEAR,NOT_FLAGGED
MAHA-2023-W33-004,MH/GAD/2023/33/987,2023,33,NCDC weekly outbreaks/2023/week33.pdf,15,33,MATCH,Maharashtra,Gadchiroli,Gadchiroli,Dengue,Dengue,34,0,Under Control,17-08-23,2023-08-17,18-08-23,2023-08-18,2023-08-14,2023-08-20,TEXT,HIGH,,UNVALIDATED,Official IDSP unique ID: MH/GAD/2023/33/987,Gadchiroli,VERBATIM_MATCH,Clean district text from source,Gadchiroli,Dengue,CLEAN,Clean disease text,2023-08-17,2023-08-18,NORMAL,2023,33,8,August,Q3,2023,PARTIAL_YEAR,UPDATED_OUTBREAK
MAHA-2023-W33-005,MH/GAD/2023/33/988,2023,33,NCDC weekly outbreaks/2023/week33.pdf,16,33,MATCH,Maharashtra,Gadchiroli,Gadchiroli,Dengue,Dengue,11,0,Under Control,17-08-23,2023-08-17,18-08-23,2023-08-18,2023-08-14,2023-08-20,TEXT,HIGH,,UNVALIDATED,Official IDSP unique ID: MH/GAD/2023/33/988,Gadchiroli,VERBATIM_MATCH,Clean district text from source,Gadchiroli,Dengue,CLEAN,Clean disease text,2023-08-17,2023-08-18,NORMAL,2023,33,8,August,Q3,2023,PARTIAL_YEAR,UPDATED_OUTBREAK
MAHA-2023-W33-006,MH/JLN/2023/33/989,2023,33,NCDC weekly outbreaks/2023/week33.pdf,16,33,MATCH,Maharashtra,Aurangabad,Aurangabad,Suspected Dengue Fever,Dengue,5,1,Under Control,12-08-23,2023-08-12,18-08-23,2023-08-18,2023-08-14,2023-08-20,TEXT,HIGH,,UNVALIDATED,Official IDSP unique ID: MH/JLN/2023/33/989,Aurangabad,VERBATIM_MATCH,Clean district text from source,Aurangabad,Suspected Dengue Fever,CLEAN,Clean disease text,2023-08-12,2023-08-18,NORMAL,2023,33,8,August,Q3,2023,PARTIAL_YEAR,SEPARATE_OUTBREAK
MAHA-2023-W33-007,MH/THN/2023/33/990,2023,33,NCDC weekly outbreaks/2023/week33.pdf,16,33,MATCH,Maharashtra,Thane,Thane,Leptospirosis,Leptospirosis,1,1,Under Control,15-08-23,2023-08-15,18-08-23,2023-08-18,2023-08-14,2023-08-20,TEXT,HIGH,,UNVALIDATED,Official IDSP unique ID: MH/THN/2023/33/990,Thane,VERBATIM_MATCH,Clean district text from source,Thane,Leptospirosis,CLEAN,Clean disease text,2023-08-15,2023-08-18,NORMAL,2023,33,8,August,Q3,2023,PARTIAL_YEAR,NOT_FLAGGED
MAHA-2023-W34-001,MH/AGB/2023/34/1038,2023,34,NCDC weekly outbreaks/2023/week34.pdf,9,34,MATCH,Maharashtra,Aurangabad,Aurangabad,Dengue,Dengue,19,0,Under Surveillance,24-08-23,2023-08-24,25-08-23,2023-08-25,2023-08-21,2023-08-27,TEXT,HIGH,,UNVALIDATED,Official IDSP unique ID: MH/AGB/2023/34/1038,Aurangabad,VERBATIM_MATCH,Clean district text from source,Aurangabad,Dengue,CLEAN,Clean disease text,2023-08-24,2023-08-25,NORMAL,2023,34,8,August,Q3,2023,PARTIAL_YEAR,SEPARATE_OUTBREAK
MAHA-2023-W34-002,MH/BNR/2023/34/1039,2023,34,NCDC weekly outbreaks/2023/week34.pdf,9,34,MATCH,Maharashtra,Bhandara,Bhandara,Acute Diarrheal Disease,Acute_Diarrheal_Disease,49,0,Under Surveillance,24-08-23,2023-08-24,25-08-23,2023-08-25,2023-08-21,2023-08-27,TEXT,HIGH,,UNVALIDATED,Official IDSP unique ID: MH/BNR/2023/34/1039,Bhandara,VERBATIM_MATCH,Clean district text from source,Bhandara,Acute Diarrheal Disease,CLEAN,Clean disease text,2023-08-24,2023-08-25,NORMAL,2023,34,8,August,Q3,2023,PARTIAL_YEAR,NOT_FLAGGED
MAHA-2023-W34-003,MH/BNR/2023/34/1040,2023,34,NCDC weekly outbreaks/2023/week34.pdf,9,34,MATCH,Maharashtra,Bhandara,Bhandara,Malaria,Malaria,4,2,Under Surveillance,21-08-23,2023-08-21,22-08-23,2023-08-22,2023-08-21,2023-08-27,TEXT,HIGH,,UNVALIDATED,Official IDSP unique ID: MH/BNR/2023/34/1040,Bhandara,VERBATIM_MATCH,Clean district text from source,Bhandara,Malaria,CLEAN,Clean disease text,2023-08-21,2023-08-22,NORMAL,2023,34,8,August,Q3,2023,PARTIAL_YEAR,NOT_FLAGGED
MAHA-2023-W34-004,MH/KOP/2023/34/1041,2023,34,NCDC weekly outbreaks/2023/week34.pdf,10,34,MATCH,Maharashtra,Kolhapur,Kolhapur,Dengue,Dengue,43,0,Under Surveillance,23-08-23,2023-08-23,24-08-23,2023-08-24,2023-08-21,2023-08-27,TEXT,HIGH,,UNVALIDATED,Official IDSP unique ID: MH/KOP/2023/34/1041,Kolhapur,VERBATIM_MATCH,Clean district text from source,Kolhapur,Dengue,CLEAN,Clean disease text,2023-08-23,2023-08-24,NORMAL,2023,34,8,August,Q3,2023,PARTIAL_YEAR,SEPARATE_OUTBREAK
MAHA-2023-W34-005,MH/PRB/2023/34/1042,2023,34,NCDC weekly outbreaks/2023/week34.pdf,10,34,MATCH,Maharashtra,Parbhani,Parbhani,Acute Diarrheal Disease,Acute_Diarrheal_Disease,47,0,Under Surveillance,21-08-23,2023-08-21,25-08-23,2023-08-25,2023-08-21,2023-08-27,TEXT,HIGH,,UNVALIDATED,Official IDSP unique ID: MH/PRB/2023/34/1042,Parbhani,VERBATIM_MATCH,Clean district text from source,Parbhani,Acute Diarrheal Disease,CLEAN,Clean disease text,2023-08-21,2023-08-25,NORMAL,2023,34,8,August,Q3,2023,PARTIAL_YEAR,NOT_FLAGGED
MAHA-2023-W34-006,MH/MMS/2023/34/1070,2023,34,NCDC weekly outbreaks/2023/week34.pdf,18,34,MATCH,Maharashtra,Mumbai,Mumbai City,Suburban Zika Virus,Zika_Virus,1,0,Under Surveillance,10-08-23,2023-08-10,22-07-23,2023-07-22,2023-08-21,2023-08-27,TEXT,HIGH,,UNVALIDATED,Official IDSP unique ID: MH/MMS/2023/34/1070,Mumbai,VERBATIM_MATCH,Source specifies Mumbai without suburban qualifier,Mumbai,Zika Virus,BOUNDARY_TRIMMED,Trimmed neighboring state/district prefix from disease string,2023-08-10,2023-07-22,OUTBREAK_DATE_AFTER_REPORT_DATE,2023,34,8,August,Q3,2023,PARTIAL_YEAR,NOT_FLAGGED
MAHA-2023-W35-001,MH/GAD/2023/35/1112,2023,35,NCDC weekly outbreaks/2023/week35.pdf,18,35,MATCH,Maharashtra,Gadchiroli,Gadchiroli,Scrub Typhus,Scrub_Typhus,2,0,Under Control,28-08-23,2023-08-28,29-08-23,2023-08-29,2023-08-28,2023-09-03,TEXT,HIGH,,UNVALIDATED,Official IDSP unique ID: MH/GAD/2023/35/1112,Gadchiroli,VERBATIM_MATCH,Clean district text from source,Gadchiroli,Scrub Typhus,CLEAN,Clean disease text,2023-08-28,2023-08-29,NORMAL,2023,35,8,August,Q3,2023,PARTIAL_YEAR,NOT_FLAGGED
MAHA-2023-W35-002,MH/KOP/2023/35/1113,2023,35,NCDC weekly outbreaks/2023/week35.pdf,18,35,MATCH,Maharashtra,Kolhapur,Kolhapur,Fever,Fever,19,0,Under Surveillance,28-08-23,2023-08-28,28-08-23,2023-08-28,2023-08-28,2023-09-03,TEXT,HIGH,,UNVALIDATED,Official IDSP unique ID: MH/KOP/2023/35/1113,Kolhapur,VERBATIM_MATCH,Clean district text from source,Kolhapur,Fever,CLEAN,Clean disease text,2023-08-28,2023-08-28,NORMAL,2023,35,8,August,Q3,2023,PARTIAL_YEAR,NOT_FLAGGED
MAHA-2023-W35-003,MH/KOP/2023/35/1114,2023,35,NCDC weekly outbreaks/2023/week35.pdf,18,35,MATCH,Maharashtra,Kolhapur,Kolhapur,Dengue,Dengue,56,0,Under Surveillance,28-08-23,2023-08-28,28-08-23,2023-08-28,2023-08-28,2023-09-03,TEXT,HIGH,,UNVALIDATED,Official IDSP unique ID: MH/KOP/2023/35/1114,Kolhapur,VERBATIM_MATCH,Clean district text from source,Kolhapur,Dengue,CLEAN,Clean disease text,2023-08-28,2023-08-28,NORMAL,2023,35,8,August,Q3,2023,PARTIAL_YEAR,SEPARATE_OUTBREAK
MAHA-2023-W35-004,MH/NAN/2023/35/1115,2023,35,NCDC weekly outbreaks/2023/week35.pdf,19,35,MATCH,Maharashtra,Nanded,Nanded,Acute Encephalitic Syndrome,Acute Encephalitic Syndrome,21,1,Under Surveillance,01-09-23,2023-09-01,02-09-23,2023-09-02,2023-08-28,2023-09-03,TEXT,HIGH,,UNVALIDATED,Official IDSP unique ID: MH/NAN/2023/35/1115,Nanded,VERBATIM_MATCH,Clean district text from source,Nanded,Acute Encephalitic Syndrome,CLEAN,Clean disease text,2023-09-01,2023-09-02,NORMAL,2023,35,9,September,Q3,2023,PARTIAL_YEAR,NOT_FLAGGED
MAHA-2023-W35-005,MH/OSM/2023/35/1116,2023,35,NCDC weekly outbreaks/2023/week35.pdf,19,35,MATCH,Maharashtra,Beed,Beed,Dengue,Dengue,10,1,Under Surveillance,30-08-23,2023-08-30,31-08-23,2023-08-31,2023-08-28,2023-09-03,TEXT,HIGH,,UNVALIDATED,Official IDSP unique ID: MH/OSM/2023/35/1116,Beed,VERBATIM_MATCH,Clean district text from source,Beed,Dengue,CLEAN,Clean disease text,2023-08-30,2023-08-31,NORMAL,2023,35,8,August,Q3,2023,PARTIAL_YEAR,UPDATED_OUTBREAK
MAHA-2023-W35-006,MH/OSM/2023/35/1117,2023,35,NCDC weekly outbreaks/2023/week35.pdf,19,35,MATCH,Maharashtra,Beed,Beed,Dengue,Dengue,18,0,Under Surveillance,30-08-23,2023-08-30,31-08-23,2023-08-31,2023-08-28,2023-09-03,TEXT,HIGH,,UNVALIDATED,Official IDSP unique ID: MH/OSM/2023/35/1117,Beed,VERBATIM_MATCH,Clean district text from source,Beed,Dengue,CLEAN,Clean disease text,2023-08-30,2023-08-31,NORMAL,2023,35,8,August,Q3,2023,PARTIAL_YEAR,UPDATED_OUTBREAK
MAHA-2023-W35-007,MH/RGD/2023/35/1118,2023,35,NCDC weekly outbreaks/2023/week35.pdf,20,35,MATCH,Maharashtra,Raigad,Raigad,Dengue,Dengue,10,1,Under Surveillance,28-08-23,2023-08-28,01-09-23,2023-09-01,2023-08-28,2023-09-03,TEXT,HIGH,,UNVALIDATED,Official IDSP unique ID: MH/RGD/2023/35/1118,Raigad,VERBATIM_MATCH,Clean district text from source,Raigad,Dengue,CLEAN,Clean disease text,2023-08-28,2023-09-01,NORMAL,2023,35,8,August,Q3,2023,PARTIAL_YEAR,SEPARATE_OUTBREAK
MAHA-2023-W35-008,MH/SGL/2023/35/1119,2023,35,NCDC weekly outbreaks/2023/week35.pdf,20,35,MATCH,Maharashtra,Sangli,Sangli,Acute Diarrheal Disease,Acute_Diarrheal_Disease,173,0,Under Control,28-08-23,2023-08-28,28-08-23,2023-08-28,2023-08-28,2023-09-03,TEXT,HIGH,,UNVALIDATED,Official IDSP unique ID: MH/SGL/2023/35/1119,Sangli,VERBATIM_MATCH,Clean district text from source,Sangli,Acute Diarrheal Disease,CLEAN,Clean disease text,2023-08-28,2023-08-28,NORMAL,2023,35,8,August,Q3,2023,PARTIAL_YEAR,NOT_FLAGGED
MAHA-2023-W35-009,MH/SIN/2023/35/1120,2023,35,NCDC weekly outbreaks/2023/week35.pdf,21,35,MATCH,Maharashtra,Sindhudurg,Sindhudurg,Malaria,Malaria,15,0,Under Surveillance,28-08-23,2023-08-28,28-08-23,2023-08-28,2023-08-28,2023-09-03,TEXT,HIGH,,UNVALIDATED,Official IDSP unique ID: MH/SIN/2023/35/1120,Sindhudurg,WHITESPACE_ARTIFACT_RESOLVED,Whitespace artifact resolved: Sindhudur g -> Sindhudurg,Sindhudurg,Malaria,CLEAN,Clean disease text,2023-08-28,2023-08-28,NORMAL,2023,35,8,August,Q3,2023,PARTIAL_YEAR,NOT_FLAGGED
MAHA-2023-W35-010,MH/SHO/2023/35/1121,2023,35,NCDC weekly outbreaks/2023/week35.pdf,21,35,MATCH,Maharashtra,Solapur,Solapur,Acute Diarrheal Disease,Acute_Diarrheal_Disease,16,0,Under Control,28-08-23,2023-08-28,29-08-23,2023-08-29,2023-08-28,2023-09-03,TEXT,HIGH,,UNVALIDATED,Official IDSP unique ID: MH/SHO/2023/35/1121,Solapur,VERBATIM_MATCH,Clean district text from source,Solapur,Acute Diarrheal Disease,CLEAN,Clean disease text,2023-08-28,2023-08-29,NORMAL,2023,35,8,August,Q3,2023,PARTIAL_YEAR,NOT_FLAGGED
MAHA-2023-W35-011,MH/WDH/2023/35/1122,2023,35,NCDC weekly outbreaks/2023/week35.pdf,21,35,MATCH,Maharashtra,Nagpur,Nagpur,Wardha Scrub Typhus,Scrub_Typhus,21,1,Under Surveillance,01-09-23,2023-09-01,02-09-23,2023-09-02,2023-08-28,2023-09-03,TEXT,HIGH,,UNVALIDATED,Official IDSP unique ID: MH/WDH/2023/35/1122,Nagpur,VERBATIM_MATCH,Clean district text from source,Nagpur,Scrub Typhus,BOUNDARY_TRIMMED,Trimmed neighboring state/district prefix from disease string,2023-09-01,2023-09-02,NORMAL,2023,35,9,September,Q3,2023,PARTIAL_YEAR,NOT_FLAGGED
MAHA-2023-W35-012,MH/WDH/2023/35/1123,2023,35,NCDC weekly outbreaks/2023/week35.pdf,22,35,MATCH,Maharashtra,Pune,Pune,Wardha Fever,Fever,16,0,Under Surveillance,28-08-23,2023-08-28,28-08-23,2023-08-28,2023-08-28,2023-09-03,TEXT,HIGH,,UNVALIDATED,Official IDSP unique ID: MH/WDH/2023/35/1123,Pune,VERBATIM_MATCH,Clean district text from source,Pune,Fever,BOUNDARY_TRIMMED,Trimmed neighboring state/district prefix from disease string,2023-08-28,2023-08-28,NORMAL,2023,35,8,August,Q3,2023,PARTIAL_YEAR,NOT_FLAGGED
MAHA-2023-W35-013,MH/WDH/2023/35/1124,2023,35,NCDC weekly outbreaks/2023/week35.pdf,22,35,MATCH,Maharashtra,Akola,Akola,Washim Fever,Fever,5,0,Under Surveillance,26-08-23,2023-08-26,28-08-23,2023-08-28,2023-08-28,2023-09-03,TEXT,HIGH,,UNVALIDATED,Official IDSP unique ID: MH/WDH/2023/35/1124,Akola,VERBATIM_MATCH,Clean district text from source,Akola,Fever,BOUNDARY_TRIMMED,Trimmed neighboring state/district prefix from disease string,2023-08-26,2023-08-28,NORMAL,2023,35,8,August,Q3,2023,PARTIAL_YEAR,UPDATED_OUTBREAK
MAHA-2023-W35-014,MH/WDH/2023/35/1125,2023,35,NCDC weekly outbreaks/2023/week35.pdf,23,35,MATCH,Maharashtra,Akola,Akola,Washim Fever,Fever,6,0,Under Surveillance,26-08-23,2023-08-26,28-08-23,2023-08-28,2023-08-28,2023-09-03,TEXT,HIGH,,UNVALIDATED,Official IDSP unique ID: MH/WDH/2023/35/1125,Akola,VERBATIM_MATCH,Clean district text from source,Akola,Fever,BOUNDARY_TRIMMED,Trimmed neighboring state/district prefix from disease string,2023-08-26,2023-08-28,NORMAL,2023,35,8,August,Q3,2023,PARTIAL_YEAR,UPDATED_OUTBREAK
MAHA-2023-W36-001,MH/AKL/2023/36/1178,2023,36,NCDC weekly outbreaks/2023/week36.pdf,11,36,MATCH,Maharashtra,Akola,Akola,Acute Diarrheal Disease,Acute_Diarrheal_Disease,136,0,Under Surveillance,04-09-23,2023-09-04,06-09-23,2023-09-06,2023-09-04,2023-09-10,TEXT,HIGH,,UNVALIDATED,Official IDSP unique ID: MH/AKL/2023/36/1178,Akola,VERBATIM_MATCH,Clean district text from source,Akola,Acute Diarrheal Disease,CLEAN,Clean disease text,2023-09-04,2023-09-06,NORMAL,2023,36,9,September,Q3,2023,PARTIAL_YEAR,NOT_FLAGGED
MAHA-2023-W36-002,MH/KOP/2023/36/1179,2023,36,NCDC weekly outbreaks/2023/week36.pdf,11,36,MATCH,Maharashtra,Kolhapur,Kolhapur,Zika Virus,Zika_Virus,3,0,Under Surveillance,04-09-23,2023-09-04,06-09-23,2023-09-06,2023-09-04,2023-09-10,TEXT,HIGH,,UNVALIDATED,Official IDSP unique ID: MH/KOP/2023/36/1179,Kolhapur,VERBATIM_MATCH,Clean district text from source,Kolhapur,Zika Virus,CLEAN,Clean disease text,2023-09-04,2023-09-06,NORMAL,2023,36,9,September,Q3,2023,PARTIAL_YEAR,NOT_FLAGGED
MAHA-2023-W36-003,MH/KOP/2023/36/1180,2023,36,NCDC weekly outbreaks/2023/week36.pdf,12,36,MATCH,Maharashtra,Kolhapur,Kolhapur,Dengue,Dengue,22,0,Under Control,05-09-23,2023-09-05,05-09-23,2023-09-05,2023-09-04,2023-09-10,TEXT,HIGH,,UNVALIDATED,Official IDSP unique ID: MH/KOP/2023/36/1180,Kolhapur,VERBATIM_MATCH,Clean district text from source,Kolhapur,Dengue,CLEAN,Clean disease text,2023-09-05,2023-09-05,NORMAL,2023,36,9,September,Q3,2023,PARTIAL_YEAR,SEPARATE_OUTBREAK
MAHA-2023-W36-004,MH/PNE/2023/36/1181,2023,36,NCDC weekly outbreaks/2023/week36.pdf,12,36,MATCH,Maharashtra,Pune,Pune,Dengue,Dengue,29,1,Under Control,01-09-23,2023-09-01,04-09-23,2023-09-04,2023-09-04,2023-09-10,TEXT,HIGH,,UNVALIDATED,Official IDSP unique ID: MH/PNE/2023/36/1181,Pune,VERBATIM_MATCH,Clean district text from source,Pune,Dengue,CLEAN,Clean disease text,2023-09-01,2023-09-04,NORMAL,2023,36,9,September,Q3,2023,PARTIAL_YEAR,NOT_FLAGGED
MAHA-2023-W36-005,MH/WDH/2023/36/1182,2023,36,NCDC weekly outbreaks/2023/week36.pdf,12,36,MATCH,Maharashtra,Wardha,Wardha,Scrub Typhus,Scrub_Typhus,10,1,Under Control,02-09-23,2023-09-02,07-09-23,2023-09-07,2023-09-04,2023-09-10,TEXT,HIGH,,UNVALIDATED,Official IDSP unique ID: MH/WDH/2023/36/1182,Wardha,VERBATIM_MATCH,Clean district text from source,Wardha,Scrub Typhus,CLEAN,Clean disease text,2023-09-02,2023-09-07,NORMAL,2023,36,9,September,Q3,2023,PARTIAL_YEAR,NOT_FLAGGED
MAHA-2023-W36-006,MH/YVT/2023/36/1183,2023,36,NCDC weekly outbreaks/2023/week36.pdf,13,36,MATCH,Maharashtra,Yavatmal,Yavatmal,Dengue,Dengue,7,0,Under Control,09-09-23,2023-09-09,09-09-23,2023-09-09,2023-09-04,2023-09-10,TEXT,HIGH,,UNVALIDATED,Official IDSP unique ID: MH/YVT/2023/36/1183,Yavatmal,VERBATIM_MATCH,Clean district text from source,Yavatmal,Dengue,CLEAN,Clean disease text,2023-09-09,2023-09-09,NORMAL,2023,36,9,September,Q3,2023,PARTIAL_YEAR,NOT_FLAGGED
MAHA-2023-W37-001,MH/2023/37/1210,2023,37,NCDC weekly outbreaks/2023/week37.pdf,6,1210,MATCH,Maharashtra,Unknown,,Bihar Sitamarhi Acute Diarrheal Disease,Acute_Diarrheal_Disease,75,0,Under Control,13-09-23,2023-09-13,13-09-23,2023-09-13,2023-09-11,2023-09-17,TEXT,MEDIUM,,UNVALIDATED,Official IDSP unique ID: MH/2023/37/1210,Unknown,VERBATIM_MATCH,Clean district text from source,Unknown,Acute Diarrheal Disease,BOUNDARY_TRIMMED,Trimmed neighboring state/district prefix from disease string,2023-09-13,2023-09-13,NORMAL,2023,37,9,September,Q3,2023,PARTIAL_YEAR,NOT_FLAGGED
MAHA-2023-W37-002,MH/AMR/2023/37/1229,2023,37,NCDC weekly outbreaks/2023/week37.pdf,12,37,MATCH,Maharashtra,Amravati,Amravati,Dengue,Dengue,10,1,Under Surveillance,11-09-23,2023-09-11,12-09-23,2023-09-12,2023-09-11,2023-09-17,TEXT,HIGH,,UNVALIDATED,Official IDSP unique ID: MH/AMR/2023/37/1229,Amravati,VERBATIM_MATCH,Clean district text from source,Amravati,Dengue,CLEAN,Clean disease text,2023-09-11,2023-09-12,NORMAL,2023,37,9,September,Q3,2023,PARTIAL_YEAR,SEPARATE_OUTBREAK
MAHA-2023-W37-003,MH/BED/2023/37/1230,2023,37,NCDC weekly outbreaks/2023/week37.pdf,13,37,MATCH,Maharashtra,Beed,Beed,Fever,Fever,5,1,Under Surveillance,14-09-23,2023-09-14,14-09-23,2023-09-14,2023-09-11,2023-09-17,TEXT,HIGH,,UNVALIDATED,Official IDSP unique ID: MH/BED/2023/37/1230,Beed,VERBATIM_MATCH,Clean district text from source,Beed,Fever,CLEAN,Clean disease text,2023-09-14,2023-09-14,NORMAL,2023,37,9,September,Q3,2023,PARTIAL_YEAR,NOT_FLAGGED
MAHA-2023-W37-004,MH/BED/2023/37/1231,2023,37,NCDC weekly outbreaks/2023/week37.pdf,13,37,MATCH,Maharashtra,Beed,Beed,Dengue,Dengue,5,1,Under Surveillance,11-09-23,2023-09-11,14-09-23,2023-09-14,2023-09-11,2023-09-17,TEXT,HIGH,,UNVALIDATED,Official IDSP unique ID: MH/BED/2023/37/1231,Beed,VERBATIM_MATCH,Clean district text from source,Beed,Dengue,CLEAN,Clean disease text,2023-09-11,2023-09-14,NORMAL,2023,37,9,September,Q3,2023,PARTIAL_YEAR,SEPARATE_OUTBREAK
MAHA-2023-W37-005,MH/LTR/2023/37/1232,2023,37,NCDC weekly outbreaks/2023/week37.pdf,14,37,MATCH,Maharashtra,Latur,Latur,Dengue,Dengue,4,0,Under Control,11-09-23,2023-09-11,11-09-23,2023-09-11,2023-09-11,2023-09-17,TEXT,HIGH,,UNVALIDATED,Official IDSP unique ID: MH/LTR/2023/37/1232,Latur,VERBATIM_MATCH,Clean district text from source,Latur,Dengue,CLEAN,Clean disease text,2023-09-11,2023-09-11,NORMAL,2023,37,9,September,Q3,2023,PARTIAL_YEAR,NOT_FLAGGED
MAHA-2023-W37-006,MH/PRB/2023/37/1233,2023,37,NCDC weekly outbreaks/2023/week37.pdf,14,37,MATCH,Maharashtra,Parbhani,Parbhani,Dengue,Dengue,24,1,Under Surveillance,11-09-23,2023-09-11,12-09-23,2023-09-12,2023-09-11,2023-09-17,TEXT,HIGH,,UNVALIDATED,Official IDSP unique ID: MH/PRB/2023/37/1233,Parbhani,VERBATIM_MATCH,Clean district text from source,Parbhani,Dengue,CLEAN,Clean disease text,2023-09-11,2023-09-12,NORMAL,2023,37,9,September,Q3,2023,PARTIAL_YEAR,SEPARATE_OUTBREAK
MAHA-2023-W37-007,MH/PNE/2023/37/1234,2023,37,NCDC weekly outbreaks/2023/week37.pdf,15,37,MATCH,Maharashtra,Pune,Pune,Chikungunya,Chikungunya,9,0,Under Surveillance,08-09-23,2023-09-08,12-09-23,2023-09-12,2023-09-11,2023-09-17,TEXT,HIGH,,UNVALIDATED,Official IDSP unique ID: MH/PNE/2023/37/1234,Pune,VERBATIM_MATCH,Clean district text from source,Pune,Chikungunya,WHITESPACE_STANDARDIZED,Standardized broken whitespace in Chikungunya,2023-09-08,2023-09-12,NORMAL,2023,37,9,September,Q3,2023,PARTIAL_YEAR,SEPARATE_OUTBREAK
MAHA-2023-W37-008,MH/RGD/2023/37/1235,2023,37,NCDC weekly outbreaks/2023/week37.pdf,15,37,MATCH,Maharashtra,Mumbai,Mumbai City,Malaria,Malaria,4,1,Under Surveillance,12-09-23,2023-09-12,15-09-23,2023-09-15,2023-09-11,2023-09-17,TEXT,HIGH,,UNVALIDATED,Official IDSP unique ID: MH/RGD/2023/37/1235,Mumbai,VERBATIM_MATCH,Source specifies Mumbai without suburban qualifier,Mumbai,Malaria,CLEAN,Clean disease text,2023-09-12,2023-09-15,NORMAL,2023,37,9,September,Q3,2023,PARTIAL_YEAR,NOT_FLAGGED
MAHA-2023-W37-009,MH/RGD/2023/37/1236,2023,37,NCDC weekly outbreaks/2023/week37.pdf,16,37,MATCH,Maharashtra,Raigad,Raigad,Dengue,Dengue,3,1,Under Surveillance,09-09-23,2023-09-09,12-09-23,2023-09-12,2023-09-11,2023-09-17,TEXT,HIGH,,UNVALIDATED,Official IDSP unique ID: MH/RGD/2023/37/1236,Raigad,VERBATIM_MATCH,Clean district text from source,Raigad,Dengue,CLEAN,Clean disease text,2023-09-09,2023-09-12,NORMAL,2023,37,9,September,Q3,2023,PARTIAL_YEAR,SEPARATE_OUTBREAK
MAHA-2023-W37-010,MH/THN/2023/37/1237,2023,37,NCDC weekly outbreaks/2023/week37.pdf,16,37,MATCH,Maharashtra,Thane,Thane,Malaria,Malaria,3,1,Under Surveillance,14-09-23,2023-09-14,16-09-23,2023-09-16,2023-09-11,2023-09-17,TEXT,HIGH,,UNVALIDATED,Official IDSP unique ID: MH/THN/2023/37/1237,Thane,VERBATIM_MATCH,Clean district text from source,Thane,Malaria,CLEAN,Clean disease text,2023-09-14,2023-09-16,NORMAL,2023,37,9,September,Q3,2023,PARTIAL_YEAR,NOT_FLAGGED
MAHA-2023-W37-011,MH/WAS/2023/37/1238,2023,37,NCDC weekly outbreaks/2023/week37.pdf,17,37,MATCH,Maharashtra,Akola,Akola,Dengue,Dengue,9,0,Under Control,15-09-23,2023-09-15,15-09-23,2023-09-15,2023-09-11,2023-09-17,TEXT,HIGH,,UNVALIDATED,Official IDSP unique ID: MH/WAS/2023/37/1238,Akola,VERBATIM_MATCH,Clean district text from source,Akola,Dengue,CLEAN,Clean disease text,2023-09-15,2023-09-15,NORMAL,2023,37,9,September,Q3,2023,PARTIAL_YEAR,NOT_FLAGGED
MAHA-2023-W37-012,MH/JLN/2023/37/1255,2023,37,NCDC weekly outbreaks/2023/week37.pdf,24,37,MATCH,Maharashtra,Aurangabad,Aurangabad,Dengue,Dengue,6,1,Under Surveillance,04-09-23,2023-09-04,20-08-23,2023-08-20,2023-09-11,2023-09-17,TEXT,HIGH,,UNVALIDATED,Official IDSP unique ID: MH/JLN/2023/37/1255,Aurangabad,VERBATIM_MATCH,Clean district text from source,Aurangabad,Dengue,CLEAN,Clean disease text,2023-09-04,2023-08-20,OUTBREAK_DATE_AFTER_REPORT_DATE,2023,37,9,September,Q3,2023,PARTIAL_YEAR,SEPARATE_OUTBREAK
MAHA-2023-W38-001,MH/BED/2023/37/1285,2023,38,NCDC weekly outbreaks/2023/week38.pdf,12,37,MATCH,Maharashtra,Beed,Beed,Dengue,Dengue,5,1,Under Surveillance,21-09-23,2023-09-21,22-09-23,2023-09-22,2023-09-18,2023-09-24,TEXT,HIGH,,UNVALIDATED,Official IDSP unique ID: MH/BED/2023/37/1285,Beed,VERBATIM_MATCH,Clean district text from source,Beed,Dengue,CLEAN,Clean disease text,2023-09-21,2023-09-22,NORMAL,2023,38,9,September,Q3,2023,PARTIAL_YEAR,SEPARATE_OUTBREAK
MAHA-2023-W38-002,MH/CND/2023/37/1286,2023,38,NCDC weekly outbreaks/2023/week38.pdf,13,37,MATCH,Maharashtra,Chandrapur,Chandrapur,Dengue,Dengue,9,1,Under Surveillance,16-09-23,2023-09-16,20-09-23,2023-09-20,2023-09-18,2023-09-24,TEXT,HIGH,,UNVALIDATED,Official IDSP unique ID: MH/CND/2023/37/1286,Chandrapur,WHITESPACE_ARTIFACT_RESOLVED,Whitespace artifact resolved: Chandrapu r -> Chandrapur,Chandrapur,Dengue,CLEAN,Clean disease text,2023-09-16,2023-09-20,NORMAL,2023,38,9,September,Q3,2023,PARTIAL_YEAR,NOT_FLAGGED
MAHA-2023-W38-003,MH/CND/2023/37/1287,2023,38,NCDC weekly outbreaks/2023/week38.pdf,13,37,MATCH,Maharashtra,Chandrapur,Chandrapur,Malaria,Malaria,14,1,Under Control,18-09-23,2023-09-18,18-09-23,2023-09-18,2023-09-18,2023-09-24,TEXT,HIGH,,UNVALIDATED,Official IDSP unique ID: MH/CND/2023/37/1287,Chandrapur,WHITESPACE_ARTIFACT_RESOLVED,Whitespace artifact resolved: Chandrapu r -> Chandrapur,Chandrapur,Malaria,CLEAN,Clean disease text,2023-09-18,2023-09-18,NORMAL,2023,38,9,September,Q3,2023,PARTIAL_YEAR,NOT_FLAGGED
MAHA-2023-W38-004,MH/JGA/2023/37/1288,2023,38,NCDC weekly outbreaks/2023/week38.pdf,13,37,MATCH,Maharashtra,Dhule,Dhule,Jalgaon Dengue,Dengue,40,1,Under Surveillance,15-09-23,2023-09-15,19-09-23,2023-09-19,2023-09-18,2023-09-24,TEXT,HIGH,,UNVALIDATED,Official IDSP unique ID: MH/JGA/2023/37/1288,Dhule,VERBATIM_MATCH,Clean district text from source,Dhule,Dengue,BOUNDARY_TRIMMED,Trimmed neighboring state/district prefix from disease string,2023-09-15,2023-09-19,NORMAL,2023,38,9,September,Q3,2023,PARTIAL_YEAR,NOT_FLAGGED
MAHA-2023-W38-005,MH/PRB/2023/37/1289,2023,38,NCDC weekly outbreaks/2023/week38.pdf,14,37,MATCH,Maharashtra,Parbhani,Parbhani,Dengue,Dengue,13,1,Under Surveillance,21-09-23,2023-09-21,22-09-23,2023-09-22,2023-09-18,2023-09-24,TEXT,HIGH,,UNVALIDATED,Official IDSP unique ID: MH/PRB/2023/37/1289,Parbhani,VERBATIM_MATCH,Clean district text from source,Parbhani,Dengue,CLEAN,Clean disease text,2023-09-21,2023-09-22,NORMAL,2023,38,9,September,Q3,2023,PARTIAL_YEAR,SEPARATE_OUTBREAK
MAHA-2023-W38-006,MH/PRB/2023/37/1290,2023,38,NCDC weekly outbreaks/2023/week38.pdf,14,37,MATCH,Maharashtra,Parbhani,Parbhani,Dengue,Dengue,6,1,Under Surveillance,20-09-23,2023-09-20,22-09-23,2023-09-22,2023-09-18,2023-09-24,TEXT,HIGH,,UNVALIDATED,Official IDSP unique ID: MH/PRB/2023/37/1290,Parbhani,VERBATIM_MATCH,Clean district text from source,Parbhani,Dengue,CLEAN,Clean disease text,2023-09-20,2023-09-22,NORMAL,2023,38,9,September,Q3,2023,PARTIAL_YEAR,SEPARATE_OUTBREAK
MAHA-2023-W38-007,MH/THN/2023/37/1291,2023,38,NCDC weekly outbreaks/2023/week38.pdf,15,37,MATCH,Maharashtra,Thane,Thane,Dengue,Dengue,7,1,Under Surveillance,15-09-23,2023-09-15,23-09-23,2023-09-23,2023-09-18,2023-09-24,TEXT,HIGH,,UNVALIDATED,Official IDSP unique ID: MH/THN/2023/37/1291,Thane,VERBATIM_MATCH,Clean district text from source,Thane,Dengue,CLEAN,Clean disease text,2023-09-15,2023-09-23,NORMAL,2023,38,9,September,Q3,2023,PARTIAL_YEAR,SEPARATE_OUTBREAK
MAHA-2023-W38-008,MH/THN/2023/37/1292,2023,38,NCDC weekly outbreaks/2023/week38.pdf,15,37,MATCH,Maharashtra,Thane,Thane,Dengue,Dengue,5,1,Under Surveillance,22-09-23,2023-09-22,22-09-23,2023-09-22,2023-09-18,2023-09-24,TEXT,HIGH,,UNVALIDATED,Official IDSP unique ID: MH/THN/2023/37/1292,Thane,VERBATIM_MATCH,Clean district text from source,Thane,Dengue,CLEAN,Clean disease text,2023-09-22,2023-09-22,NORMAL,2023,38,9,September,Q3,2023,PARTIAL_YEAR,SEPARATE_OUTBREAK
MAHA-2023-W38-009,MH/AGB/2023/37/1305,2023,38,NCDC weekly outbreaks/2023/week38.pdf,19,37,MATCH,Maharashtra,Aurangabad,Aurangabad,Fever,Fever,14,1,Under Surveillance,14-09-23,2023-09-14,13-09-2023,2023-09-13,2023-09-18,2023-09-24,TEXT,HIGH,,UNVALIDATED,Official IDSP unique ID: MH/AGB/2023/37/1305,Aurangabad,VERBATIM_MATCH,Clean district text from source,Aurangabad,Fever,CLEAN,Clean disease text,2023-09-14,2023-09-13,OUTBREAK_DATE_AFTER_REPORT_DATE,2023,38,9,September,Q3,2023,PARTIAL_YEAR,NOT_FLAGGED
MAHA-2023-W38-010,MH/NAS/2023/37/1306,2023,38,NCDC weekly outbreaks/2023/week38.pdf,19,37,MATCH,Maharashtra,Nashik,Nashik,Food Poisoning,Food_Poisoning,40,0,Under Control,12-09-23,2023-09-12,21/08/2023,2023-08-21,2023-09-18,2023-09-24,TEXT,HIGH,,UNVALIDATED,Official IDSP unique ID: MH/NAS/2023/37/1306,Nashik,VERBATIM_MATCH,Clean district text from source,Nashik,Food Poisoning,WHITESPACE_STANDARDIZED,Standardized capitalization: Food poisoning -> Food Poisoning,2023-09-12,2023-08-21,OUTBREAK_DATE_AFTER_REPORT_DATE,2023,38,9,September,Q3,2023,PARTIAL_YEAR,NOT_FLAGGED
MAHA-2023-W39-001,MH/AGB/2023/39/1336,2023,39,NCDC weekly outbreaks/2023/week39.pdf,14,39,MATCH,Maharashtra,Aurangabad,Aurangabad,Dengue,Dengue,3,1,Under Surveillance,27-09-23,2023-09-27,28-09-23,2023-09-28,2023-09-25,2023-10-01,TEXT,HIGH,,UNVALIDATED,Official IDSP unique ID: MH/AGB/2023/39/1336,Aurangabad,VERBATIM_MATCH,Clean district text from source,Aurangabad,Dengue,CLEAN,Clean disease text,2023-09-27,2023-09-28,NORMAL,2023,39,9,September,Q3,2023,PARTIAL_YEAR,SEPARATE_OUTBREAK
MAHA-2023-W39-002,MH/BED/2023/39/1337,2023,39,NCDC weekly outbreaks/2023/week39.pdf,15,39,MATCH,Maharashtra,Beed,Beed,Dengue,Dengue,10,0,Under Surveillance,29-09-23,2023-09-29,29-09-23,2023-09-29,2023-09-25,2023-10-01,TEXT,HIGH,,UNVALIDATED,Official IDSP unique ID: MH/BED/2023/39/1337,Beed,VERBATIM_MATCH,Clean district text from source,Beed,Dengue,CLEAN,Clean disease text,2023-09-29,2023-09-29,NORMAL,2023,39,9,September,Q3,2023,PARTIAL_YEAR,SEPARATE_OUTBREAK
MAHA-2023-W39-003,MH/NAN/2023/39/1338,2023,39,NCDC weekly outbreaks/2023/week39.pdf,15,39,MATCH,Maharashtra,Nanded,Nanded,Acute Diarrheal Disease,Acute_Diarrheal_Disease,46,0,Under Control,24-09-23,2023-09-24,26-09-23,2023-09-26,2023-09-25,2023-10-01,TEXT,HIGH,,UNVALIDATED,Official IDSP unique ID: MH/NAN/2023/39/1338,Nanded,VERBATIM_MATCH,Clean district text from source,Nanded,Acute Diarrheal Disease,CLEAN,Clean disease text,2023-09-24,2023-09-26,NORMAL,2023,39,9,September,Q3,2023,PARTIAL_YEAR,NOT_FLAGGED
MAHA-2023-W39-004,MH/THN/2023/39/1349,2023,39,NCDC weekly outbreaks/2023/week39.pdf,20,39,MATCH,Maharashtra,Thane,Thane,Dengue,Dengue,6,1,Under Surveillance,12-09-23,2023-09-12,19-09-23,2023-09-19,2023-09-25,2023-10-01,TEXT,HIGH,,UNVALIDATED,Official IDSP unique ID: MH/THN/2023/39/1349,Thane,VERBATIM_MATCH,Clean district text from source,Thane,Dengue,CLEAN,Clean disease text,2023-09-12,2023-09-19,NORMAL,2023,39,9,September,Q3,2023,PARTIAL_YEAR,SEPARATE_OUTBREAK
MAHA-2023-W40-001,MH/AMR/2023/40/1380,2023,40,NCDC weekly outbreaks/2023/week40.pdf,12,40,MATCH,Maharashtra,Amravati,Amravati,Dengue,Dengue,26,1,Under Surveillance,04-10-23,2023-10-04,05-10-23,2023-10-05,2023-10-02,2023-10-08,TEXT,HIGH,,UNVALIDATED,Official IDSP unique ID: MH/AMR/2023/40/1380,Amravati,VERBATIM_MATCH,Clean district text from source,Amravati,Dengue,CLEAN,Clean disease text,2023-10-04,2023-10-05,NORMAL,2023,40,10,October,Q4,2023,PARTIAL_YEAR,SEPARATE_OUTBREAK
MAHA-2023-W40-002,MH/BED/2023/40/1381,2023,40,NCDC weekly outbreaks/2023/week40.pdf,12,40,MATCH,Maharashtra,Beed,Beed,Dengue,Dengue,5,1,Under Surveillance,03-10-23,2023-10-03,06-10-23,2023-10-06,2023-10-02,2023-10-08,TEXT,HIGH,,UNVALIDATED,Official IDSP unique ID: MH/BED/2023/40/1381,Beed,VERBATIM_MATCH,Clean district text from source,Beed,Dengue,CLEAN,Clean disease text,2023-10-03,2023-10-06,NORMAL,2023,40,10,October,Q4,2023,PARTIAL_YEAR,SEPARATE_OUTBREAK
MAHA-2023-W40-003,MH/NAG/2023/40/1382,2023,40,NCDC weekly outbreaks/2023/week40.pdf,13,40,MATCH,Maharashtra,Nagpur,Nagpur,Dengue,Dengue,89,1,Under Surveillance,05-10-23,2023-10-05,06-10-23,2023-10-06,2023-10-02,2023-10-08,TEXT,HIGH,,UNVALIDATED,Official IDSP unique ID: MH/NAG/2023/40/1382,Nagpur,VERBATIM_MATCH,Clean district text from source,Nagpur,Dengue,CLEAN,Clean disease text,2023-10-05,2023-10-06,NORMAL,2023,40,10,October,Q4,2023,PARTIAL_YEAR,SEPARATE_OUTBREAK
MAHA-2023-W40-004,MH/RGD/2023/40/1383,2023,40,NCDC weekly outbreaks/2023/week40.pdf,13,40,MATCH,Maharashtra,Raigad,Raigad,Dengue,Dengue,6,1,Under Surveillance,05-10-23,2023-10-05,06-10-23,2023-10-06,2023-10-02,2023-10-08,TEXT,HIGH,,UNVALIDATED,Official IDSP unique ID: MH/RGD/2023/40/1383,Raigad,VERBATIM_MATCH,Clean district text from source,Raigad,Dengue,CLEAN,Clean disease text,2023-10-05,2023-10-06,NORMAL,2023,40,10,October,Q4,2023,PARTIAL_YEAR,SEPARATE_OUTBREAK
MAHA-2023-W40-005,MH/SGL/2023/40/1384,2023,40,NCDC weekly outbreaks/2023/week40.pdf,13,40,MATCH,Maharashtra,Pune,Pune,Zika Virus,Zika_Virus,1,0,Under Surveillance,29-09-23,2023-09-29,03-10-23,2023-10-03,2023-10-02,2023-10-08,TEXT,HIGH,,UNVALIDATED,Official IDSP unique ID: MH/SGL/2023/40/1384,Pune,VERBATIM_MATCH,Clean district text from source,Pune,Zika Virus,CLEAN,Clean disease text,2023-09-29,2023-10-03,NORMAL,2023,40,9,September,Q3,2023,PARTIAL_YEAR,NOT_FLAGGED
MAHA-2023-W40-006,MH/THN/2023/40/1385,2023,40,NCDC weekly outbreaks/2023/week40.pdf,14,40,MATCH,Maharashtra,Thane,Thane,Dengue,Dengue,3,1,Under Surveillance,30-09-23,2023-09-30,04-10-23,2023-10-04,2023-10-02,2023-10-08,TEXT,HIGH,,UNVALIDATED,Official IDSP unique ID: MH/THN/2023/40/1385,Thane,VERBATIM_MATCH,Clean district text from source,Thane,Dengue,CLEAN,Clean disease text,2023-09-30,2023-10-04,NORMAL,2023,40,9,September,Q3,2023,PARTIAL_YEAR,SEPARATE_OUTBREAK
MAHA-2023-W40-007,MH/THN/2023/40/1386,2023,40,NCDC weekly outbreaks/2023/week40.pdf,14,40,MATCH,Maharashtra,Thane,Thane,Dengue,Dengue,7,1,Under Surveillance,27-09-23,2023-09-27,03-10-23,2023-10-03,2023-10-02,2023-10-08,TEXT,HIGH,,UNVALIDATED,Official IDSP unique ID: MH/THN/2023/40/1386,Thane,VERBATIM_MATCH,Clean district text from source,Thane,Dengue,CLEAN,Clean disease text,2023-09-27,2023-10-03,NORMAL,2023,40,9,September,Q3,2023,PARTIAL_YEAR,SEPARATE_OUTBREAK
MAHA-2023-W40-008,MH/WAS/2023/40/1387,2023,40,NCDC weekly outbreaks/2023/week40.pdf,14,40,MATCH,Maharashtra,Washim,Washim,Acute Diarrheal Disease,Acute_Diarrheal_Disease,75,0,Under Control,30-09-23,2023-09-30,03-10-23,2023-10-03,2023-10-02,2023-10-08,TEXT,HIGH,,UNVALIDATED,Official IDSP unique ID: MH/WAS/2023/40/1387,Washim,VERBATIM_MATCH,Clean district text from source,Washim,Acute Diarrheal Disease,CLEAN,Clean disease text,2023-09-30,2023-10-03,NORMAL,2023,40,9,September,Q3,2023,PARTIAL_YEAR,NOT_FLAGGED
MAHA-2023-W40-009,MH/STA/2023/40/1399,2023,40,NCDC weekly outbreaks/2023/week40.pdf,18,40,MATCH,Maharashtra,Pune,Pune,Satara Chikungunya,Chikungunya,13,0,Under Surveillance,14-09-23,2023-09-14,,,2023-10-02,2023-10-08,TEXT,HIGH,,UNVALIDATED,Official IDSP unique ID: MH/STA/2023/40/1399,Pune,VERBATIM_MATCH,Clean district text from source,Pune,Chikungunya,WHITESPACE_STANDARDIZED,Standardized broken whitespace in Chikungunya,2023-09-14,,REPORT_DATE_MISSING,2023,40,9,September,Q3,2023,PARTIAL_YEAR,SEPARATE_OUTBREAK
MAHA-2023-W40-010,MH/THN/2023/40/1400,2023,40,NCDC weekly outbreaks/2023/week40.pdf,18,40,MATCH,Maharashtra,Thane,Thane,Fever of Unknown Cause,Fever,2,1,Under Surveillance,25-09-23,2023-09-25,21-09-23,2023-09-21,2023-10-02,2023-10-08,TEXT,HIGH,,UNVALIDATED,Official IDSP unique ID: MH/THN/2023/40/1400,Thane,VERBATIM_MATCH,Clean district text from source,Thane,Fever of Unknown Cause,CLEAN,Clean disease text,2023-09-25,2023-09-21,OUTBREAK_DATE_AFTER_REPORT_DATE,2023,40,9,September,Q3,2023,PARTIAL_YEAR,NOT_FLAGGED
MAHA-2023-W41-001,MH/AGB/2023/41/1429,2023,41,NCDC weekly outbreaks/2023/week41.pdf,11,41,MATCH,Maharashtra,Aurangabad,Aurangabad,Dengue,Dengue,4,1,Under Surveillance,13-10-23,2023-10-13,14-10-23,2023-10-14,2023-10-09,2023-10-15,TEXT,HIGH,,UNVALIDATED,Official IDSP unique ID: MH/AGB/2023/41/1429,Aurangabad,VERBATIM_MATCH,Clean district text from source,Aurangabad,Dengue,CLEAN,Clean disease text,2023-10-13,2023-10-14,NORMAL,2023,41,10,October,Q4,2023,PARTIAL_YEAR,SEPARATE_OUTBREAK
MAHA-2023-W41-002,MH/BUL/2023/41/1430,2023,41,NCDC weekly outbreaks/2023/week41.pdf,11,41,MATCH,Maharashtra,Buldhana,Buldhana,Dengue,Dengue,24,0,Under Surveillance,08-10-23,2023-10-08,12-10-23,2023-10-12,2023-10-09,2023-10-15,TEXT,HIGH,,UNVALIDATED,Official IDSP unique ID: MH/BUL/2023/41/1430,Buldhana,VERBATIM_MATCH,Clean district text from source,Buldhana,Dengue,CLEAN,Clean disease text,2023-10-08,2023-10-12,NORMAL,2023,41,10,October,Q4,2023,PARTIAL_YEAR,NOT_FLAGGED
MAHA-2023-W41-003,MH/PNE/2023/41/1431,2023,41,NCDC weekly outbreaks/2023/week41.pdf,11,41,MATCH,Maharashtra,Pune,Pune,Dengue,Dengue,59,1,Under Surveillance,06-10-23,2023-10-06,09-10-23,2023-10-09,2023-10-09,2023-10-15,TEXT,HIGH,,UNVALIDATED,Official IDSP unique ID: MH/PNE/2023/41/1431,Pune,VERBATIM_MATCH,Clean district text from source,Pune,Dengue,CLEAN,Clean disease text,2023-10-06,2023-10-09,NORMAL,2023,41,10,October,Q4,2023,PARTIAL_YEAR,NOT_FLAGGED
MAHA-2023-W41-004,MH/SHO/2023/41/1432,2023,41,NCDC weekly outbreaks/2023/week41.pdf,12,41,MATCH,Maharashtra,Solapur,Solapur,Acute Diarrheal Disease,Acute_Diarrheal_Disease,32,0,Under Surveillance,11-10-23,2023-10-11,13-10-23,2023-10-13,2023-10-09,2023-10-15,TEXT,HIGH,,UNVALIDATED,Official IDSP unique ID: MH/SHO/2023/41/1432,Solapur,VERBATIM_MATCH,Clean district text from source,Solapur,Acute Diarrheal Disease,CLEAN,Clean disease text,2023-10-11,2023-10-13,NORMAL,2023,41,10,October,Q4,2023,PARTIAL_YEAR,NOT_FLAGGED
MAHA-2023-W41-005,MH/YVT/2023/41/1433,2023,41,NCDC weekly outbreaks/2023/week41.pdf,12,41,MATCH,Maharashtra,Yavatmal,Yavatmal,Acute Diarrheal Disease,Acute_Diarrheal_Disease,27,0,Under Control,09-10-23,2023-10-09,10-10-23,2023-10-10,2023-10-09,2023-10-15,TEXT,HIGH,,UNVALIDATED,Official IDSP unique ID: MH/YVT/2023/41/1433,Yavatmal,VERBATIM_MATCH,Clean district text from source,Yavatmal,Acute Diarrheal Disease,CLEAN,Clean disease text,2023-10-09,2023-10-10,NORMAL,2023,41,10,October,Q4,2023,PARTIAL_YEAR,SEPARATE_OUTBREAK
MAHA-2023-W42-001,MH/AGB/2023/42/1476,2023,42,NCDC weekly outbreaks/2023/week42.pdf,15,42,MATCH,Maharashtra,Aurangabad,Aurangabad,Dengue,Dengue,5,0,Under Surveillance,14-10-23,2023-10-14,16-10-23,2023-10-16,2023-10-16,2023-10-22,TEXT,HIGH,,UNVALIDATED,Official IDSP unique ID: MH/AGB/2023/42/1476,Aurangabad,VERBATIM_MATCH,Clean district text from source,Aurangabad,Dengue,CLEAN,Clean disease text,2023-10-14,2023-10-16,NORMAL,2023,42,10,October,Q4,2023,PARTIAL_YEAR,SEPARATE_OUTBREAK
MAHA-2023-W42-002,MH/BED/2023/42/1477,2023,42,NCDC weekly outbreaks/2023/week42.pdf,15,42,MATCH,Maharashtra,Beed,Beed,Dengue,Dengue,5,1,Under Surveillance,19-10-23,2023-10-19,20-10-23,2023-10-20,2023-10-16,2023-10-22,TEXT,HIGH,,UNVALIDATED,Official IDSP unique ID: MH/BED/2023/42/1477,Beed,VERBATIM_MATCH,Clean district text from source,Beed,Dengue,CLEAN,Clean disease text,2023-10-19,2023-10-20,NORMAL,2023,42,10,October,Q4,2023,PARTIAL_YEAR,SEPARATE_OUTBREAK
MAHA-2023-W42-003,MH/BED/2023/42/1478,2023,42,NCDC weekly outbreaks/2023/week42.pdf,16,42,MATCH,Maharashtra,Beed,Beed,Dengue,Dengue,5,0,Under Surveillance,16-10-23,2023-10-16,17-10-23,2023-10-17,2023-10-16,2023-10-22,TEXT,HIGH,,UNVALIDATED,Official IDSP unique ID: MH/BED/2023/42/1478,Beed,VERBATIM_MATCH,Clean district text from source,Beed,Dengue,CLEAN,Clean disease text,2023-10-16,2023-10-17,NORMAL,2023,42,10,October,Q4,2023,PARTIAL_YEAR,SEPARATE_OUTBREAK
MAHA-2023-W42-004,MH/DHL/2023/42/1479,2023,42,NCDC weekly outbreaks/2023/week42.pdf,16,42,MATCH,Maharashtra,Dhule,Dhule,Dengue,Dengue,12,1,Under Surveillance,17-10-23,2023-10-17,17-10-23,2023-10-17,2023-10-16,2023-10-22,TEXT,HIGH,,UNVALIDATED,Official IDSP unique ID: MH/DHL/2023/42/1479,Dhule,VERBATIM_MATCH,Clean district text from source,Dhule,Dengue,CLEAN,Clean disease text,2023-10-17,2023-10-17,NORMAL,2023,42,10,October,Q4,2023,PARTIAL_YEAR,SEPARATE_OUTBREAK
MAHA-2023-W42-005,MH/DHL/2023/42/1480,2023,42,NCDC weekly outbreaks/2023/week42.pdf,17,42,MATCH,Maharashtra,Dhule,Dhule,Dengue,Dengue,18,1,Under Surveillance,16-10-23,2023-10-16,16-10-23,2023-10-16,2023-10-16,2023-10-22,TEXT,HIGH,,UNVALIDATED,Official IDSP unique ID: MH/DHL/2023/42/1480,Dhule,VERBATIM_MATCH,Clean district text from source,Dhule,Dengue,CLEAN,Clean disease text,2023-10-16,2023-10-16,NORMAL,2023,42,10,October,Q4,2023,PARTIAL_YEAR,SEPARATE_OUTBREAK
MAHA-2023-W42-006,MH/GAD/2023/42/1481,2023,42,NCDC weekly outbreaks/2023/week42.pdf,17,42,MATCH,Maharashtra,Gadchiroli,Gadchiroli,Dengue,Dengue,3,1,Under Surveillance,20-10-23,2023-10-20,21-10-23,2023-10-21,2023-10-16,2023-10-22,TEXT,HIGH,,UNVALIDATED,Official IDSP unique ID: MH/GAD/2023/42/1481,Gadchiroli,VERBATIM_MATCH,Clean district text from source,Gadchiroli,Dengue,CLEAN,Clean disease text,2023-10-20,2023-10-21,NORMAL,2023,42,10,October,Q4,2023,PARTIAL_YEAR,NOT_FLAGGED
MAHA-2023-W42-007,MH/KOP/2023/42/1482,2023,42,NCDC weekly outbreaks/2023/week42.pdf,18,42,MATCH,Maharashtra,Kolhapur,Kolhapur,Chikungunya,Chikungunya,145,0,Under Surveillance,18-10-23,2023-10-18,19-10-23,2023-10-19,2023-10-16,2023-10-22,TEXT,HIGH,,UNVALIDATED,Official IDSP unique ID: MH/KOP/2023/42/1482,Kolhapur,VERBATIM_MATCH,Clean district text from source,Kolhapur,Chikungunya,WHITESPACE_STANDARDIZED,Standardized broken whitespace in Chikungunya,2023-10-18,2023-10-19,NORMAL,2023,42,10,October,Q4,2023,PARTIAL_YEAR,NOT_FLAGGED
MAHA-2023-W42-008,MH/NAG/2023/42/1483,2023,42,NCDC weekly outbreaks/2023/week42.pdf,18,42,MATCH,Maharashtra,Nagpur,Nagpur,Dengue,Dengue,9,1,Under Surveillance,18-10-23,2023-10-18,19-10-23,2023-10-19,2023-10-16,2023-10-22,TEXT,HIGH,,UNVALIDATED,Official IDSP unique ID: MH/NAG/2023/42/1483,Nagpur,VERBATIM_MATCH,Clean district text from source,Nagpur,Dengue,CLEAN,Clean disease text,2023-10-18,2023-10-19,NORMAL,2023,42,10,October,Q4,2023,PARTIAL_YEAR,SEPARATE_OUTBREAK
MAHA-2023-W42-009,MH/NAN/2023/42/1484,2023,42,NCDC weekly outbreaks/2023/week42.pdf,19,42,MATCH,Maharashtra,Nanded,Nanded,Dengue,Dengue,8,0,Under Surveillance,16-10-23,2023-10-16,18-10-23,2023-10-18,2023-10-16,2023-10-22,TEXT,HIGH,,UNVALIDATED,Official IDSP unique ID: MH/NAN/2023/42/1484,Nanded,VERBATIM_MATCH,Clean district text from source,Nanded,Dengue,CLEAN,Clean disease text,2023-10-16,2023-10-18,NORMAL,2023,42,10,October,Q4,2023,PARTIAL_YEAR,UPDATED_OUTBREAK
MAHA-2023-W42-010,MH/NAN/2023/42/1485,2023,42,NCDC weekly outbreaks/2023/week42.pdf,19,42,MATCH,Maharashtra,Nanded,Nanded,Dengue,Dengue,6,0,Under Surveillance,16-10-23,2023-10-16,17-10-23,2023-10-17,2023-10-16,2023-10-22,TEXT,HIGH,,UNVALIDATED,Official IDSP unique ID: MH/NAN/2023/42/1485,Nanded,VERBATIM_MATCH,Clean district text from source,Nanded,Dengue,CLEAN,Clean disease text,2023-10-16,2023-10-17,NORMAL,2023,42,10,October,Q4,2023,PARTIAL_YEAR,UPDATED_OUTBREAK
MAHA-2023-W42-011,MH/OSM/2023/42/1486,2023,42,NCDC weekly outbreaks/2023/week42.pdf,20,42,MATCH,Maharashtra,Beed,Beed,Dengue & Chikungunya,Dengue_Chikungunya,11,1,Under Control,17-10-23,2023-10-17,18-10-23,2023-10-18,2023-10-16,2023-10-22,TEXT,HIGH,,UNVALIDATED,Official IDSP unique ID: MH/OSM/2023/42/1486,Beed,VERBATIM_MATCH,Clean district text from source,Beed,Dengue & Chikungunya,WHITESPACE_STANDARDIZED,Standardized broken whitespace in Chikungunya,2023-10-17,2023-10-18,NORMAL,2023,42,10,October,Q4,2023,PARTIAL_YEAR,NOT_FLAGGED
MAHA-2023-W42-012,MH/PRB/2023/42/1487,2023,42,NCDC weekly outbreaks/2023/week42.pdf,20,42,MATCH,Maharashtra,Parbhani,Parbhani,Dengue,Dengue,19,1,Under Surveillance,16-10-23,2023-10-16,16-10-23,2023-10-16,2023-10-16,2023-10-22,TEXT,HIGH,,UNVALIDATED,Official IDSP unique ID: MH/PRB/2023/42/1487,Parbhani,VERBATIM_MATCH,Clean district text from source,Parbhani,Dengue,CLEAN,Clean disease text,2023-10-16,2023-10-16,NORMAL,2023,42,10,October,Q4,2023,PARTIAL_YEAR,NOT_FLAGGED
MAHA-2023-W42-013,MH/THN/2023/42/1488,2023,42,NCDC weekly outbreaks/2023/week42.pdf,21,42,MATCH,Maharashtra,Thane,Thane,Dengue,Dengue,1,1,Under Surveillance,18-10-23,2023-10-18,21-10-23,2023-10-21,2023-10-16,2023-10-22,TEXT,HIGH,,UNVALIDATED,Official IDSP unique ID: MH/THN/2023/42/1488,Thane,VERBATIM_MATCH,Clean district text from source,Thane,Dengue,CLEAN,Clean disease text,2023-10-18,2023-10-21,NORMAL,2023,42,10,October,Q4,2023,PARTIAL_YEAR,SEPARATE_OUTBREAK
MAHA-2023-W42-014,MH/NAN/2023/42/1507,2023,42,NCDC weekly outbreaks/2023/week42.pdf,27,42,MATCH,Maharashtra,Nanded,Nanded,Dengue,Dengue,11,0,Under Surveillance,10-10-23,2023-10-10,,,2023-10-16,2023-10-22,TEXT,HIGH,,UNVALIDATED,Official IDSP unique ID: MH/NAN/2023/42/1507,Nanded,VERBATIM_MATCH,Clean district text from source,Nanded,Dengue,CLEAN,Clean disease text,2023-10-10,,REPORT_DATE_MISSING,2023,42,10,October,Q4,2023,PARTIAL_YEAR,SEPARATE_OUTBREAK
MAHA-2023-W42-015,MH/NAN/2023/42/1508,2023,42,NCDC weekly outbreaks/2023/week42.pdf,27,42,MATCH,Maharashtra,Nanded,Nanded,Dengue,Dengue,12,0,Under Surveillance,11-10-23,2023-10-11,,,2023-10-16,2023-10-22,TEXT,HIGH,,UNVALIDATED,Official IDSP unique ID: MH/NAN/2023/42/1508,Nanded,VERBATIM_MATCH,Clean district text from source,Nanded,Dengue,CLEAN,Clean disease text,2023-10-11,,REPORT_DATE_MISSING,2023,42,10,October,Q4,2023,PARTIAL_YEAR,SEPARATE_OUTBREAK
MAHA-2023-W42-016,MH/NAN/2023/42/1509,2023,42,NCDC weekly outbreaks/2023/week42.pdf,27,42,MATCH,Maharashtra,Nagpur,Nagpur,Scrub Typhus,Scrub_Typhus,10,1,Under Control,29-08-23,2023-08-29,,,2023-10-16,2023-10-22,TEXT,HIGH,,UNVALIDATED,Official IDSP unique ID: MH/NAN/2023/42/1509,Nagpur,VERBATIM_MATCH,Clean district text from source,Nagpur,Scrub Typhus,CLEAN,Clean disease text,2023-08-29,,REPORT_DATE_MISSING,2023,42,8,August,Q3,2023,PARTIAL_YEAR,SEPARATE_OUTBREAK
MAHA-2023-W42-017,MH/THN/2023/42/1510,2023,42,NCDC weekly outbreaks/2023/week42.pdf,28,42,MATCH,Maharashtra,Thane,Thane,Dengue,Dengue,10,0,Under Surveillance,11-10-23,2023-10-11,14-10-23,2023-10-14,2023-10-16,2023-10-22,TEXT,HIGH,,UNVALIDATED,Official IDSP unique ID: MH/THN/2023/42/1510,Thane,VERBATIM_MATCH,Clean district text from source,Thane,Dengue,CLEAN,Clean disease text,2023-10-11,2023-10-14,NORMAL,2023,42,10,October,Q4,2023,PARTIAL_YEAR,SEPARATE_OUTBREAK
MAHA-2023-W43-001,MH/AKL/2023/43/1533,2023,43,NCDC weekly outbreaks/2023/week43.pdf,12,43,MATCH,Maharashtra,Akola,Akola,Dengue,Dengue,8,0,Under Surveillance,23-10-23,2023-10-23,23-10-23,2023-10-23,2023-10-23,2023-10-29,TEXT,HIGH,,UNVALIDATED,Official IDSP unique ID: MH/AKL/2023/43/1533,Akola,VERBATIM_MATCH,Clean district text from source,Akola,Dengue,CLEAN,Clean disease text,2023-10-23,2023-10-23,NORMAL,2023,43,10,October,Q4,2023,PARTIAL_YEAR,SEPARATE_OUTBREAK
MAHA-2023-W43-002,MH/AKL/2023/43/1534,2023,43,NCDC weekly outbreaks/2023/week43.pdf,12,43,MATCH,Maharashtra,Akola,Akola,Dengue,Dengue,9,1,Under Surveillance,20-10-23,2023-10-20,23-10-23,2023-10-23,2023-10-23,2023-10-29,TEXT,HIGH,,UNVALIDATED,Official IDSP unique ID: MH/AKL/2023/43/1534,Akola,VERBATIM_MATCH,Clean district text from source,Akola,Dengue,CLEAN,Clean disease text,2023-10-20,2023-10-23,NORMAL,2023,43,10,October,Q4,2023,PARTIAL_YEAR,SEPARATE_OUTBREAK
MAHA-2023-W43-003,MH/AMR/2023/43/1535,2023,43,NCDC weekly outbreaks/2023/week43.pdf,13,43,MATCH,Maharashtra,Amravati,Amravati,Dengue,Dengue,5,1,Under Surveillance,21-10-23,2023-10-21,23-10-23,2023-10-23,2023-10-23,2023-10-29,TEXT,HIGH,,UNVALIDATED,Official IDSP unique ID: MH/AMR/2023/43/1535,Amravati,VERBATIM_MATCH,Clean district text from source,Amravati,Dengue,CLEAN,Clean disease text,2023-10-21,2023-10-23,NORMAL,2023,43,10,October,Q4,2023,PARTIAL_YEAR,SEPARATE_OUTBREAK
MAHA-2023-W43-004,MH/AGB/2023/43/1536,2023,43,NCDC weekly outbreaks/2023/week43.pdf,13,43,MATCH,Maharashtra,Aurangabad,Aurangabad,Dengue,Dengue,17,1,Under Surveillance,21-10-23,2023-10-21,25-10-23,2023-10-25,2023-10-23,2023-10-29,TEXT,HIGH,,UNVALIDATED,Official IDSP unique ID: MH/AGB/2023/43/1536,Aurangabad,VERBATIM_MATCH,Clean district text from source,Aurangabad,Dengue,CLEAN,Clean disease text,2023-10-21,2023-10-25,NORMAL,2023,43,10,October,Q4,2023,PARTIAL_YEAR,SEPARATE_OUTBREAK
MAHA-2023-W43-005,MH/BED/2023/43/1537,2023,43,NCDC weekly outbreaks/2023/week43.pdf,14,43,MATCH,Maharashtra,Beed,Beed,Dengue,Dengue,3,1,Under Surveillance,25-10-23,2023-10-25,26-10-23,2023-10-26,2023-10-23,2023-10-29,TEXT,HIGH,,UNVALIDATED,Official IDSP unique ID: MH/BED/2023/43/1537,Beed,VERBATIM_MATCH,Clean district text from source,Beed,Dengue,CLEAN,Clean disease text,2023-10-25,2023-10-26,NORMAL,2023,43,10,October,Q4,2023,PARTIAL_YEAR,SEPARATE_OUTBREAK
MAHA-2023-W43-006,MH/BED/2023/43/1538,2023,43,NCDC weekly outbreaks/2023/week43.pdf,14,43,MATCH,Maharashtra,Beed,Beed,Dengue,Dengue,1,1,Under Surveillance,23-10-23,2023-10-23,23-10-23,2023-10-23,2023-10-23,2023-10-29,TEXT,HIGH,,UNVALIDATED,Official IDSP unique ID: MH/BED/2023/43/1538,Beed,VERBATIM_MATCH,Clean district text from source,Beed,Dengue,CLEAN,Clean disease text,2023-10-23,2023-10-23,NORMAL,2023,43,10,October,Q4,2023,PARTIAL_YEAR,SEPARATE_OUTBREAK
MAHA-2023-W43-007,MH/KOP/2023/43/1539,2023,43,NCDC weekly outbreaks/2023/week43.pdf,15,43,MATCH,Maharashtra,Kolhapur,Kolhapur,Hepatitis-A,Hepatitis,16,0,Under Surveillance,25-10-23,2023-10-25,25-10-23,2023-10-25,2023-10-23,2023-10-29,TEXT,HIGH,,UNVALIDATED,Official IDSP unique ID: MH/KOP/2023/43/1539,Kolhapur,VERBATIM_MATCH,Clean district text from source,Kolhapur,Hepatitis-A,CLEAN,Clean disease text,2023-10-25,2023-10-25,NORMAL,2023,43,10,October,Q4,2023,PARTIAL_YEAR,NOT_FLAGGED
MAHA-2023-W43-008,MH/OSM/2023/43/1540,2023,43,NCDC weekly outbreaks/2023/week43.pdf,15,43,MATCH,Maharashtra,Osmanabad,Osmanabad,Dengue,Dengue,6,0,Under Surveillance,25-10-23,2023-10-25,27-10-23,2023-10-27,2023-10-23,2023-10-29,TEXT,HIGH,,UNVALIDATED,Official IDSP unique ID: MH/OSM/2023/43/1540,Osmanabad,VERBATIM_MATCH,Clean district text from source,Osmanabad,Dengue,CLEAN,Clean disease text,2023-10-25,2023-10-27,NORMAL,2023,43,10,October,Q4,2023,PARTIAL_YEAR,SEPARATE_OUTBREAK
MAHA-2023-W43-009,MH/STA/2023/43/1541,2023,43,NCDC weekly outbreaks/2023/week43.pdf,16,43,MATCH,Maharashtra,Pune,Pune,Satara Chikungunya,Chikungunya,6,0,Under Surveillance,23-10-23,2023-10-23,25-10-23,2023-10-25,2023-10-23,2023-10-29,TEXT,HIGH,,UNVALIDATED,Official IDSP unique ID: MH/STA/2023/43/1541,Pune,VERBATIM_MATCH,Clean district text from source,Pune,Chikungunya,WHITESPACE_STANDARDIZED,Standardized broken whitespace in Chikungunya,2023-10-23,2023-10-25,NORMAL,2023,43,10,October,Q4,2023,PARTIAL_YEAR,SEPARATE_OUTBREAK
MAHA-2023-W43-010,MH/YVT/2023/43/1542,2023,43,NCDC weekly outbreaks/2023/week43.pdf,16,43,MATCH,Maharashtra,Yavatmal,Yavatmal,Acute Diarrheal Disease,Acute_Diarrheal_Disease,43,0,Under Control,25-10-23,2023-10-25,26-10-23,2023-10-26,2023-10-23,2023-10-29,TEXT,HIGH,,UNVALIDATED,Official IDSP unique ID: MH/YVT/2023/43/1542,Yavatmal,VERBATIM_MATCH,Clean district text from source,Yavatmal,Acute Diarrheal Disease,CLEAN,Clean disease text,2023-10-25,2023-10-26,NORMAL,2023,43,10,October,Q4,2023,PARTIAL_YEAR,SEPARATE_OUTBREAK
MAHA-2023-W44-001,MH/AMN/2023/44/1573,2023,44,NCDC weekly outbreaks/2023/week44.pdf,11,44,MATCH,Maharashtra,Ahmednagar,Ahmednagar,Dengue,Dengue,26,1,Under Control,27-10-23,2023-10-27,30-10-23,2023-10-30,2023-10-30,2023-11-05,TEXT,HIGH,,UNVALIDATED,Official IDSP unique ID: MH/AMN/2023/44/1573,Ahmednagar,VERBATIM_MATCH,Clean district text from source,Ahmednagar,Dengue,CLEAN,Clean disease text,2023-10-27,2023-10-30,NORMAL,2023,44,10,October,Q4,2023,PARTIAL_YEAR,NOT_FLAGGED
MAHA-2023-W44-002,MH/KOP/2023/44/1574,2023,44,NCDC weekly outbreaks/2023/week44.pdf,11,44,MATCH,Maharashtra,Kolhapur,Kolhapur,Zika Virus,Zika_Virus,5,0,Under Surveillance,02-11-23,2023-11-02,02-11-23,2023-11-02,2023-10-30,2023-11-05,TEXT,HIGH,,UNVALIDATED,Official IDSP unique ID: MH/KOP/2023/44/1574,Kolhapur,VERBATIM_MATCH,Clean district text from source,Kolhapur,Zika Virus,CLEAN,Clean disease text,2023-11-02,2023-11-02,NORMAL,2023,44,11,November,Q4,2023,PARTIAL_YEAR,NOT_FLAGGED
MAHA-2023-W44-003,MH/NDB/2023/44/1575,2023,44,NCDC weekly outbreaks/2023/week44.pdf,12,44,MATCH,Maharashtra,Nandurbar,Nandurbar,Dengue,Dengue,11,0,Under Surveillance,01-11-23,2023-11-01,05-11-23,2023-11-05,2023-10-30,2023-11-05,TEXT,HIGH,,UNVALIDATED,Official IDSP unique ID: MH/NDB/2023/44/1575,Nandurbar,VERBATIM_MATCH,Clean district text from source,Nandurbar,Dengue,CLEAN,Clean disease text,2023-11-01,2023-11-05,NORMAL,2023,44,11,November,Q4,2023,PARTIAL_YEAR,SEPARATE_OUTBREAK
MAHA-2023-W44-004,MH/THN/2023/44/1576,2023,44,NCDC weekly outbreaks/2023/week44.pdf,12,44,MATCH,Maharashtra,Thane,Thane,Dengue,Dengue,3,1,Under Surveillance,30-10-23,2023-10-30,02-11-23,2023-11-02,2023-10-30,2023-11-05,TEXT,HIGH,,UNVALIDATED,Official IDSP unique ID: MH/THN/2023/44/1576,Thane,VERBATIM_MATCH,Clean district text from source,Thane,Dengue,CLEAN,Clean disease text,2023-10-30,2023-11-02,NORMAL,2023,44,10,October,Q4,2023,PARTIAL_YEAR,SEPARATE_OUTBREAK
MAHA-2023-W44-005,MH/NDB/2023/44/1586,2023,44,NCDC weekly outbreaks/2023/week44.pdf,15,44,MATCH,Maharashtra,Nandurbar,Nandurbar,Dengue,Dengue,16,0,Under Surveillance,23-10-23,2023-10-23,25-06-23,2023-06-25,2023-10-30,2023-11-05,TEXT,HIGH,,UNVALIDATED,Official IDSP unique ID: MH/NDB/2023/44/1586,Nandurbar,VERBATIM_MATCH,Clean district text from source,Nandurbar,Dengue,CLEAN,Clean disease text,2023-10-23,2023-06-25,OUTBREAK_DATE_AFTER_REPORT_DATE,2023,44,10,October,Q4,2023,PARTIAL_YEAR,SEPARATE_OUTBREAK
MAHA-2023-W45-001,MH/AMN/2023/45/1612,2023,45,NCDC weekly outbreaks/2023/week45.pdf,10,45,MATCH,Maharashtra,Ahmednagar,Ahmednagar,Acute Diarrheal Disease,Acute_Diarrheal_Disease,179,0,Under Surveillance,05-11-23,2023-11-05,08-11-23,2023-11-08,2023-11-06,2023-11-12,TEXT,HIGH,,UNVALIDATED,Official IDSP unique ID: MH/AMN/2023/45/1612,Ahmednagar,VERBATIM_MATCH,Clean district text from source,Ahmednagar,Acute Diarrheal Disease,CLEAN,Clean disease text,2023-11-05,2023-11-08,NORMAL,2023,45,11,November,Q4,2023,PARTIAL_YEAR,NOT_FLAGGED
MAHA-2023-W45-002,MH/BED/2023/45/1613,2023,45,NCDC weekly outbreaks/2023/week45.pdf,11,45,MATCH,Maharashtra,Beed,Beed,Dengue,Dengue,5,1,Under Surveillance,04-11-23,2023-11-04,09-11-23,2023-11-09,2023-11-06,2023-11-12,TEXT,HIGH,,UNVALIDATED,Official IDSP unique ID: MH/BED/2023/45/1613,Beed,VERBATIM_MATCH,Clean district text from source,Beed,Dengue,CLEAN,Clean disease text,2023-11-04,2023-11-09,NORMAL,2023,45,11,November,Q4,2023,PARTIAL_YEAR,SEPARATE_OUTBREAK
MAHA-2023-W45-003,MH/NAG/2023/45/1614,2023,45,NCDC weekly outbreaks/2023/week45.pdf,11,45,MATCH,Maharashtra,Nagpur,Nagpur,Scrub Typhus,Scrub_Typhus,3,1,Under Surveillance,08-11-23,2023-11-08,09-11-23,2023-11-09,2023-11-06,2023-11-12,TEXT,HIGH,,UNVALIDATED,Official IDSP unique ID: MH/NAG/2023/45/1614,Nagpur,VERBATIM_MATCH,Clean district text from source,Nagpur,Scrub Typhus,CLEAN,Clean disease text,2023-11-08,2023-11-09,NORMAL,2023,45,11,November,Q4,2023,PARTIAL_YEAR,SEPARATE_OUTBREAK
MAHA-2023-W45-004,MH/NAN/2023/45/1615,2023,45,NCDC weekly outbreaks/2023/week45.pdf,12,45,MATCH,Maharashtra,Nanded,Nanded,Dengue,Dengue,10,0,Under Control,22-09-23,2023-09-22,10-11-23,2023-11-10,2023-11-06,2023-11-12,TEXT,HIGH,,UNVALIDATED,Official IDSP unique ID: MH/NAN/2023/45/1615,Nanded,VERBATIM_MATCH,Clean district text from source,Nanded,Dengue,CLEAN,Clean disease text,2023-09-22,2023-11-10,NORMAL,2023,45,9,September,Q3,2023,PARTIAL_YEAR,SEPARATE_OUTBREAK
MAHA-2023-W45-005,MH/OSM/2023/45/1616,2023,45,NCDC weekly outbreaks/2023/week45.pdf,12,45,MATCH,Maharashtra,Osmanabad,Osmanabad,Dengue,Dengue,31,1,Under Surveillance,09-11-23,2023-11-09,09-11-23,2023-11-09,2023-11-06,2023-11-12,TEXT,HIGH,,UNVALIDATED,Official IDSP unique ID: MH/OSM/2023/45/1616,Osmanabad,VERBATIM_MATCH,Clean district text from source,Osmanabad,Dengue,CLEAN,Clean disease text,2023-11-09,2023-11-09,NORMAL,2023,45,11,November,Q4,2023,PARTIAL_YEAR,SEPARATE_OUTBREAK
MAHA-2023-W45-006,MH/SGL/2023/45/1617,2023,45,NCDC weekly outbreaks/2023/week45.pdf,12,45,MATCH,Maharashtra,Sangli,Sangli,Dengue,Dengue,6,0,Under Surveillance,03-11-23,2023-11-03,06-11-23,2023-11-06,2023-11-06,2023-11-12,TEXT,HIGH,,UNVALIDATED,Official IDSP unique ID: MH/SGL/2023/45/1617,Sangli,VERBATIM_MATCH,Clean district text from source,Sangli,Dengue,CLEAN,Clean disease text,2023-11-03,2023-11-06,NORMAL,2023,45,11,November,Q4,2023,PARTIAL_YEAR,NOT_FLAGGED
MAHA-2023-W45-007,MH/STA/2023/45/1618,2023,45,NCDC weekly outbreaks/2023/week45.pdf,13,45,MATCH,Maharashtra,Pune,Pune,Satara Dengue,Dengue,16,0,Under Surveillance,08-11-23,2023-11-08,08-11-23,2023-11-08,2023-11-06,2023-11-12,TEXT,HIGH,,UNVALIDATED,Official IDSP unique ID: MH/STA/2023/45/1618,Pune,VERBATIM_MATCH,Clean district text from source,Pune,Dengue,BOUNDARY_TRIMMED,Trimmed neighboring state/district prefix from disease string,2023-11-08,2023-11-08,NORMAL,2023,45,11,November,Q4,2023,PARTIAL_YEAR,NOT_FLAGGED
MAHA-2023-W45-008,MH/BED/2023/45/1630,2023,45,NCDC weekly outbreaks/2023/week45.pdf,17,45,MATCH,Maharashtra,Beed,Beed,Dengue,Dengue,5,1,Under Surveillance,30-10-23,2023-10-30,,,2023-11-06,2023-11-12,TEXT,HIGH,,UNVALIDATED,Official IDSP unique ID: MH/BED/2023/45/1630,Beed,VERBATIM_MATCH,Clean district text from source,Beed,Dengue,CLEAN,Clean disease text,2023-10-30,,REPORT_DATE_MISSING,2023,45,10,October,Q4,2023,PARTIAL_YEAR,SEPARATE_OUTBREAK
MAHA-2023-W45-009,MH/NAN/2023/45/1631,2023,45,NCDC weekly outbreaks/2023/week45.pdf,17,45,MATCH,Maharashtra,Nanded,Nanded,Dengue,Dengue,6,1,Under Control,27-09-23,2023-09-27,,,2023-11-06,2023-11-12,TEXT,HIGH,,UNVALIDATED,Official IDSP unique ID: MH/NAN/2023/45/1631,Nanded,VERBATIM_MATCH,Clean district text from source,Nanded,Dengue,CLEAN,Clean disease text,2023-09-27,,REPORT_DATE_MISSING,2023,45,9,September,Q3,2023,PARTIAL_YEAR,SEPARATE_OUTBREAK
MAHA-2023-W45-010,MH/NAN/2023/45/1632,2023,45,NCDC weekly outbreaks/2023/week45.pdf,17,45,MATCH,Maharashtra,Nanded,Nanded,Dengue,Dengue,12,0,Under Control,20-09-23,2023-09-20,03-10-23,2023-10-03,2023-11-06,2023-11-12,TEXT,HIGH,,UNVALIDATED,Official IDSP unique ID: MH/NAN/2023/45/1632,Nanded,VERBATIM_MATCH,Clean district text from source,Nanded,Dengue,CLEAN,Clean disease text,2023-09-20,2023-10-03,NORMAL,2023,45,9,September,Q3,2023,PARTIAL_YEAR,SEPARATE_OUTBREAK
MAHA-2023-W47-001,MH/RGD/2023/47/1683,2023,47,NCDC weekly outbreaks/2023/week47.pdf,13,47,MATCH,Maharashtra,Raigad,Raigad,Malaria,Malaria,3,1,Under Surveillance,24-11-23,2023-11-24,25-11-23,2023-11-25,2023-11-20,2023-11-26,TEXT,HIGH,,UNVALIDATED,Official IDSP unique ID: MH/RGD/2023/47/1683,Raigad,VERBATIM_MATCH,Clean district text from source,Raigad,Malaria,CLEAN,Clean disease text,2023-11-24,2023-11-25,NORMAL,2023,47,11,November,Q4,2023,PARTIAL_YEAR,NOT_FLAGGED
MAHA-2023-W47-002,MH/WAS/2023/47/1684,2023,47,NCDC weekly outbreaks/2023/week47.pdf,13,47,MATCH,Maharashtra,Akola,Akola,Dengue and Chikungunya,Dengue_Chikungunya,16,0,Under Surveillance,21-11-23,2023-11-21,21-11-23,2023-11-21,2023-11-20,2023-11-26,TEXT,HIGH,,UNVALIDATED,Official IDSP unique ID: MH/WAS/2023/47/1684,Akola,VERBATIM_MATCH,Clean district text from source,Akola,Dengue and Chikungunya,WHITESPACE_STANDARDIZED,Standardized broken whitespace in Chikungunya,2023-11-21,2023-11-21,NORMAL,2023,47,11,November,Q4,2023,PARTIAL_YEAR,UPDATED_OUTBREAK
MAHA-2023-W47-003,MH/WAS/2023/47/1685,2023,47,NCDC weekly outbreaks/2023/week47.pdf,14,47,MATCH,Maharashtra,Akola,Akola,Dengue and Chikungunya,Dengue_Chikungunya,20,0,Under Surveillance,21-11-23,2023-11-21,21-11-23,2023-11-21,2023-11-20,2023-11-26,TEXT,HIGH,,UNVALIDATED,Official IDSP unique ID: MH/WAS/2023/47/1685,Akola,VERBATIM_MATCH,Clean district text from source,Akola,Dengue and Chikungunya,WHITESPACE_STANDARDIZED,Standardized broken whitespace in Chikungunya,2023-11-21,2023-11-21,NORMAL,2023,47,11,November,Q4,2023,PARTIAL_YEAR,UPDATED_OUTBREAK
MAHA-2023-W47-004,MH/NAS/2023/47/1700,2023,47,NCDC weekly outbreaks/2023/week47.pdf,19,47,MATCH,Maharashtra,Nashik,Nashik,Dengue,Dengue,13,1,Under Surveillance,16-10-23,2023-10-16,16/10/2023,2023-10-16,2023-11-20,2023-11-26,TEXT,HIGH,,UNVALIDATED,Official IDSP unique ID: MH/NAS/2023/47/1700,Nashik,VERBATIM_MATCH,Clean district text from source,Nashik,Dengue,CLEAN,Clean disease text,2023-10-16,2023-10-16,NORMAL,2023,47,10,October,Q4,2023,PARTIAL_YEAR,NOT_FLAGGED
MAHA-2023-W48-001,MH/GAD/2023/48/1729,2023,48,NCDC weekly outbreaks/2023/week48.pdf,11,48,MATCH,Maharashtra,Gadchiroli,Gadchiroli,Malaria,Malaria,4,1,Under Control,11-11-23,2023-11-11,10-11-23,2023-11-10,2023-11-27,2023-12-03,TEXT,HIGH,,UNVALIDATED,Official IDSP unique ID: MH/GAD/2023/48/1729,Gadchiroli,VERBATIM_MATCH,Clean district text from source,Gadchiroli,Malaria,CLEAN,Clean disease text,2023-11-11,2023-11-10,OUTBREAK_DATE_AFTER_REPORT_DATE,2023,48,11,November,Q4,2023,PARTIAL_YEAR,SEPARATE_OUTBREAK
MAHA-2023-W49-001,MH/GAD/2023/49/1753,2023,49,NCDC weekly outbreaks/2023/week49.pdf,11,49,MATCH,Maharashtra,Gadchiroli,Gadchiroli,Malaria,Malaria,10,1,Under Surveillance,02-12-23,2023-12-02,05-12-23,2023-12-05,2023-12-04,2023-12-10,TEXT,HIGH,,UNVALIDATED,Official IDSP unique ID: MH/GAD/2023/49/1753,Gadchiroli,VERBATIM_MATCH,Clean district text from source,Gadchiroli,Malaria,CLEAN,Clean disease text,2023-12-02,2023-12-05,NORMAL,2023,49,12,December,Q4,2023,PARTIAL_YEAR,SEPARATE_OUTBREAK
MAHA-2023-W49-002,MH/NAN/2023/49/1754,2023,49,NCDC weekly outbreaks/2023/week49.pdf,11,49,MATCH,Maharashtra,Nanded,Nanded,Mumps,Mumps,7,0,Under Surveillance,06-12-23,2023-12-06,06-12-23,2023-12-06,2023-12-04,2023-12-10,TEXT,HIGH,,UNVALIDATED,Official IDSP unique ID: MH/NAN/2023/49/1754,Nanded,VERBATIM_MATCH,Clean district text from source,Nanded,Mumps,CLEAN,Clean disease text,2023-12-06,2023-12-06,NORMAL,2023,49,12,December,Q4,2023,PARTIAL_YEAR,NOT_FLAGGED
MAHA-2023-W49-003,MH/PNE/2023/49/1755,2023,49,NCDC weekly outbreaks/2023/week49.pdf,12,49,MATCH,Maharashtra,Pune,Pune,Dengue,Dengue,7,0,Under Control,07-11-23,2023-11-07,04-12-23,2023-12-04,2023-12-04,2023-12-10,TEXT,HIGH,,UNVALIDATED,Official IDSP unique ID: MH/PNE/2023/49/1755,Pune,VERBATIM_MATCH,Clean district text from source,Pune,Dengue,CLEAN,Clean disease text,2023-11-07,2023-12-04,NORMAL,2023,49,11,November,Q4,2023,PARTIAL_YEAR,SEPARATE_OUTBREAK
MAHA-2023-W49-004,MH/THN/2023/49/1756,2023,49,NCDC weekly outbreaks/2023/week49.pdf,12,49,MATCH,Maharashtra,Thane,Thane,Dengue,Dengue,8,1,Under Surveillance,30-11-23,2023-11-30,08-12-23,2023-12-08,2023-12-04,2023-12-10,TEXT,HIGH,,UNVALIDATED,Official IDSP unique ID: MH/THN/2023/49/1756,Thane,VERBATIM_MATCH,Clean district text from source,Thane,Dengue,CLEAN,Clean disease text,2023-11-30,2023-12-08,NORMAL,2023,49,11,November,Q4,2023,PARTIAL_YEAR,NOT_FLAGGED
MAHA-2023-W49-005,MH/PNE/2023/49/1766,2023,49,NCDC weekly outbreaks/2023/week49.pdf,15,49,MATCH,Maharashtra,Pune,Pune,Dengue,Dengue,7,0,Under Control,24-11-23,2023-11-24,29-11-23,2023-11-29,2023-12-04,2023-12-10,TEXT,HIGH,,UNVALIDATED,Official IDSP unique ID: MH/PNE/2023/49/1766,Pune,VERBATIM_MATCH,Clean district text from source,Pune,Dengue,CLEAN,Clean disease text,2023-11-24,2023-11-29,NORMAL,2023,49,11,November,Q4,2023,PARTIAL_YEAR,SEPARATE_OUTBREAK
MAHA-2023-W50-001,MH/AMR/2023/50/1789,2023,50,NCDC weekly outbreaks/2023/week50_1788952212.pdf,9,50,MATCH,Maharashtra,Amravati,Amravati,Malaria,Malaria,17,0,Under Surveillance,08-12-23,2023-12-08,11-12-23,2023-12-11,2023-12-11,2023-12-17,TEXT,HIGH,,UNVALIDATED,Official IDSP unique ID: MH/AMR/2023/50/1789,Amravati,VERBATIM_MATCH,Clean district text from source,Amravati,Malaria,CLEAN,Clean disease text,2023-12-08,2023-12-11,NORMAL,2023,50,12,December,Q4,2023,PARTIAL_YEAR,NOT_FLAGGED
MAHA-2023-W50-002,MH/AGB/2023/50/1790,2023,50,NCDC weekly outbreaks/2023/week50_1788952212.pdf,10,50,MATCH,Maharashtra,Aurangabad,Aurangabad,Acute Diarrheal Disease,Acute_Diarrheal_Disease,40,0,Under Control,15-12-23,2023-12-15,16-12-23,2023-12-16,2023-12-11,2023-12-17,TEXT,HIGH,,UNVALIDATED,Official IDSP unique ID: MH/AGB/2023/50/1790,Aurangabad,VERBATIM_MATCH,Clean district text from source,Aurangabad,Acute Diarrheal Disease,CLEAN,Clean disease text,2023-12-15,2023-12-16,NORMAL,2023,50,12,December,Q4,2023,PARTIAL_YEAR,NOT_FLAGGED
MAHA-2023-W50-003,MH/GAD/2023/50/1791,2023,50,NCDC weekly outbreaks/2023/week50_1788952212.pdf,10,50,MATCH,Maharashtra,Chandrapur,Chandrapur,Malaria,Malaria,6,1,Under Control,09-12-23,2023-12-09,12-12-23,2023-12-12,2023-12-11,2023-12-17,TEXT,HIGH,,UNVALIDATED,Official IDSP unique ID: MH/GAD/2023/50/1791,Chandrapur,WHITESPACE_ARTIFACT_RESOLVED,Whitespace artifact resolved: Chandrapu r -> Chandrapur,Chandrapur,Malaria,CLEAN,Clean disease text,2023-12-09,2023-12-12,NORMAL,2023,50,12,December,Q4,2023,PARTIAL_YEAR,NOT_FLAGGED
MAHA-2023-W50-004,MH/PLR/2023/50/1792,2023,50,NCDC weekly outbreaks/2023/week50_1788952212.pdf,10,50,MATCH,Maharashtra,Palghar,Palghar,Dengue,Dengue,7,1,Under Surveillance,11-12-23,2023-12-11,11-12-23,2023-12-11,2023-12-11,2023-12-17,TEXT,HIGH,,UNVALIDATED,Official IDSP unique ID: MH/PLR/2023/50/1792,Palghar,VERBATIM_MATCH,Clean district text from source,Palghar,Dengue,CLEAN,Clean disease text,2023-12-11,2023-12-11,NORMAL,2023,50,12,December,Q4,2023,PARTIAL_YEAR,NOT_FLAGGED
MAHA-2023-W50-005,MH/NAS/2023/50/1801,2023,50,NCDC weekly outbreaks/2023/week50_1788952212.pdf,13,50,MATCH,Maharashtra,Nashik,Nashik,Zika Virus,Zika_Virus,1,0,Under Surveillance,29-11-23,2023-11-29,01-12-23,2023-12-01,2023-12-11,2023-12-17,TEXT,HIGH,,UNVALIDATED,Official IDSP unique ID: MH/NAS/2023/50/1801,Nashik,VERBATIM_MATCH,Clean district text from source,Nashik,Zika Virus,CLEAN,Clean disease text,2023-11-29,2023-12-01,NORMAL,2023,50,11,November,Q4,2023,PARTIAL_YEAR,NOT_FLAGGED
MAHA-2024-W01-001,MH/GAD/2024/01/15,2024,1,NCDC weekly outbreaks/2024/week1_1788951246.pdf,8,01,MATCH,Maharashtra,Chandrapur,Chandrapur,Malaria,Malaria,191,1,Under Control,04-01-24,2024-01-04,04-01-24,2024-01-04,2024-01-01,2024-01-07,TEXT,HIGH,,UNVALIDATED,Official IDSP unique ID: MH/GAD/2024/01/15,Chandrapur,WHITESPACE_ARTIFACT_RESOLVED,Whitespace artifact resolved: Chandrapu r -> Chandrapur,Chandrapur,Malaria,CLEAN,Clean disease text,2024-01-04,2024-01-04,NORMAL,2024,1,1,January,Q1,2024,COMPLETE_YEAR,NOT_FLAGGED
MAHA-2024-W01-002,MH/GAD/2024/01/16,2024,1,NCDC weekly outbreaks/2024/week1_1788951246.pdf,8,01,MATCH,Maharashtra,Gadchiroli,Gadchiroli,Malaria,Malaria,385,1,Under Control,27-12-2023,2023-12-27,01-01-24,2024-01-01,2024-01-01,2024-01-07,TEXT,HIGH,,UNVALIDATED,Official IDSP unique ID: MH/GAD/2024/01/16,Gadchiroli,VERBATIM_MATCH,Clean district text from source,Gadchiroli,Malaria,CLEAN,Clean disease text,2023-12-27,2024-01-01,NORMAL,2024,1,12,December,Q4,2024,COMPLETE_YEAR,NOT_FLAGGED
MAHA-2024-W01-003,MH/GOD/2024/01/17,2024,1,NCDC weekly outbreaks/2024/week1_1788951246.pdf,9,01,MATCH,Maharashtra,Gondia,Gondia,Malaria,Malaria,28,0,Under Control,29-12-2023,2023-12-29,01-01-24,2024-01-01,2024-01-01,2024-01-07,TEXT,HIGH,,UNVALIDATED,Official IDSP unique ID: MH/GOD/2024/01/17,Gondia,VERBATIM_MATCH,Clean district text from source,Gondia,Malaria,CLEAN,Clean disease text,2023-12-29,2024-01-01,NORMAL,2024,1,12,December,Q4,2024,COMPLETE_YEAR,NOT_FLAGGED
MAHA-2024-W01-004,MH/KOP/2024/01/18,2024,1,NCDC weekly outbreaks/2024/week1_1788951246.pdf,9,01,MATCH,Maharashtra,Kolhapur,Kolhapur,Hepatitis-A,Hepatitis,9,0,Under Surveillance,05-01-24,2024-01-05,05-01-24,2024-01-05,2024-01-01,2024-01-07,TEXT,HIGH,,UNVALIDATED,Official IDSP unique ID: MH/KOP/2024/01/18,Kolhapur,VERBATIM_MATCH,Clean district text from source,Kolhapur,Hepatitis-A,CLEAN,Clean disease text,2024-01-05,2024-01-05,NORMAL,2024,1,1,January,Q1,2024,COMPLETE_YEAR,SEPARATE_OUTBREAK
MAHA-2024-W01-005,MH/KOP/2024/01/19,2024,1,NCDC weekly outbreaks/2024/week1_1788951246.pdf,9,01,MATCH,Maharashtra,Kolhapur,Kolhapur,Food Poisoning,Food_Poisoning,106,0,Under Control,03-01-24,2024-01-03,03-01-24,2024-01-03,2024-01-01,2024-01-07,TEXT,HIGH,,UNVALIDATED,Official IDSP unique ID: MH/KOP/2024/01/19,Kolhapur,VERBATIM_MATCH,Clean district text from source,Kolhapur,Food Poisoning,WHITESPACE_STANDARDIZED,Standardized capitalization: Food poisoning -> Food Poisoning,2024-01-03,2024-01-03,NORMAL,2024,1,1,January,Q1,2024,COMPLETE_YEAR,NOT_FLAGGED
MAHA-2024-W01-006,MH/NAG/2024/01/20,2024,1,NCDC weekly outbreaks/2024/week1_1788951246.pdf,10,01,MATCH,Maharashtra,Nagpur,Nagpur,Scrub Typhus,Scrub_Typhus,9,1,Under Control,02-01-24,2024-01-02,04-01-24,2024-01-04,2024-01-01,2024-01-07,TEXT,HIGH,,UNVALIDATED,Official IDSP unique ID: MH/NAG/2024/01/20,Nagpur,VERBATIM_MATCH,Clean district text from source,Nagpur,Scrub Typhus,CLEAN,Clean disease text,2024-01-02,2024-01-04,NORMAL,2024,1,1,January,Q1,2024,COMPLETE_YEAR,NOT_FLAGGED
MAHA-2024-W01-007,MH/PLR/2024/01/21,2024,1,NCDC weekly outbreaks/2024/week1_1788951246.pdf,10,01,MATCH,Maharashtra,Palghar,Palghar,Dengue & Chikungunya,Dengue_Chikungunya,9,0,Under Surveillance,07-01-24,2024-01-07,07-01-24,2024-01-07,2024-01-01,2024-01-07,TEXT,HIGH,,UNVALIDATED,Official IDSP unique ID: MH/PLR/2024/01/21,Palghar,VERBATIM_MATCH,Clean district text from source,Palghar,Dengue & Chikungunya,WHITESPACE_STANDARDIZED,Standardized broken whitespace in Chikungunya,2024-01-07,2024-01-07,NORMAL,2024,1,1,January,Q1,2024,COMPLETE_YEAR,NOT_FLAGGED
MAHA-2024-W02-001,MH/KOP/2024/02/45,2024,2,NCDC weekly outbreaks/2024/week2_1788951271.pdf,9,02,MATCH,Maharashtra,Kolhapur,Kolhapur,Hepatitis A,Hepatitis,42,0,Under Surveillance,12-01-2024,2024-01-12,12-01-2024,2024-01-12,2024-01-08,2024-01-14,TEXT,HIGH,,UNVALIDATED,Official IDSP unique ID: MH/KOP/2024/02/45,Kolhapur,VERBATIM_MATCH,Clean district text from source,Kolhapur,Hepatitis A,CLEAN,Clean disease text,2024-01-12,2024-01-12,NORMAL,2024,2,1,January,Q1,2024,COMPLETE_YEAR,SEPARATE_OUTBREAK
MAHA-2024-W03-001,MH/THN/2024/03/0568,2024,3,NCDC weekly outbreaks/2024/week3_1788951287.pdf,9,03,MATCH,Maharashtra,Thane,Thane,Dengue,Dengue,5,1,Under Surveillance,12-01-2024,2024-01-12,16-01-2024,2024-01-16,2024-01-15,2024-01-21,TEXT,HIGH,,UNVALIDATED,Official IDSP unique ID: MH/THN/2024/03/0568,Thane,VERBATIM_MATCH,Clean district text from source,Thane,Dengue,CLEAN,Clean disease text,2024-01-12,2024-01-16,NORMAL,2024,3,1,January,Q1,2024,COMPLETE_YEAR,SEPARATE_OUTBREAK
MAHA-2024-W03-002,MH/BNR/2024/03/081,2024,3,NCDC weekly outbreaks/2024/week3_1788951287.pdf,14,03,MATCH,Maharashtra,Bhandara,Bhandara,Acute Diarrheal Disease,Acute_Diarrheal_Disease,29,0,Under Surveillance,09-01-2024,2024-01-09,,,2024-01-15,2024-01-21,TEXT,HIGH,,UNVALIDATED,Official IDSP unique ID: MH/BNR/2024/03/081,Bhandara,VERBATIM_MATCH,Clean district text from source,Bhandara,Acute Diarrheal Disease,CLEAN,Clean disease text,2024-01-09,,REPORT_DATE_MISSING,2024,3,1,January,Q1,2024,COMPLETE_YEAR,NOT_FLAGGED
MAHA-2024-W03-003,MH/THN/2024/03/082,2024,3,NCDC weekly outbreaks/2024/week3_1788951287.pdf,15,03,MATCH,Maharashtra,Thane,Thane,Dengue,Dengue,13,0,Under Surveillance,29-12-2023,2023-12-29,,,2024-01-15,2024-01-21,TEXT,HIGH,,UNVALIDATED,Official IDSP unique ID: MH/THN/2024/03/082,Thane,VERBATIM_MATCH,Clean district text from source,Thane,Dengue,CLEAN,Clean disease text,2023-12-29,,REPORT_DATE_MISSING,2024,3,12,December,Q4,2024,COMPLETE_YEAR,SEPARATE_OUTBREAK
MAHA-2024-W04-001,MH/BUL/2024/04/098,2024,4,NCDC weekly outbreaks/2024/week4_1788951299.pdf,8,04,MATCH,Maharashtra,Buldhana,Buldhana,Mumps,Mumps,5,0,Under Surveillance,25-01-2024,2024-01-25,25-01-2024,2024-01-25,2024-01-22,2024-01-28,TEXT,HIGH,,UNVALIDATED,Official IDSP unique ID: MH/BUL/2024/04/098,Buldhana,VERBATIM_MATCH,Clean district text from source,Buldhana,Mumps,CLEAN,Clean disease text,2024-01-25,2024-01-25,NORMAL,2024,4,1,January,Q1,2024,COMPLETE_YEAR,NOT_FLAGGED
MAHA-2024-W04-002,MH/PLR/2024/04/099,2024,4,NCDC weekly outbreaks/2024/week4_1788951299.pdf,8,04,MATCH,Maharashtra,Palghar,Palghar,Dengue,Dengue,16,0,Under Surveillance,24-01-2024,2024-01-24,24-01-2024,2024-01-24,2024-01-22,2024-01-28,TEXT,HIGH,,UNVALIDATED,Official IDSP unique ID: MH/PLR/2024/04/099,Palghar,VERBATIM_MATCH,Clean district text from source,Palghar,Dengue,CLEAN,Clean disease text,2024-01-24,2024-01-24,NORMAL,2024,4,1,January,Q1,2024,COMPLETE_YEAR,NOT_FLAGGED
MAHA-2024-W05-001,MH/KOP/2024/05/135,2024,5,NCDC weekly outbreaks/2024/week5_1788951308.pdf,11,05,MATCH,Maharashtra,Kolhapur,Kolhapur,Hepatitis A&E,Hepatitis,101,0,Under Surveillance,03-02-2024,2024-02-03,03-02-2024,2024-02-03,2024-01-29,2024-02-04,TEXT,HIGH,,UNVALIDATED,Official IDSP unique ID: MH/KOP/2024/05/135,Kolhapur,VERBATIM_MATCH,Clean district text from source,Kolhapur,Hepatitis A&E,CLEAN,Clean disease text,2024-02-03,2024-02-03,NORMAL,2024,5,2,February,Q1,2024,COMPLETE_YEAR,SEPARATE_OUTBREAK
MAHA-2024-W05-002,MH/THN/2024/05/136,2024,5,NCDC weekly outbreaks/2024/week5_1788951308.pdf,11,05,MATCH,Maharashtra,Thane,Thane,Acute Diarrheal Disease,Acute_Diarrheal_Disease,110,0,Under Surveillance,31-01-2024,2024-01-31,31-01-2024,2024-01-31,2024-01-29,2024-02-04,TEXT,HIGH,,UNVALIDATED,Official IDSP unique ID: MH/THN/2024/05/136,Thane,VERBATIM_MATCH,Clean district text from source,Thane,Acute Diarrheal Disease,CLEAN,Clean disease text,2024-01-31,2024-01-31,NORMAL,2024,5,1,January,Q1,2024,COMPLETE_YEAR,NOT_FLAGGED
MAHA-2024-W06-001,MH/NAN/2024/06/183,2024,6,NCDC weekly outbreaks/2024/week6_1788951327.pdf,10,06,MATCH,Maharashtra,Nanded,Nanded,Acute Diarrheal Disease,Acute_Diarrheal_Disease,1000,0,Under Control,07-02-2024,2024-02-07,07-02-2024,2024-02-07,2024-02-05,2024-02-11,TEXT,HIGH,,UNVALIDATED,Official IDSP unique ID: MH/NAN/2024/06/183,Nanded,VERBATIM_MATCH,Clean district text from source,Nanded,Acute Diarrheal Disease,CLEAN,Clean disease text,2024-02-07,2024-02-07,NORMAL,2024,6,2,February,Q1,2024,COMPLETE_YEAR,NOT_FLAGGED
MAHA-2024-W06-002,MH/OSM/2024/06/184,2024,6,NCDC weekly outbreaks/2024/week6_1788951327.pdf,10,06,MATCH,Maharashtra,Osmanabad,Osmanabad,Dengue,Dengue,9,0,Under Surveillance,07-02-2024,2024-02-07,07-02-2024,2024-02-07,2024-02-05,2024-02-11,TEXT,HIGH,,UNVALIDATED,Official IDSP unique ID: MH/OSM/2024/06/184,Osmanabad,VERBATIM_MATCH,Clean district text from source,Osmanabad,Dengue,CLEAN,Clean disease text,2024-02-07,2024-02-07,NORMAL,2024,6,2,February,Q1,2024,COMPLETE_YEAR,NOT_FLAGGED
MAHA-2024-W06-003,MH/OSM/2024/06/185,2024,6,NCDC weekly outbreaks/2024/week6_1788951327.pdf,10,06,MATCH,Maharashtra,Osmanabad,Osmanabad,Acute Diarrheal Disease,Acute_Diarrheal_Disease,27,0,Under Control,07-02-2024,2024-02-07,07-02-2024,2024-02-07,2024-02-05,2024-02-11,TEXT,HIGH,,UNVALIDATED,Official IDSP unique ID: MH/OSM/2024/06/185,Osmanabad,VERBATIM_MATCH,Clean district text from source,Osmanabad,Acute Diarrheal Disease,CLEAN,Clean disease text,2024-02-07,2024-02-07,NORMAL,2024,6,2,February,Q1,2024,COMPLETE_YEAR,NOT_FLAGGED
MAHA-2024-W06-004,MH/PRB/2024/06/186,2024,6,NCDC weekly outbreaks/2024/week6_1788951327.pdf,11,06,MATCH,Maharashtra,Parbhani,Parbhani,Food Poisoning,Food_Poisoning,19,0,Under Control,07-02-2024,2024-02-07,09-02-2024,2024-02-09,2024-02-05,2024-02-11,TEXT,HIGH,,UNVALIDATED,Official IDSP unique ID: MH/PRB/2024/06/186,Parbhani,VERBATIM_MATCH,Clean district text from source,Parbhani,Food Poisoning,WHITESPACE_STANDARDIZED,Standardized capitalization: Food poisoning -> Food Poisoning,2024-02-07,2024-02-09,NORMAL,2024,6,2,February,Q1,2024,COMPLETE_YEAR,UPDATED_OUTBREAK
MAHA-2024-W06-005,MH/PRB/2024/06/187,2024,6,NCDC weekly outbreaks/2024/week6_1788951327.pdf,11,06,MATCH,Maharashtra,Parbhani,Parbhani,Food Poisoning,Food_Poisoning,629,0,Under Control,07-02-2024,2024-02-07,09-02-2024,2024-02-09,2024-02-05,2024-02-11,TEXT,HIGH,,UNVALIDATED,Official IDSP unique ID: MH/PRB/2024/06/187,Parbhani,VERBATIM_MATCH,Clean district text from source,Parbhani,Food Poisoning,WHITESPACE_STANDARDIZED,Standardized capitalization: Food poisoning -> Food Poisoning,2024-02-07,2024-02-09,NORMAL,2024,6,2,February,Q1,2024,COMPLETE_YEAR,UPDATED_OUTBREAK
MAHA-2024-W06-006,MH/PRB/2024/06/188,2024,6,NCDC weekly outbreaks/2024/week6_1788951327.pdf,11,06,MATCH,Maharashtra,Parbhani,Parbhani,Food Poisoning,Food_Poisoning,335,0,Under Control,07-02-2024,2024-02-07,09-02-2024,2024-02-09,2024-02-05,2024-02-11,TEXT,HIGH,,UNVALIDATED,Official IDSP unique ID: MH/PRB/2024/06/188,Parbhani,VERBATIM_MATCH,Clean district text from source,Parbhani,Food Poisoning,WHITESPACE_STANDARDIZED,Standardized capitalization: Food poisoning -> Food Poisoning,2024-02-07,2024-02-09,NORMAL,2024,6,2,February,Q1,2024,COMPLETE_YEAR,UPDATED_OUTBREAK
MAHA-2024-W07-001,MH/OSM/2024/07/226,2024,7,NCDC weekly outbreaks/2024/week7_1788951339.pdf,13,07,MATCH,Maharashtra,Beed,Beed,Malaria,Malaria,9,0,Under Control,15-02-2024,2024-02-15,15-02-2024,2024-02-15,2024-02-12,2024-02-18,TEXT,HIGH,,UNVALIDATED,Official IDSP unique ID: MH/OSM/2024/07/226,Beed,VERBATIM_MATCH,Clean district text from source,Beed,Malaria,CLEAN,Clean disease text,2024-02-15,2024-02-15,NORMAL,2024,7,2,February,Q1,2024,COMPLETE_YEAR,NOT_FLAGGED
MAHA-2024-W07-002,MH/RGD/2024/07/227,2024,7,NCDC weekly outbreaks/2024/week7_1788951339.pdf,13,07,MATCH,Maharashtra,Raigad,Raigad,Dengue,Dengue,6,1,Under Surveillance,14-02-2024,2024-02-14,18-02-2024,2024-02-18,2024-02-12,2024-02-18,TEXT,HIGH,,UNVALIDATED,Official IDSP unique ID: MH/RGD/2024/07/227,Raigad,VERBATIM_MATCH,Clean district text from source,Raigad,Dengue,CLEAN,Clean disease text,2024-02-14,2024-02-18,NORMAL,2024,7,2,February,Q1,2024,COMPLETE_YEAR,NOT_FLAGGED
MAHA-2024-W07-003,MH/THN/2024/07/228,2024,7,NCDC weekly outbreaks/2024/week7_1788951339.pdf,14,07,MATCH,Maharashtra,Thane,Thane,Malaria,Malaria,5,1,Under Surveillance,08-02-2024,2024-02-08,14-02-2024,2024-02-14,2024-02-12,2024-02-18,TEXT,HIGH,,UNVALIDATED,Official IDSP unique ID: MH/THN/2024/07/228,Thane,VERBATIM_MATCH,Clean district text from source,Thane,Malaria,CLEAN,Clean disease text,2024-02-08,2024-02-14,NORMAL,2024,7,2,February,Q1,2024,COMPLETE_YEAR,NOT_FLAGGED
MAHA-2024-W08-001,MH/BUL/2024/08/262,2024,8,NCDC weekly outbreaks/2024/week8_1788951359.pdf,9,08,MATCH,Maharashtra,Buldhana,Buldhana,Food Poisoning,Food_Poisoning,208,0,Under Control,20-02-2024,2024-02-20,22-02-2024,2024-02-22,2024-02-19,2024-02-25,TEXT,HIGH,,UNVALIDATED,Official IDSP unique ID: MH/BUL/2024/08/262,Buldhana,VERBATIM_MATCH,Clean district text from source,Buldhana,Food Poisoning,WHITESPACE_STANDARDIZED,Standardized capitalization: Food poisoning -> Food Poisoning,2024-02-20,2024-02-22,NORMAL,2024,8,2,February,Q1,2024,COMPLETE_YEAR,NOT_FLAGGED
MAHA-2024-W08-002,MH/NDB/2024/08/263,2024,8,NCDC weekly outbreaks/2024/week8_1788951359.pdf,10,08,MATCH,Maharashtra,Nandurbar,Nandurbar,Acute Diarrheal Disease,Acute_Diarrheal_Disease,193,0,Under Surveillance,21-02-2024,2024-02-21,23-02-2024,2024-02-23,2024-02-19,2024-02-25,TEXT,HIGH,,UNVALIDATED,Official IDSP unique ID: MH/NDB/2024/08/263,Nandurbar,VERBATIM_MATCH,Clean district text from source,Nandurbar,Acute Diarrheal Disease,CLEAN,Clean disease text,2024-02-21,2024-02-23,NORMAL,2024,8,2,February,Q1,2024,COMPLETE_YEAR,SEPARATE_OUTBREAK
MAHA-2024-W08-003,MH/YVT/2024/08/264,2024,8,NCDC weekly outbreaks/2024/week8_1788951359.pdf,10,08,MATCH,Maharashtra,Yavatmal,Yavatmal,Food Poisoning,Food_Poisoning,68,0,Under Control,20-02-2024,2024-02-20,20-02-2024,2024-02-20,2024-02-19,2024-02-25,TEXT,HIGH,,UNVALIDATED,Official IDSP unique ID: MH/YVT/2024/08/264,Yavatmal,VERBATIM_MATCH,Clean district text from source,Yavatmal,Food Poisoning,WHITESPACE_STANDARDIZED,Standardized capitalization: Food poisoning -> Food Poisoning,2024-02-20,2024-02-20,NORMAL,2024,8,2,February,Q1,2024,COMPLETE_YEAR,NOT_FLAGGED
MAHA-2024-W09-001,MH/AMN/2024/09/326,2024,9,NCDC weekly outbreaks/2024/week9_1788951370.pdf,16,09,MATCH,Maharashtra,Ahmednagar,Ahmednagar,Acute Diarrheal Disease,Acute_Diarrheal_Disease,122,0,Under Surveillance,29-02-2024,2024-02-29,29-02-2024,2024-02-29,2024-02-26,2024-03-03,TEXT,HIGH,,UNVALIDATED,Official IDSP unique ID: MH/AMN/2024/09/326,Ahmednagar,VERBATIM_MATCH,Clean district text from source,Ahmednagar,Acute Diarrheal Disease,CLEAN,Clean disease text,2024-02-29,2024-02-29,NORMAL,2024,9,2,February,Q1,2024,COMPLETE_YEAR,NOT_FLAGGED
MAHA-2024-W09-002,MH/AKL/2024/09/327,2024,9,NCDC weekly outbreaks/2024/week9_1788951370.pdf,16,09,MATCH,Maharashtra,Akola,Akola,Acute Diarrheal Disease,Acute_Diarrheal_Disease,10,0,Under Surveillance,27-02-2024,2024-02-27,28-02-2024,2024-02-28,2024-02-26,2024-03-03,TEXT,HIGH,,UNVALIDATED,Official IDSP unique ID: MH/AKL/2024/09/327,Akola,VERBATIM_MATCH,Clean district text from source,Akola,Acute Diarrheal Disease,CLEAN,Clean disease text,2024-02-27,2024-02-28,NORMAL,2024,9,2,February,Q1,2024,COMPLETE_YEAR,NOT_FLAGGED
MAHA-2024-W09-003,MH/PLR/2024/09/328,2024,9,NCDC weekly outbreaks/2024/week9_1788951370.pdf,17,09,MATCH,Maharashtra,Palghar,Palghar,Acute Diarrheal Disease,Acute_Diarrheal_Disease,15,0,Under Surveillance,01-03-2024,2024-03-01,01-03-2024,2024-03-01,2024-02-26,2024-03-03,TEXT,HIGH,,UNVALIDATED,Official IDSP unique ID: MH/PLR/2024/09/328,Palghar,VERBATIM_MATCH,Clean district text from source,Palghar,Acute Diarrheal Disease,CLEAN,Clean disease text,2024-03-01,2024-03-01,NORMAL,2024,9,3,March,Q1,2024,COMPLETE_YEAR,NOT_FLAGGED
MAHA-2024-W10-001,MH/DHL/2024/10/360,2024,10,NCDC weekly outbreaks/2024/week10_1788951380.pdf,7,10,MATCH,Maharashtra,Dhule,Dhule,Food Poisoning,Food_Poisoning,25,0,Under Surveillance,09-03-2024,2024-03-09,09-03-2024,2024-03-09,2024-03-04,2024-03-10,TEXT,HIGH,,UNVALIDATED,Official IDSP unique ID: MH/DHL/2024/10/360,Dhule,VERBATIM_MATCH,Clean district text from source,Dhule,Food Poisoning,WHITESPACE_STANDARDIZED,Standardized capitalization: Food poisoning -> Food Poisoning,2024-03-09,2024-03-09,NORMAL,2024,10,3,March,Q1,2024,COMPLETE_YEAR,NOT_FLAGGED
MAHA-2024-W10-002,MH/HIN/2024/10/361,2024,10,NCDC weekly outbreaks/2024/week10_1788951380.pdf,7,10,MATCH,Maharashtra,Hingoli,Hingoli,Acute Diarrheal Disease,Acute_Diarrheal_Disease,21,0,Under Surveillance,08-03-2024,2024-03-08,10-03-2024,2024-03-10,2024-03-04,2024-03-10,TEXT,HIGH,,UNVALIDATED,Official IDSP unique ID: MH/HIN/2024/10/361,Hingoli,VERBATIM_MATCH,Clean district text from source,Hingoli,Acute Diarrheal Disease,CLEAN,Clean disease text,2024-03-08,2024-03-10,NORMAL,2024,10,3,March,Q1,2024,COMPLETE_YEAR,NOT_FLAGGED
MAHA-2024-W10-003,MH/KOP/2024/10/362,2024,10,NCDC weekly outbreaks/2024/week10_1788951380.pdf,8,10,MATCH,Maharashtra,Kolhapur,Kolhapur,Hepatitis A,Hepatitis,22,0,Under Surveillance,05-03-2024,2024-03-05,06-03-2024,2024-03-06,2024-03-04,2024-03-10,TEXT,HIGH,,UNVALIDATED,Official IDSP unique ID: MH/KOP/2024/10/362,Kolhapur,VERBATIM_MATCH,Clean district text from source,Kolhapur,Hepatitis A,CLEAN,Clean disease text,2024-03-05,2024-03-06,NORMAL,2024,10,3,March,Q1,2024,COMPLETE_YEAR,NOT_FLAGGED
MAHA-2024-W10-004,MH/LTR/2024/10/363,2024,10,NCDC weekly outbreaks/2024/week10_1788951380.pdf,8,10,MATCH,Maharashtra,Latur,Latur,Food Poisoning,Food_Poisoning,48,0,Under Control,08-03-2024,2024-03-08,10-03-2024,2024-03-10,2024-03-04,2024-03-10,TEXT,HIGH,,UNVALIDATED,Official IDSP unique ID: MH/LTR/2024/10/363,Latur,VERBATIM_MATCH,Clean district text from source,Latur,Food Poisoning,WHITESPACE_STANDARDIZED,Standardized capitalization: Food poisoning -> Food Poisoning,2024-03-08,2024-03-10,NORMAL,2024,10,3,March,Q1,2024,COMPLETE_YEAR,NOT_FLAGGED
MAHA-2024-W10-005,MH/NDB/2024/10/364,2024,10,NCDC weekly outbreaks/2024/week10_1788951380.pdf,8,10,MATCH,Maharashtra,Nandurbar,Nandurbar,Acute Diarrheal Disease,Acute_Diarrheal_Disease,18,0,Under Surveillance,09-03-2024,2024-03-09,09-03-2024,2024-03-09,2024-03-04,2024-03-10,TEXT,HIGH,,UNVALIDATED,Official IDSP unique ID: MH/NDB/2024/10/364,Nandurbar,VERBATIM_MATCH,Clean district text from source,Nandurbar,Acute Diarrheal Disease,CLEAN,Clean disease text,2024-03-09,2024-03-09,NORMAL,2024,10,3,March,Q1,2024,COMPLETE_YEAR,SEPARATE_OUTBREAK
MAHA-2024-W10-006,MH/NDB/2024/10/365,2024,10,NCDC weekly outbreaks/2024/week10_1788951380.pdf,8,10,MATCH,Maharashtra,Nandurbar,Nandurbar,Acute Diarrheal Disease,Acute_Diarrheal_Disease,76,0,Under Surveillance,08-03-2024,2024-03-08,08-03-2024,2024-03-08,2024-03-04,2024-03-10,TEXT,HIGH,,UNVALIDATED,Official IDSP unique ID: MH/NDB/2024/10/365,Nandurbar,VERBATIM_MATCH,Clean district text from source,Nandurbar,Acute Diarrheal Disease,CLEAN,Clean disease text,2024-03-08,2024-03-08,NORMAL,2024,10,3,March,Q1,2024,COMPLETE_YEAR,SEPARATE_OUTBREAK
MAHA-2024-W10-007,MH/SIN/2024/10/366,2024,10,NCDC weekly outbreaks/2024/week10_1788951380.pdf,9,10,MATCH,Maharashtra,Sindhudurg,Sindhudurg,Acute Diarrheal Disease,Acute_Diarrheal_Disease,146,0,Under Surveillance,08-03-2024,2024-03-08,08-03-2024,2024-03-08,2024-03-04,2024-03-10,TEXT,HIGH,,UNVALIDATED,Official IDSP unique ID: MH/SIN/2024/10/366,Sindhudurg,WHITESPACE_ARTIFACT_RESOLVED,Whitespace artifact resolved: Sindhudur g -> Sindhudurg,Sindhudurg,Acute Diarrheal Disease,CLEAN,Clean disease text,2024-03-08,2024-03-08,NORMAL,2024,10,3,March,Q1,2024,COMPLETE_YEAR,NOT_FLAGGED
MAHA-2024-W11-001,MH/AMR/2024/11/426,2024,11,NCDC weekly outbreaks/2024/week11_1788951396.pdf,15,11,MATCH,Maharashtra,Amravati,Amravati,Malaria,Malaria,64,0,Under Surveillance,12-03-2024,2024-03-12,13-03-2024,2024-03-13,2024-03-11,2024-03-17,TEXT,HIGH,,UNVALIDATED,Official IDSP unique ID: MH/AMR/2024/11/426,Amravati,VERBATIM_MATCH,Clean district text from source,Amravati,Malaria,CLEAN,Clean disease text,2024-03-12,2024-03-13,NORMAL,2024,11,3,March,Q1,2024,COMPLETE_YEAR,NOT_FLAGGED
MAHA-2024-W11-002,MH/DHL/2024/11/427,2024,11,NCDC weekly outbreaks/2024/week11_1788951396.pdf,15,11,MATCH,Maharashtra,Dhule,Dhule,Acute Diarrheal Disease,Acute_Diarrheal_Disease,118,0,Under Surveillance,14-03-2024,2024-03-14,15-03-2024,2024-03-15,2024-03-11,2024-03-17,TEXT,HIGH,,UNVALIDATED,Official IDSP unique ID: MH/DHL/2024/11/427,Dhule,VERBATIM_MATCH,Clean district text from source,Dhule,Acute Diarrheal Disease,CLEAN,Clean disease text,2024-03-14,2024-03-15,NORMAL,2024,11,3,March,Q1,2024,COMPLETE_YEAR,NOT_FLAGGED
MAHA-2024-W11-003,MH/GAD/2024/11/428,2024,11,NCDC weekly outbreaks/2024/week11_1788951396.pdf,16,11,MATCH,Maharashtra,Gadchiroli,Gadchiroli,Malaria,Malaria,34,1,Under Control,13-03-2024,2024-03-13,13-03-2024,2024-03-13,2024-03-11,2024-03-17,TEXT,HIGH,,UNVALIDATED,Official IDSP unique ID: MH/GAD/2024/11/428,Gadchiroli,VERBATIM_MATCH,Clean district text from source,Gadchiroli,Malaria,CLEAN,Clean disease text,2024-03-13,2024-03-13,NORMAL,2024,11,3,March,Q1,2024,COMPLETE_YEAR,SEPARATE_OUTBREAK
MAHA-2024-W11-004,MH/GAD/2024/11/429,2024,11,NCDC weekly outbreaks/2024/week11_1788951396.pdf,16,11,MATCH,Maharashtra,Gadchiroli,Gadchiroli,Malaria,Malaria,249,1,Under Control,09-03-2024,2024-03-09,11-03-2024,2024-03-11,2024-03-11,2024-03-17,TEXT,HIGH,,UNVALIDATED,Official IDSP unique ID: MH/GAD/2024/11/429,Gadchiroli,VERBATIM_MATCH,Clean district text from source,Gadchiroli,Malaria,CLEAN,Clean disease text,2024-03-09,2024-03-11,NORMAL,2024,11,3,March,Q1,2024,COMPLETE_YEAR,SEPARATE_OUTBREAK
MAHA-2024-W11-005,MH/JLN/2024/11/430,2024,11,NCDC weekly outbreaks/2024/week11_1788951396.pdf,16,11,MATCH,Maharashtra,Jalna,Jalna,Acute Diarrheal Disease,Acute_Diarrheal_Disease,33,0,Under Control,09-03-2024,2024-03-09,12-03-2024,2024-03-12,2024-03-11,2024-03-17,TEXT,HIGH,,UNVALIDATED,Official IDSP unique ID: MH/JLN/2024/11/430,Jalna,VERBATIM_MATCH,Clean district text from source,Jalna,Acute Diarrheal Disease,CLEAN,Clean disease text,2024-03-09,2024-03-12,NORMAL,2024,11,3,March,Q1,2024,COMPLETE_YEAR,NOT_FLAGGED
MAHA-2024-W11-006,MH/KOP/2024/11/431,2024,11,NCDC weekly outbreaks/2024/week11_1788951396.pdf,17,11,MATCH,Maharashtra,Kolhapur,Kolhapur,Acute Diarrheal Disease,Acute_Diarrheal_Disease,41,0,Under Surveillance,14-03-2024,2024-03-14,14-03-2024,2024-03-14,2024-03-11,2024-03-17,TEXT,HIGH,,UNVALIDATED,Official IDSP unique ID: MH/KOP/2024/11/431,Kolhapur,VERBATIM_MATCH,Clean district text from source,Kolhapur,Acute Diarrheal Disease,CLEAN,Clean disease text,2024-03-14,2024-03-14,NORMAL,2024,11,3,March,Q1,2024,COMPLETE_YEAR,NOT_FLAGGED
MAHA-2024-W11-007,MH/LTR/2024/11/432,2024,11,NCDC weekly outbreaks/2024/week11_1788951396.pdf,17,11,MATCH,Maharashtra,Latur,Latur,Dengue,Dengue,5,0,Under Surveillance,15-03-2024,2024-03-15,15-03-2024,2024-03-15,2024-03-11,2024-03-17,TEXT,HIGH,,UNVALIDATED,Official IDSP unique ID: MH/LTR/2024/11/432,Latur,VERBATIM_MATCH,Clean district text from source,Latur,Dengue,CLEAN,Clean disease text,2024-03-15,2024-03-15,NORMAL,2024,11,3,March,Q1,2024,COMPLETE_YEAR,NOT_FLAGGED
MAHA-2024-W11-008,MH/NGP/2024/11/433,2024,11,NCDC weekly outbreaks/2024/week11_1788951396.pdf,17,11,MATCH,Maharashtra,Nagpur,Nagpur,Acute Diarrheal Disease,Acute_Diarrheal_Disease,22,0,Under Control,10-03-2024,2024-03-10,11-03-2024,2024-03-11,2024-03-11,2024-03-17,TEXT,HIGH,,UNVALIDATED,Official IDSP unique ID: MH/NGP/2024/11/433,Nagpur,VERBATIM_MATCH,Clean district text from source,Nagpur,Acute Diarrheal Disease,CLEAN,Clean disease text,2024-03-10,2024-03-11,NORMAL,2024,11,3,March,Q1,2024,COMPLETE_YEAR,UPDATED_OUTBREAK
MAHA-2024-W11-009,MH/NGP/2024/11/434,2024,11,NCDC weekly outbreaks/2024/week11_1788951396.pdf,18,11,MATCH,Maharashtra,Nagpur,Nagpur,Acute Diarrheal Disease,Acute_Diarrheal_Disease,13,0,Under Control,10-03-2024,2024-03-10,11-03-2024,2024-03-11,2024-03-11,2024-03-17,TEXT,HIGH,,UNVALIDATED,Official IDSP unique ID: MH/NGP/2024/11/434,Nagpur,VERBATIM_MATCH,Clean district text from source,Nagpur,Acute Diarrheal Disease,CLEAN,Clean disease text,2024-03-10,2024-03-11,NORMAL,2024,11,3,March,Q1,2024,COMPLETE_YEAR,UPDATED_OUTBREAK
MAHA-2024-W11-010,MH/OSM/2024/11/435,2024,11,NCDC weekly outbreaks/2024/week11_1788951396.pdf,18,11,MATCH,Maharashtra,Osmanabad,Osmanabad,Chikungunya,Chikungunya,10,0,Under Surveillance,16-03-2024,2024-03-16,16-03-2024,2024-03-16,2024-03-11,2024-03-17,TEXT,HIGH,,UNVALIDATED,Official IDSP unique ID: MH/OSM/2024/11/435,Osmanabad,VERBATIM_MATCH,Clean district text from source,Osmanabad,Chikungunya,WHITESPACE_STANDARDIZED,Standardized broken whitespace in Chikungunya,2024-03-16,2024-03-16,NORMAL,2024,11,3,March,Q1,2024,COMPLETE_YEAR,NOT_FLAGGED
MAHA-2024-W11-011,MH/OSM/2024/11/436,2024,11,NCDC weekly outbreaks/2024/week11_1788951396.pdf,18,11,MATCH,Maharashtra,Osmanabad,Osmanabad,Chikungunya & Dengue,Dengue,7,0,Under Surveillance,13-03-2024,2024-03-13,13-03-2024,2024-03-13,2024-03-11,2024-03-17,TEXT,HIGH,,UNVALIDATED,Official IDSP unique ID: MH/OSM/2024/11/436,Osmanabad,VERBATIM_MATCH,Clean district text from source,Osmanabad,Chikungunya & Dengue,WHITESPACE_STANDARDIZED,Standardized broken whitespace in Chikungunya,2024-03-13,2024-03-13,NORMAL,2024,11,3,March,Q1,2024,COMPLETE_YEAR,SEPARATE_OUTBREAK
MAHA-2024-W12-001,MH/AKL/2024/12/492,2024,12,NCDC weekly outbreaks/2024/week12_1788951408.pdf,12,12,MATCH,Maharashtra,Akola,Akola,Dengue,Dengue,26,0,Under Control,23-03-2024,2024-03-23,23-03-2024,2024-03-23,2024-03-18,2024-03-24,TEXT,HIGH,,UNVALIDATED,Official IDSP unique ID: MH/AKL/2024/12/492,Akola,VERBATIM_MATCH,Clean district text from source,Akola,Dengue,CLEAN,Clean disease text,2024-03-23,2024-03-23,NORMAL,2024,12,3,March,Q1,2024,COMPLETE_YEAR,NOT_FLAGGED
MAHA-2024-W12-002,MH/AMR/2024/12/493,2024,12,NCDC weekly outbreaks/2024/week12_1788951408.pdf,13,12,MATCH,Maharashtra,Amravati,Amravati,Dengue,Dengue,64,0,Under Control,20-03-2024,2024-03-20,20-03-2024,2024-03-20,2024-03-18,2024-03-24,TEXT,HIGH,,UNVALIDATED,Official IDSP unique ID: MH/AMR/2024/12/493,Amravati,VERBATIM_MATCH,Clean district text from source,Amravati,Dengue,CLEAN,Clean disease text,2024-03-20,2024-03-20,NORMAL,2024,12,3,March,Q1,2024,COMPLETE_YEAR,NOT_FLAGGED
MAHA-2024-W12-003,MH/OSM/2024/12/494,2024,12,NCDC weekly outbreaks/2024/week12_1788951408.pdf,13,12,MATCH,Maharashtra,Osmanabad,Osmanabad,Dengue,Dengue,6,1,Under Control,22-03-2024,2024-03-22,23-03-2024,2024-03-23,2024-03-18,2024-03-24,TEXT,HIGH,,UNVALIDATED,Official IDSP unique ID: MH/OSM/2024/12/494,Osmanabad,VERBATIM_MATCH,Clean district text from source,Osmanabad,Dengue,CLEAN,Clean disease text,2024-03-22,2024-03-23,NORMAL,2024,12,3,March,Q1,2024,COMPLETE_YEAR,SEPARATE_OUTBREAK
MAHA-2024-W12-004,MH/OSM/2024/12/495,2024,12,NCDC weekly outbreaks/2024/week12_1788951408.pdf,13,12,MATCH,Maharashtra,Beed,Beed,Dengue & Chikungunya,Dengue_Chikungunya,15,0,Under Control,19-03-2024,2024-03-19,20-03-2024,2024-03-20,2024-03-18,2024-03-24,TEXT,HIGH,,UNVALIDATED,Official IDSP unique ID: MH/OSM/2024/12/495,Beed,VERBATIM_MATCH,Clean district text from source,Beed,Dengue & Chikungunya,WHITESPACE_STANDARDIZED,Standardized broken whitespace in Chikungunya,2024-03-19,2024-03-20,NORMAL,2024,12,3,March,Q1,2024,COMPLETE_YEAR,SEPARATE_OUTBREAK
MAHA-2024-W13-001,MH/AKL/2024/12/539,2024,13,NCDC weekly outbreaks/2024/week13_1788951420.pdf,10,12,MATCH,Maharashtra,Akola,Akola,Hepatitis A,Hepatitis,96,0,Under Control,30-03-2024,2024-03-30,30-03-2024,2024-03-30,2024-03-25,2024-03-31,TEXT,HIGH,,UNVALIDATED,Official IDSP unique ID: MH/AKL/2024/12/539,Akola,VERBATIM_MATCH,Clean district text from source,Akola,Hepatitis A,CLEAN,Clean disease text,2024-03-30,2024-03-30,NORMAL,2024,13,3,March,Q1,2024,COMPLETE_YEAR,NOT_FLAGGED
MAHA-2024-W13-002,MH/PNE/2024/12/551,2024,13,NCDC weekly outbreaks/2024/week13_1788951420.pdf,15,12,MATCH,Maharashtra,Pune,Pune,Chikungunya,Chikungunya,9,0,Under Control,23-03-2024,2024-03-23,23-03-2024,2024-03-23,2024-03-25,2024-03-31,TEXT,HIGH,,UNVALIDATED,Official IDSP unique ID: MH/PNE/2024/12/551,Pune,VERBATIM_MATCH,Clean district text from source,Pune,Chikungunya,WHITESPACE_STANDARDIZED,Standardized broken whitespace in Chikungunya,2024-03-23,2024-03-23,NORMAL,2024,13,3,March,Q1,2024,COMPLETE_YEAR,NOT_FLAGGED
MAHA-2024-W14-001,MH/RGD/2024/14/582,2024,14,NCDC weekly outbreaks/2024/week14_1788951433.pdf,12,14,MATCH,Maharashtra,Raigad,Raigad,Dengue,Dengue,5,1,Under Surveillance,03-04-2024,2024-04-03,05-04-2024,2024-04-05,2024-04-01,2024-04-07,TEXT,HIGH,,UNVALIDATED,Official IDSP unique ID: MH/RGD/2024/14/582,Raigad,VERBATIM_MATCH,Clean district text from source,Raigad,Dengue,CLEAN,Clean disease text,2024-04-03,2024-04-05,NORMAL,2024,14,4,April,Q2,2024,COMPLETE_YEAR,SEPARATE_OUTBREAK
MAHA-2024-W15-001,MH/CND/2024/15/635,2024,15,NCDC weekly outbreaks/2024/week15_1788951443.pdf,14,15,MATCH,Maharashtra,Chandrapur,Chandrapur,Food Poisoning,Food_Poisoning,258,1,Under Control,14-04-2024,2024-04-14,14-04-2024,2024-04-14,2024-04-08,2024-04-14,TEXT,HIGH,,UNVALIDATED,Official IDSP unique ID: MH/CND/2024/15/635,Chandrapur,WHITESPACE_ARTIFACT_RESOLVED,Whitespace artifact resolved: Chandrapu r -> Chandrapur,Chandrapur,Food Poisoning,WHITESPACE_STANDARDIZED,Standardized capitalization: Food poisoning -> Food Poisoning,2024-04-14,2024-04-14,NORMAL,2024,15,4,April,Q2,2024,COMPLETE_YEAR,NOT_FLAGGED
MAHA-2024-W15-002,MH/CND/2024/15/636,2024,15,NCDC weekly outbreaks/2024/week15_1788951443.pdf,14,15,MATCH,Maharashtra,Chandrapur,Chandrapur,Malaria,Malaria,25,0,Under Surveillance,12-04-2024,2024-04-12,12-04-2024,2024-04-12,2024-04-08,2024-04-14,TEXT,HIGH,,UNVALIDATED,Official IDSP unique ID: MH/CND/2024/15/636,Chandrapur,WHITESPACE_ARTIFACT_RESOLVED,Whitespace artifact resolved: Chandrapu r -> Chandrapur,Chandrapur,Malaria,CLEAN,Clean disease text,2024-04-12,2024-04-12,NORMAL,2024,15,4,April,Q2,2024,COMPLETE_YEAR,NOT_FLAGGED
MAHA-2024-W15-003,MH/JLN/2024/15/637,2024,15,NCDC weekly outbreaks/2024/week15_1788951443.pdf,15,15,MATCH,Maharashtra,Jalna,Jalna,Acute Diarrheal Disease,Acute_Diarrheal_Disease,25,0,Under Control,06-04-2024,2024-04-06,09-04-2024,2024-04-09,2024-04-08,2024-04-14,TEXT,HIGH,,UNVALIDATED,Official IDSP unique ID: MH/JLN/2024/15/637,Jalna,VERBATIM_MATCH,Clean district text from source,Jalna,Acute Diarrheal Disease,CLEAN,Clean disease text,2024-04-06,2024-04-09,NORMAL,2024,15,4,April,Q2,2024,COMPLETE_YEAR,NOT_FLAGGED
MAHA-2024-W15-004,MH/KOP/2024/15/638,2024,15,NCDC weekly outbreaks/2024/week15_1788951443.pdf,15,15,MATCH,Maharashtra,Kolhapur,Kolhapur,Chikungunya,Chikungunya,6,0,Under Control,12-04-2024,2024-04-12,12-04-2024,2024-04-12,2024-04-08,2024-04-14,TEXT,HIGH,,UNVALIDATED,Official IDSP unique ID: MH/KOP/2024/15/638,Kolhapur,VERBATIM_MATCH,Clean district text from source,Kolhapur,Chikungunya,WHITESPACE_STANDARDIZED,Standardized broken whitespace in Chikungunya,2024-04-12,2024-04-12,NORMAL,2024,15,4,April,Q2,2024,COMPLETE_YEAR,NOT_FLAGGED
MAHA-2024-W15-005,MH/OSM/2024/15/639,2024,15,NCDC weekly outbreaks/2024/week15_1788951443.pdf,15,15,MATCH,Maharashtra,Beed,Beed,Dengue & Chikungunya,Dengue_Chikungunya,22,0,Under Control,04-04-2024,2024-04-04,08-04-2024,2024-04-08,2024-04-08,2024-04-14,TEXT,HIGH,,UNVALIDATED,Official IDSP unique ID: MH/OSM/2024/15/639,Beed,VERBATIM_MATCH,Clean district text from source,Beed,Dengue & Chikungunya,WHITESPACE_STANDARDIZED,Standardized broken whitespace in Chikungunya,2024-04-04,2024-04-08,NORMAL,2024,15,4,April,Q2,2024,COMPLETE_YEAR,SEPARATE_OUTBREAK
MAHA-2024-W15-006,MH/PNE/2024/15/640,2024,15,NCDC weekly outbreaks/2024/week15_1788951443.pdf,16,15,MATCH,Maharashtra,Pune,Pune,Acute Diarrheal Disease,Acute_Diarrheal_Disease,24,0,Under Control,28-03-2024,2024-03-28,12-04-2024,2024-04-12,2024-04-08,2024-04-14,TEXT,HIGH,,UNVALIDATED,Official IDSP unique ID: MH/PNE/2024/15/640,Pune,VERBATIM_MATCH,Clean district text from source,Pune,Acute Diarrheal Disease,CLEAN,Clean disease text,2024-03-28,2024-04-12,NORMAL,2024,15,3,March,Q1,2024,COMPLETE_YEAR,SEPARATE_OUTBREAK
MAHA-2024-W15-007,MH/STA/2024/15/641,2024,15,NCDC weekly outbreaks/2024/week15_1788951443.pdf,16,15,MATCH,Maharashtra,Satara,Satara,Acute Diarrheal Disease,Acute_Diarrheal_Disease,68,0,Under Control,09-04-2024,2024-04-09,10-04-2024,2024-04-10,2024-04-08,2024-04-14,TEXT,HIGH,,UNVALIDATED,Official IDSP unique ID: MH/STA/2024/15/641,Satara,VERBATIM_MATCH,Clean district text from source,Satara,Acute Diarrheal Disease,CLEAN,Clean disease text,2024-04-09,2024-04-10,NORMAL,2024,15,4,April,Q2,2024,COMPLETE_YEAR,NOT_FLAGGED
MAHA-2024-W15-008,MH/WDH/2024/15/642,2024,15,NCDC weekly outbreaks/2024/week15_1788951443.pdf,16,15,MATCH,Maharashtra,Wardha,Wardha,Dengue,Dengue,36,1,Under Control,08-04-2024,2024-04-08,10-04-2024,2024-04-10,2024-04-08,2024-04-14,TEXT,HIGH,,UNVALIDATED,Official IDSP unique ID: MH/WDH/2024/15/642,Wardha,VERBATIM_MATCH,Clean district text from source,Wardha,Dengue,CLEAN,Clean disease text,2024-04-08,2024-04-10,NORMAL,2024,15,4,April,Q2,2024,COMPLETE_YEAR,NOT_FLAGGED
MAHA-2024-W15-009,MH/STA/2024/15/656,2024,15,NCDC weekly outbreaks/2024/week15_1788951443.pdf,21,15,MATCH,Maharashtra,Pune,Pune,Satara Dengue,Dengue,5,0,Under Control,03-04-2024,2024-04-03,11-03-2024,2024-03-11,2024-04-08,2024-04-14,TEXT,HIGH,,UNVALIDATED,Official IDSP unique ID: MH/STA/2024/15/656,Pune,VERBATIM_MATCH,Clean district text from source,Pune,Dengue,BOUNDARY_TRIMMED,Trimmed neighboring state/district prefix from disease string,2024-04-03,2024-03-11,OUTBREAK_DATE_AFTER_REPORT_DATE,2024,15,4,April,Q2,2024,COMPLETE_YEAR,SEPARATE_OUTBREAK
MAHA-2024-W16-001,MH/AMN/2024/16/691,2024,16,NCDC weekly outbreaks/2024/week16_1788951454.pdf,14,16,MATCH,Maharashtra,Ahmednagar,Ahmednagar,Scrub Typhus,Scrub_Typhus,14,0,Under Surveillance,16-04-2024,2024-04-16,16-04-2024,2024-04-16,2024-04-15,2024-04-21,TEXT,HIGH,,UNVALIDATED,Official IDSP unique ID: MH/AMN/2024/16/691,Ahmednagar,VERBATIM_MATCH,Clean district text from source,Ahmednagar,Scrub Typhus,CLEAN,Clean disease text,2024-04-16,2024-04-16,NORMAL,2024,16,4,April,Q2,2024,COMPLETE_YEAR,NOT_FLAGGED
MAHA-2024-W16-002,MH/BNR/2024/16/693,2024,16,NCDC weekly outbreaks/2024/week16_1788951454.pdf,14,16,MATCH,Maharashtra,Bhandara,Bhandara,Acute Diarrheal Disease,Acute_Diarrheal_Disease,39,0,Under Surveillance,18-04-2024,2024-04-18,18-04-2024,2024-04-18,2024-04-15,2024-04-21,TEXT,HIGH,,UNVALIDATED,Official IDSP unique ID: MH/BNR/2024/16/693,Bhandara,VERBATIM_MATCH,Clean district text from source,Bhandara,Acute Diarrheal Disease,CLEAN,Clean disease text,2024-04-18,2024-04-18,NORMAL,2024,16,4,April,Q2,2024,COMPLETE_YEAR,NOT_FLAGGED
MAHA-2024-W16-003,MH/KOP/2024/16/694,2024,16,NCDC weekly outbreaks/2024/week16_1788951454.pdf,15,16,MATCH,Maharashtra,Kolhapur,Kolhapur,Hepatitis A,Hepatitis,12,0,Under Surveillance,17-04-2024,2024-04-17,17-04-2024,2024-04-17,2024-04-15,2024-04-21,TEXT,HIGH,,UNVALIDATED,Official IDSP unique ID: MH/KOP/2024/16/694,Kolhapur,VERBATIM_MATCH,Clean district text from source,Kolhapur,Hepatitis A,CLEAN,Clean disease text,2024-04-17,2024-04-17,NORMAL,2024,16,4,April,Q2,2024,COMPLETE_YEAR,UPDATED_OUTBREAK
MAHA-2024-W16-004,MH/KOP/2024/16/695,2024,16,NCDC weekly outbreaks/2024/week16_1788951454.pdf,15,16,MATCH,Maharashtra,Kolhapur,Kolhapur,Hepatitis A,Hepatitis,48,0,Under Surveillance,17-04-2024,2024-04-17,17-04-2024,2024-04-17,2024-04-15,2024-04-21,TEXT,HIGH,,UNVALIDATED,Official IDSP unique ID: MH/KOP/2024/16/695,Kolhapur,VERBATIM_MATCH,Clean district text from source,Kolhapur,Hepatitis A,CLEAN,Clean disease text,2024-04-17,2024-04-17,NORMAL,2024,16,4,April,Q2,2024,COMPLETE_YEAR,UPDATED_OUTBREAK
MAHA-2024-W16-005,MH/PNE/2024/16/696,2024,16,NCDC weekly outbreaks/2024/week16_1788951454.pdf,15,16,MATCH,Maharashtra,Pune,Pune,Food Poisoning,Food_Poisoning,59,0,Under Surveillance,20-04-2024,2024-04-20,21-04-2024,2024-04-21,2024-04-15,2024-04-21,TEXT,HIGH,,UNVALIDATED,Official IDSP unique ID: MH/PNE/2024/16/696,Pune,VERBATIM_MATCH,Clean district text from source,Pune,Food Poisoning,WHITESPACE_STANDARDIZED,Standardized capitalization: Food poisoning -> Food Poisoning,2024-04-20,2024-04-21,NORMAL,2024,16,4,April,Q2,2024,COMPLETE_YEAR,NOT_FLAGGED
MAHA-2024-W16-006,MH/RGD/2024/16/697,2024,16,NCDC weekly outbreaks/2024/week16_1788951454.pdf,16,16,MATCH,Maharashtra,Raigad,Raigad,Hepatitis A,Hepatitis,11,1,Under Surveillance,19-04-2024,2024-04-19,19-04-2024,2024-04-19,2024-04-15,2024-04-21,TEXT,HIGH,,UNVALIDATED,Official IDSP unique ID: MH/RGD/2024/16/697,Raigad,VERBATIM_MATCH,Clean district text from source,Raigad,Hepatitis A,CLEAN,Clean disease text,2024-04-19,2024-04-19,NORMAL,2024,16,4,April,Q2,2024,COMPLETE_YEAR,NOT_FLAGGED
MAHA-2024-W17-001,MH/CND/2024/17/664,2024,17,NCDC weekly outbreaks/2024/week17_1788951485.pdf,18,17,MATCH,Maharashtra,Chandrapur,Chandrapur,Dengue,Dengue,6,0,Under Control,23-04-2024,2024-04-23,23-04-2024,2024-04-23,2024-04-22,2024-04-28,TEXT,HIGH,,UNVALIDATED,Official IDSP unique ID: MH/CND/2024/17/664,Chandrapur,WHITESPACE_ARTIFACT_RESOLVED,Whitespace artifact resolved: Chandrapu r -> Chandrapur,Chandrapur,Dengue,CLEAN,Clean disease text,2024-04-23,2024-04-23,NORMAL,2024,17,4,April,Q2,2024,COMPLETE_YEAR,NOT_FLAGGED
MAHA-2024-W17-002,MH/KOP/2024/17/765,2024,17,NCDC weekly outbreaks/2024/week17_1788951485.pdf,18,17,MATCH,Maharashtra,Kolhapur,Kolhapur,Food Poisoning,Food_Poisoning,34,0,Under Control,28-04-2024,2024-04-28,28-04-2024,2024-04-28,2024-04-22,2024-04-28,TEXT,HIGH,,UNVALIDATED,Official IDSP unique ID: MH/KOP/2024/17/765,Kolhapur,VERBATIM_MATCH,Clean district text from source,Kolhapur,Food Poisoning,WHITESPACE_STANDARDIZED,Standardized capitalization: Food poisoning -> Food Poisoning,2024-04-28,2024-04-28,NORMAL,2024,17,4,April,Q2,2024,COMPLETE_YEAR,NOT_FLAGGED
MAHA-2024-W17-003,MH/NGP/2024/17/766,2024,17,NCDC weekly outbreaks/2024/week17_1788951485.pdf,19,17,MATCH,Maharashtra,Nagpur,Nagpur,Scrub Typhus,Scrub_Typhus,12,1,Under Control,22-04-2024,2024-04-22,23-04-2024,2024-04-23,2024-04-22,2024-04-28,TEXT,HIGH,,UNVALIDATED,Official IDSP unique ID: MH/NGP/2024/17/766,Nagpur,VERBATIM_MATCH,Clean district text from source,Nagpur,Scrub Typhus,CLEAN,Clean disease text,2024-04-22,2024-04-23,NORMAL,2024,17,4,April,Q2,2024,COMPLETE_YEAR,NOT_FLAGGED
MAHA-2024-W17-004,MH/NDD/2024/17/767,2024,17,NCDC weekly outbreaks/2024/week17_1788951485.pdf,19,17,MATCH,Maharashtra,Nanded,Nanded,Dengue,Dengue,6,0,Under Control,25-04-2024,2024-04-25,26-04-2024,2024-04-26,2024-04-22,2024-04-28,TEXT,HIGH,,UNVALIDATED,Official IDSP unique ID: MH/NDD/2024/17/767,Nanded,VERBATIM_MATCH,Clean district text from source,Nanded,Dengue,CLEAN,Clean disease text,2024-04-25,2024-04-26,NORMAL,2024,17,4,April,Q2,2024,COMPLETE_YEAR,SEPARATE_OUTBREAK
MAHA-2024-W17-005,MH/RGD/2024/17/768,2024,17,NCDC weekly outbreaks/2024/week17_1788951485.pdf,19,17,MATCH,Maharashtra,Raigad,Raigad,Dengue,Dengue,8,0,Under Control,19-04-2024,2024-04-19,23-04-2024,2024-04-23,2024-04-22,2024-04-28,TEXT,HIGH,,UNVALIDATED,Official IDSP unique ID: MH/RGD/2024/17/768,Raigad,VERBATIM_MATCH,Clean district text from source,Raigad,Dengue,CLEAN,Clean disease text,2024-04-19,2024-04-23,NORMAL,2024,17,4,April,Q2,2024,COMPLETE_YEAR,SEPARATE_OUTBREAK
MAHA-2024-W17-006,MH/WAS/2024/17/769,2024,17,NCDC weekly outbreaks/2024/week17_1788951485.pdf,20,17,MATCH,Maharashtra,Akola,Akola,Dengue,Dengue,11,0,Under Control,24-04-2024,2024-04-24,24-04-2024,2024-04-24,2024-04-22,2024-04-28,TEXT,HIGH,,UNVALIDATED,Official IDSP unique ID: MH/WAS/2024/17/769,Akola,VERBATIM_MATCH,Clean district text from source,Akola,Dengue,CLEAN,Clean disease text,2024-04-24,2024-04-24,NORMAL,2024,17,4,April,Q2,2024,COMPLETE_YEAR,SEPARATE_OUTBREAK
MAHA-2024-W17-007,MH/YVT/2024/17/793,2024,17,NCDC weekly outbreaks/2024/week17_1788951485.pdf,28,17,MATCH,Maharashtra,Yavatmal,Yavatmal,Dengue,Dengue,14,0,Under Surveillance,13-04-2024,2024-04-13,01-04-2024,2024-04-01,2024-04-22,2024-04-28,TEXT,HIGH,,UNVALIDATED,Official IDSP unique ID: MH/YVT/2024/17/793,Yavatmal,VERBATIM_MATCH,Clean district text from source,Yavatmal,Dengue,CLEAN,Clean disease text,2024-04-13,2024-04-01,OUTBREAK_DATE_AFTER_REPORT_DATE,2024,17,4,April,Q2,2024,COMPLETE_YEAR,NOT_FLAGGED
MAHA-2024-W18-001,MH/AKL/2024/18/836,2024,18,NCDC weekly outbreaks/2024/week18_1788951496.pdf,16,18,MATCH,Maharashtra,Akola,Akola,Dengue,Dengue,22,0,Under Control,03-05-2024,2024-05-03,03-05-2024,2024-05-03,2024-04-29,2024-05-05,TEXT,HIGH,,UNVALIDATED,Official IDSP unique ID: MH/AKL/2024/18/836,Akola,VERBATIM_MATCH,Clean district text from source,Akola,Dengue,CLEAN,Clean disease text,2024-05-03,2024-05-03,NORMAL,2024,18,5,May,Q2,2024,COMPLETE_YEAR,SEPARATE_OUTBREAK
MAHA-2024-W18-002,MH/CND/2024/18/837,2024,18,NCDC weekly outbreaks/2024/week18_1788951496.pdf,17,18,MATCH,Maharashtra,Chandrapur,Chandrapur,Leptospirosis,Leptospirosis,7,1,Under Control,02-05-2024,2024-05-02,02-05-2024,2024-05-02,2024-04-29,2024-05-05,TEXT,HIGH,,UNVALIDATED,Official IDSP unique ID: MH/CND/2024/18/837,Chandrapur,WHITESPACE_ARTIFACT_RESOLVED,Whitespace artifact resolved: Chandrapu r -> Chandrapur,Chandrapur,Leptospirosis,CLEAN,Clean disease text,2024-05-02,2024-05-02,NORMAL,2024,18,5,May,Q2,2024,COMPLETE_YEAR,NOT_FLAGGED
MAHA-2024-W18-003,MH/KOP/2024/18/838,2024,18,NCDC weekly outbreaks/2024/week18_1788951496.pdf,17,18,MATCH,Maharashtra,Kolhapur,Kolhapur,Suspected Acute Hepatitis,Hepatitis,24,0,Under Surveillance,02-05-2024,2024-05-02,02-05-2024,2024-05-02,2024-04-29,2024-05-05,TEXT,HIGH,,UNVALIDATED,Official IDSP unique ID: MH/KOP/2024/18/838,Kolhapur,VERBATIM_MATCH,Clean district text from source,Kolhapur,Suspected Acute Hepatitis,CLEAN,Clean disease text,2024-05-02,2024-05-02,NORMAL,2024,18,5,May,Q2,2024,COMPLETE_YEAR,SEPARATE_OUTBREAK
MAHA-2024-W18-004,MH/PRB/2024/18/839,2024,18,NCDC weekly outbreaks/2024/week18_1788951496.pdf,17,18,MATCH,Maharashtra,Nanded,Nanded,Parbhani Chikungunya,Chikungunya,11,0,Under Control,01-05-2024,2024-05-01,03-05-2024,2024-05-03,2024-04-29,2024-05-05,TEXT,HIGH,,UNVALIDATED,Official IDSP unique ID: MH/PRB/2024/18/839,Nanded,VERBATIM_MATCH,Clean district text from source,Nanded,Chikungunya,WHITESPACE_STANDARDIZED,Standardized broken whitespace in Chikungunya,2024-05-01,2024-05-03,NORMAL,2024,18,5,May,Q2,2024,COMPLETE_YEAR,NOT_FLAGGED
MAHA-2024-W18-005,MH/PNE/2024/18/840,2024,18,NCDC weekly outbreaks/2024/week18_1788951496.pdf,18,18,MATCH,Maharashtra,Pune,Pune,Acute Diarrheal Disease,Acute_Diarrheal_Disease,20,0,Under Control,29-04-2024,2024-04-29,03-05-2024,2024-05-03,2024-04-29,2024-05-05,TEXT,HIGH,,UNVALIDATED,Official IDSP unique ID: MH/PNE/2024/18/840,Pune,VERBATIM_MATCH,Clean district text from source,Pune,Acute Diarrheal Disease,CLEAN,Clean disease text,2024-04-29,2024-05-03,NORMAL,2024,18,4,April,Q2,2024,COMPLETE_YEAR,SEPARATE_OUTBREAK
MAHA-2024-W18-006,MH/STA/2024/18/841,2024,18,NCDC weekly outbreaks/2024/week18_1788951496.pdf,18,18,MATCH,Maharashtra,Pune,Pune,Satara Dengue,Dengue,10,0,Under Control,03-05-2024,2024-05-03,03-05-2024,2024-05-03,2024-04-29,2024-05-05,TEXT,HIGH,,UNVALIDATED,Official IDSP unique ID: MH/STA/2024/18/841,Pune,VERBATIM_MATCH,Clean district text from source,Pune,Dengue,BOUNDARY_TRIMMED,Trimmed neighboring state/district prefix from disease string,2024-05-03,2024-05-03,NORMAL,2024,18,5,May,Q2,2024,COMPLETE_YEAR,SEPARATE_OUTBREAK
MAHA-2024-W18-007,MH/THN/2024/18/842,2024,18,NCDC weekly outbreaks/2024/week18_1788951496.pdf,18,18,MATCH,Maharashtra,Thane,Thane,Acute Diarrheal Disease,Acute_Diarrheal_Disease,53,0,Under Surveillance,03-05-2024,2024-05-03,03-05-2024,2024-05-03,2024-04-29,2024-05-05,TEXT,HIGH,,UNVALIDATED,Official IDSP unique ID: MH/THN/2024/18/842,Thane,VERBATIM_MATCH,Clean district text from source,Thane,Acute Diarrheal Disease,CLEAN,Clean disease text,2024-05-03,2024-05-03,NORMAL,2024,18,5,May,Q2,2024,COMPLETE_YEAR,NOT_FLAGGED
MAHA-2024-W19-001,MH/AMN/2024/19/891,2024,19,NCDC weekly outbreaks/2024/week19_1788951508.pdf,12,19,MATCH,Maharashtra,Ahmednagar,Ahmednagar,Chikungunya,Chikungunya,11,0,Under Surveillance,09-05-2024,2024-05-09,09-05-2024,2024-05-09,2024-05-06,2024-05-12,TEXT,HIGH,,UNVALIDATED,Official IDSP unique ID: MH/AMN/2024/19/891,Ahmednagar,VERBATIM_MATCH,Clean district text from source,Ahmednagar,Chikungunya,WHITESPACE_STANDARDIZED,Standardized broken whitespace in Chikungunya,2024-05-09,2024-05-09,NORMAL,2024,19,5,May,Q2,2024,COMPLETE_YEAR,NOT_FLAGGED
MAHA-2024-W19-002,MH/WDH/2024/19/904,2024,19,NCDC weekly outbreaks/2024/week19_1788951508.pdf,16,19,MATCH,Maharashtra,Wardha,Wardha,Dengue,Dengue,9,0,Under Surveillance,27-04-2024,2024-04-27,29-04-2024,2024-04-29,2024-05-06,2024-05-12,TEXT,HIGH,,UNVALIDATED,Official IDSP unique ID: MH/WDH/2024/19/904,Wardha,VERBATIM_MATCH,Clean district text from source,Wardha,Dengue,CLEAN,Clean disease text,2024-04-27,2024-04-29,NORMAL,2024,19,4,April,Q2,2024,COMPLETE_YEAR,NOT_FLAGGED
MAHA-2024-W20-001,MH/KOP/2024/20/955,2024,20,NCDC weekly outbreaks/2024/week20_1788951522.pdf,17,20,MATCH,Maharashtra,Kolhapur,Kolhapur,Acute Diarrheal Disease,Acute_Diarrheal_Disease,103,0,Under Control,18-05-2024,2024-05-18,18-05-2024,2024-05-18,2024-05-13,2024-05-19,TEXT,HIGH,,UNVALIDATED,Official IDSP unique ID: MH/KOP/2024/20/955,Kolhapur,VERBATIM_MATCH,Clean district text from source,Kolhapur,Acute Diarrheal Disease,CLEAN,Clean disease text,2024-05-18,2024-05-18,NORMAL,2024,20,5,May,Q2,2024,COMPLETE_YEAR,NOT_FLAGGED
MAHA-2024-W20-002,MH/NAN/2024/20/956,2024,20,NCDC weekly outbreaks/2024/week20_1788951522.pdf,17,20,MATCH,Maharashtra,Nanded,Nanded,Dengue,Dengue,7,0,Under Control,16-05-2024,2024-05-16,17-05-2024,2024-05-17,2024-05-13,2024-05-19,TEXT,HIGH,,UNVALIDATED,Official IDSP unique ID: MH/NAN/2024/20/956,Nanded,VERBATIM_MATCH,Clean district text from source,Nanded,Dengue,CLEAN,Clean disease text,2024-05-16,2024-05-17,NORMAL,2024,20,5,May,Q2,2024,COMPLETE_YEAR,SEPARATE_OUTBREAK
MAHA-2024-W20-003,MH/NAN/2024/20/957,2024,20,NCDC weekly outbreaks/2024/week20_1788951522.pdf,18,20,MATCH,Maharashtra,Nanded,Nanded,Food Poisoning,Food_Poisoning,30,0,Under Control,16-05-2024,2024-05-16,16-05-2024,2024-05-16,2024-05-13,2024-05-19,TEXT,HIGH,,UNVALIDATED,Official IDSP unique ID: MH/NAN/2024/20/957,Nanded,VERBATIM_MATCH,Clean district text from source,Nanded,Food Poisoning,WHITESPACE_STANDARDIZED,Standardized capitalization: Food poisoning -> Food Poisoning,2024-05-16,2024-05-16,NORMAL,2024,20,5,May,Q2,2024,COMPLETE_YEAR,NOT_FLAGGED
MAHA-2024-W20-004,MH/RGD/2024/20/958,2024,20,NCDC weekly outbreaks/2024/week20_1788951522.pdf,18,20,MATCH,Maharashtra,Raigad,Raigad,Dengue,Dengue,24,0,Under Surveillance,17-05-2024,2024-05-17,18-05-2024,2024-05-18,2024-05-13,2024-05-19,TEXT,HIGH,,UNVALIDATED,Official IDSP unique ID: MH/RGD/2024/20/958,Raigad,VERBATIM_MATCH,Clean district text from source,Raigad,Dengue,CLEAN,Clean disease text,2024-05-17,2024-05-18,NORMAL,2024,20,5,May,Q2,2024,COMPLETE_YEAR,SEPARATE_OUTBREAK
MAHA-2024-W20-005,MH/STA/2024/20/959,2024,20,NCDC weekly outbreaks/2024/week20_1788951522.pdf,18,20,MATCH,Maharashtra,Pune,Pune,Satara Dengue,Dengue,16,0,Under Surveillance,17-05-2024,2024-05-17,17-05-2024,2024-05-17,2024-05-13,2024-05-19,TEXT,HIGH,,UNVALIDATED,Official IDSP unique ID: MH/STA/2024/20/959,Pune,VERBATIM_MATCH,Clean district text from source,Pune,Dengue,BOUNDARY_TRIMMED,Trimmed neighboring state/district prefix from disease string,2024-05-17,2024-05-17,NORMAL,2024,20,5,May,Q2,2024,COMPLETE_YEAR,SEPARATE_OUTBREAK
MAHA-2024-W20-006,MH/WAS/2024/20/960,2024,20,NCDC weekly outbreaks/2024/week20_1788951522.pdf,18,20,MATCH,Maharashtra,Akola,Akola,Dengue,Dengue,6,0,Under Control,16-05-2024,2024-05-16,16-05-2024,2024-05-16,2024-05-13,2024-05-19,TEXT,HIGH,,UNVALIDATED,Official IDSP unique ID: MH/WAS/2024/20/960,Akola,VERBATIM_MATCH,Clean district text from source,Akola,Dengue,CLEAN,Clean disease text,2024-05-16,2024-05-16,NORMAL,2024,20,5,May,Q2,2024,COMPLETE_YEAR,SEPARATE_OUTBREAK
MAHA-2024-W20-007,MH/MMB/2024/20/974,2024,20,NCDC weekly outbreaks/2024/week20_1788951522.pdf,23,20,MATCH,Maharashtra,Mumbai,Mumbai City,Suburban Food Poisoning,Food_Poisoning,17,1,Under Control,08-05-2024,2024-05-08,10-04-2024,2024-04-10,2024-05-13,2024-05-19,TEXT,HIGH,,UNVALIDATED,Official IDSP unique ID: MH/MMB/2024/20/974,Mumbai,VERBATIM_MATCH,Source specifies Mumbai without suburban qualifier,Mumbai,Food Poisoning,WHITESPACE_STANDARDIZED,Standardized capitalization: Food poisoning -> Food Poisoning,2024-05-08,2024-04-10,OUTBREAK_DATE_AFTER_REPORT_DATE,2024,20,5,May,Q2,2024,COMPLETE_YEAR,NOT_FLAGGED
MAHA-2024-W21-001,MH/AKL/2024/21/1013,2024,21,NCDC weekly outbreaks/2024/week21_1788951532.pdf,14,21,MATCH,Maharashtra,Akola,Akola,Cholera,Cholera,65,0,Under Surveillance,26-04-2024,2024-04-26,26-05-2024,2024-05-26,2024-05-20,2024-05-26,TEXT,HIGH,,UNVALIDATED,Official IDSP unique ID: MH/AKL/2024/21/1013,Akola,VERBATIM_MATCH,Clean district text from source,Akola,Cholera,CLEAN,Clean disease text,2024-04-26,2024-05-26,NORMAL,2024,21,4,April,Q2,2024,COMPLETE_YEAR,NOT_FLAGGED
MAHA-2024-W21-002,MH/JGA/2024/21/1014,2024,21,NCDC weekly outbreaks/2024/week21_1788951532.pdf,14,21,MATCH,Maharashtra,Aurangabad,Aurangabad,Jalgaon Cholera,Cholera,89,0,Under Surveillance,21-05-2024,2024-05-21,24-05-2024,2024-05-24,2024-05-20,2024-05-26,TEXT,HIGH,,UNVALIDATED,Official IDSP unique ID: MH/JGA/2024/21/1014,Aurangabad,VERBATIM_MATCH,Clean district text from source,Aurangabad,Cholera,BOUNDARY_TRIMMED,Trimmed neighboring state/district prefix from disease string,2024-05-21,2024-05-24,NORMAL,2024,21,5,May,Q2,2024,COMPLETE_YEAR,NOT_FLAGGED
MAHA-2024-W21-003,MH/NAG/2024/21/1015,2024,21,NCDC weekly outbreaks/2024/week21_1788951532.pdf,14,21,MATCH,Maharashtra,Nagpur,Nagpur,Dengue,Dengue,16,1,Under Control,22-05-2024,2024-05-22,22-05-2024,2024-05-22,2024-05-20,2024-05-26,TEXT,HIGH,,UNVALIDATED,Official IDSP unique ID: MH/NAG/2024/21/1015,Nagpur,VERBATIM_MATCH,Clean district text from source,Nagpur,Dengue,CLEAN,Clean disease text,2024-05-22,2024-05-22,NORMAL,2024,21,5,May,Q2,2024,COMPLETE_YEAR,NOT_FLAGGED
MAHA-2024-W21-004,MH/SIN/2024/21/1016,2024,21,NCDC weekly outbreaks/2024/week21_1788951532.pdf,15,21,MATCH,Maharashtra,Sindhudurg,Sindhudurg,Acute Diarrheal Disease,Acute_Diarrheal_Disease,23,0,Under Surveillance,19-05-2024,2024-05-19,20-05-2024,2024-05-20,2024-05-20,2024-05-26,TEXT,HIGH,,UNVALIDATED,Official IDSP unique ID: MH/SIN/2024/21/1016,Sindhudurg,WHITESPACE_ARTIFACT_RESOLVED,Whitespace artifact resolved: Sindhudur g -> Sindhudurg,Sindhudurg,Acute Diarrheal Disease,CLEAN,Clean disease text,2024-05-19,2024-05-20,NORMAL,2024,21,5,May,Q2,2024,COMPLETE_YEAR,NOT_FLAGGED
MAHA-2024-W21-005,MH/YVT/2024/21/1017,2024,21,NCDC weekly outbreaks/2024/week21_1788951532.pdf,15,21,MATCH,Maharashtra,Nagpur,Nagpur,Yavatmal Food Poisoning,Food_Poisoning,18,0,Under Control,22-05-2024,2024-05-22,23-05-2024,2024-05-23,2024-05-20,2024-05-26,TEXT,HIGH,,UNVALIDATED,Official IDSP unique ID: MH/YVT/2024/21/1017,Nagpur,VERBATIM_MATCH,Clean district text from source,Nagpur,Food Poisoning,WHITESPACE_STANDARDIZED,Standardized capitalization: Food poisoning -> Food Poisoning,2024-05-22,2024-05-23,NORMAL,2024,21,5,May,Q2,2024,COMPLETE_YEAR,NOT_FLAGGED
MAHA-2024-W21-006,MH/KOP/2024/21/1034,2024,21,NCDC weekly outbreaks/2024/week21_1788951532.pdf,20,21,MATCH,Maharashtra,Kolhapur,Kolhapur,Chikungunya,Chikungunya,18,0,Under Control,03-05-2024,2024-05-03,25-04-2024,2024-04-25,2024-05-20,2024-05-26,TEXT,HIGH,,UNVALIDATED,Official IDSP unique ID: MH/KOP/2024/21/1034,Kolhapur,VERBATIM_MATCH,Clean district text from source,Kolhapur,Chikungunya,WHITESPACE_STANDARDIZED,Standardized broken whitespace in Chikungunya,2024-05-03,2024-04-25,OUTBREAK_DATE_AFTER_REPORT_DATE,2024,21,5,May,Q2,2024,COMPLETE_YEAR,NOT_FLAGGED
MAHA-2024-W22-001,MH/GAD/2024/22/1087,2024,22,NCDC weekly outbreaks/2024/week22_1788951544.pdf,16,22,MATCH,Maharashtra,Gadchiroli,Gadchiroli,Dengue,Dengue,48,0,Under Surveillance,25-01-2024,2024-01-25,27-05-2024,2024-05-27,2024-05-27,2024-06-02,TEXT,HIGH,,UNVALIDATED,Official IDSP unique ID: MH/GAD/2024/22/1087,Gadchiroli,VERBATIM_MATCH,Clean district text from source,Gadchiroli,Dengue,CLEAN,Clean disease text,2024-01-25,2024-05-27,NORMAL,2024,22,1,January,Q1,2024,COMPLETE_YEAR,NOT_FLAGGED
MAHA-2024-W22-002,MH/NAN/2024/22/1088,2024,22,NCDC weekly outbreaks/2024/week22_1788951544.pdf,17,22,MATCH,Maharashtra,Nanded,Nanded,Dengue,Dengue,12,0,Under Surveillance,28-05-2024,2024-05-28,29-05-2024,2024-05-29,2024-05-27,2024-06-02,TEXT,HIGH,,UNVALIDATED,Official IDSP unique ID: MH/NAN/2024/22/1088,Nanded,VERBATIM_MATCH,Clean district text from source,Nanded,Dengue,CLEAN,Clean disease text,2024-05-28,2024-05-29,NORMAL,2024,22,5,May,Q2,2024,COMPLETE_YEAR,SEPARATE_OUTBREAK
MAHA-2024-W22-003,MH/PNE/2024/22/1089,2024,22,NCDC weekly outbreaks/2024/week22_1788951544.pdf,17,22,MATCH,Maharashtra,Pune,Pune,Dengue,Dengue,7,0,Under Surveillance,25-05-2024,2024-05-25,29-05-2024,2024-05-29,2024-05-27,2024-06-02,TEXT,HIGH,,UNVALIDATED,Official IDSP unique ID: MH/PNE/2024/22/1089,Pune,VERBATIM_MATCH,Clean district text from source,Pune,Dengue,CLEAN,Clean disease text,2024-05-25,2024-05-29,NORMAL,2024,22,5,May,Q2,2024,COMPLETE_YEAR,SEPARATE_OUTBREAK
MAHA-2024-W22-004,MH/PNE/2024/22/1090,2024,22,NCDC weekly outbreaks/2024/week22_1788951544.pdf,17,22,MATCH,Maharashtra,Pune,Pune,Cholera,Cholera,5,0,Under Surveillance,20-05-2024,2024-05-20,28-05-2024,2024-05-28,2024-05-27,2024-06-02,TEXT,HIGH,,UNVALIDATED,Official IDSP unique ID: MH/PNE/2024/22/1090,Pune,VERBATIM_MATCH,Clean district text from source,Pune,Cholera,CLEAN,Clean disease text,2024-05-20,2024-05-28,NORMAL,2024,22,5,May,Q2,2024,COMPLETE_YEAR,SEPARATE_OUTBREAK
MAHA-2024-W23-001,MH/GAD/2024/23/1139,2024,23,NCDC weekly outbreaks/2024/week23_1788951559.pdf,11,23,MATCH,Maharashtra,Gadchiroli,Gadchiroli,Malaria,Malaria,8,1,Under Control,06-06-2024,2024-06-06,07-06-2024,2024-06-07,2024-06-03,2024-06-09,TEXT,HIGH,,UNVALIDATED,Official IDSP unique ID: MH/GAD/2024/23/1139,Gadchiroli,VERBATIM_MATCH,Clean district text from source,Gadchiroli,Malaria,CLEAN,Clean disease text,2024-06-06,2024-06-07,NORMAL,2024,23,6,June,Q2,2024,COMPLETE_YEAR,SEPARATE_OUTBREAK
MAHA-2024-W23-002,MH/KOP/2024/23/1140,2024,23,NCDC weekly outbreaks/2024/week23_1788951559.pdf,11,23,MATCH,Maharashtra,Kolhapur,Kolhapur,Zika Virus,Zika_Virus,1,0,Under Surveillance,03-06-2024,2024-06-03,03-06-2024,2024-06-03,2024-06-03,2024-06-09,TEXT,HIGH,,UNVALIDATED,Official IDSP unique ID: MH/KOP/2024/23/1140,Kolhapur,VERBATIM_MATCH,Clean district text from source,Kolhapur,Zika Virus,CLEAN,Clean disease text,2024-06-03,2024-06-03,NORMAL,2024,23,6,June,Q2,2024,COMPLETE_YEAR,NOT_FLAGGED
MAHA-2024-W23-003,MH/NAG/2024/23/1141,2024,23,NCDC weekly outbreaks/2024/week23_1788951559.pdf,12,23,MATCH,Maharashtra,Nagpur,Nagpur,Cholera,Cholera,5,0,Under Control,04-06-2024,2024-06-04,07-06-2024,2024-06-07,2024-06-03,2024-06-09,TEXT,HIGH,,UNVALIDATED,Official IDSP unique ID: MH/NAG/2024/23/1141,Nagpur,VERBATIM_MATCH,Clean district text from source,Nagpur,Cholera,CLEAN,Clean disease text,2024-06-04,2024-06-07,NORMAL,2024,23,6,June,Q2,2024,COMPLETE_YEAR,NOT_FLAGGED
MAHA-2024-W23-004,MH/THN/2024/23/1142,2024,23,NCDC weekly outbreaks/2024/week23_1788951559.pdf,12,23,MATCH,Maharashtra,Thane,Thane,Dengue,Dengue,24,0,Under Surveillance,06-06-2024,2024-06-06,07-06-2024,2024-06-07,2024-06-03,2024-06-09,TEXT,HIGH,,UNVALIDATED,Official IDSP unique ID: MH/THN/2024/23/1142,Thane,VERBATIM_MATCH,Clean district text from source,Thane,Dengue,CLEAN,Clean disease text,2024-06-06,2024-06-07,NORMAL,2024,23,6,June,Q2,2024,COMPLETE_YEAR,NOT_FLAGGED
MAHA-2024-W24-001,MH/BNR/2024/24/1214,2024,24,NCDC weekly outbreaks/2024/week24_1788951570.pdf,18,24,MATCH,Maharashtra,Bhandara,Bhandara,Japanese Encephalitis,Japanese Encephalitis,3,1,Under Control,13-06-2024,2024-06-13,13-06-2024,2024-06-13,2024-06-10,2024-06-16,TEXT,HIGH,,UNVALIDATED,Official IDSP unique ID: MH/BNR/2024/24/1214,Bhandara,VERBATIM_MATCH,Clean district text from source,Bhandara,Japanese Encephalitis,CLEAN,Clean disease text,2024-06-13,2024-06-13,NORMAL,2024,24,6,June,Q2,2024,COMPLETE_YEAR,NOT_FLAGGED
MAHA-2024-W24-002,MH/GAG/2024/24/1215,2024,24,NCDC weekly outbreaks/2024/week24_1788951570.pdf,18,24,MATCH,Maharashtra,Gadchiroli,Gadchiroli,Malaria,Malaria,5,1,Under Control,08-06-2024,2024-06-08,12-06-2024,2024-06-12,2024-06-10,2024-06-16,TEXT,HIGH,,UNVALIDATED,Official IDSP unique ID: MH/GAG/2024/24/1215,Gadchiroli,VERBATIM_MATCH,Clean district text from source,Gadchiroli,Malaria,CLEAN,Clean disease text,2024-06-08,2024-06-12,NORMAL,2024,24,6,June,Q2,2024,COMPLETE_YEAR,SEPARATE_OUTBREAK
MAHA-2024-W24-003,MH/NAG/2024/24/1216,2024,24,NCDC weekly outbreaks/2024/week24_1788951570.pdf,18,24,MATCH,Maharashtra,Nagpur,Nagpur,Chikungunya,Chikungunya,40,0,Under Surveillance,10-06-2024,2024-06-10,11-06-2024,2024-06-11,2024-06-10,2024-06-16,TEXT,HIGH,,UNVALIDATED,Official IDSP unique ID: MH/NAG/2024/24/1216,Nagpur,VERBATIM_MATCH,Clean district text from source,Nagpur,Chikungunya,WHITESPACE_STANDARDIZED,Standardized broken whitespace in Chikungunya,2024-06-10,2024-06-11,NORMAL,2024,24,6,June,Q2,2024,COMPLETE_YEAR,NOT_FLAGGED
MAHA-2024-W24-004,MH/NAN/2024/24/1217,2024,24,NCDC weekly outbreaks/2024/week24_1788951570.pdf,19,24,MATCH,Maharashtra,Nanded,Nanded,Dengue,Dengue,13,0,Under Surveillance,07-06-2024,2024-06-07,13-06-2024,2024-06-13,2024-06-10,2024-06-16,TEXT,HIGH,,UNVALIDATED,Official IDSP unique ID: MH/NAN/2024/24/1217,Nanded,VERBATIM_MATCH,Clean district text from source,Nanded,Dengue,CLEAN,Clean disease text,2024-06-07,2024-06-13,NORMAL,2024,24,6,June,Q2,2024,COMPLETE_YEAR,SEPARATE_OUTBREAK
MAHA-2024-W24-005,MH/PLR/2024/24/1218,2024,24,NCDC weekly outbreaks/2024/week24_1788951570.pdf,19,24,MATCH,Maharashtra,Palghar,Palghar,Chikungunya,Chikungunya,6,0,Under Surveillance,14-06-2024,2024-06-14,15-06-2024,2024-06-15,2024-06-10,2024-06-16,TEXT,HIGH,,UNVALIDATED,Official IDSP unique ID: MH/PLR/2024/24/1218,Palghar,VERBATIM_MATCH,Clean district text from source,Palghar,Chikungunya,WHITESPACE_STANDARDIZED,Standardized broken whitespace in Chikungunya,2024-06-14,2024-06-15,NORMAL,2024,24,6,June,Q2,2024,COMPLETE_YEAR,NOT_FLAGGED
MAHA-2024-W24-006,MH/PNE/2024/24/1219,2024,24,NCDC weekly outbreaks/2024/week24_1788951570.pdf,19,24,MATCH,Maharashtra,Pune,Pune,Cholera,Cholera,81,0,Under Surveillance,11-06-2024,2024-06-11,13-06-2024,2024-06-13,2024-06-10,2024-06-16,TEXT,HIGH,,UNVALIDATED,Official IDSP unique ID: MH/PNE/2024/24/1219,Pune,VERBATIM_MATCH,Clean district text from source,Pune,Cholera,CLEAN,Clean disease text,2024-06-11,2024-06-13,NORMAL,2024,24,6,June,Q2,2024,COMPLETE_YEAR,SEPARATE_OUTBREAK
MAHA-2024-W24-007,MH/SGL/2024/24/1220,2024,24,NCDC weekly outbreaks/2024/week24_1788951570.pdf,20,24,MATCH,Maharashtra,Sangli,Sangli,Dengue,Dengue,8,1,Under Surveillance,12-06-2024,2024-06-12,11-06-2024,2024-06-11,2024-06-10,2024-06-16,TEXT,HIGH,,UNVALIDATED,Official IDSP unique ID: MH/SGL/2024/24/1220,Sangli,VERBATIM_MATCH,Clean district text from source,Sangli,Dengue,CLEAN,Clean disease text,2024-06-12,2024-06-11,OUTBREAK_DATE_AFTER_REPORT_DATE,2024,24,6,June,Q2,2024,COMPLETE_YEAR,NOT_FLAGGED
MAHA-2024-W24-008,MH/SGL/2024/24/1221,2024,24,NCDC weekly outbreaks/2024/week24_1788951570.pdf,20,24,MATCH,Maharashtra,Sangli,Sangli,Food Poisoning,Food_Poisoning,20,0,Under Control,12-06-2024,2024-06-12,11-06-2024,2024-06-11,2024-06-10,2024-06-16,TEXT,HIGH,,UNVALIDATED,Official IDSP unique ID: MH/SGL/2024/24/1221,Sangli,VERBATIM_MATCH,Clean district text from source,Sangli,Food Poisoning,WHITESPACE_STANDARDIZED,Standardized capitalization: Food poisoning -> Food Poisoning,2024-06-12,2024-06-11,OUTBREAK_DATE_AFTER_REPORT_DATE,2024,24,6,June,Q2,2024,COMPLETE_YEAR,NOT_FLAGGED
MAHA-2024-W24-009,MH/STA/2024/24/1222,2024,24,NCDC weekly outbreaks/2024/week24_1788951570.pdf,20,24,MATCH,Maharashtra,Pune,Pune,Satara Acute Diarrheal Disease,Acute_Diarrheal_Disease,106,0,Under Surveillance,10-06-2024,2024-06-10,11-06-2024,2024-06-11,2024-06-10,2024-06-16,TEXT,HIGH,,UNVALIDATED,Official IDSP unique ID: MH/STA/2024/24/1222,Pune,VERBATIM_MATCH,Clean district text from source,Pune,Acute Diarrheal Disease,BOUNDARY_TRIMMED,Trimmed neighboring state/district prefix from disease string,2024-06-10,2024-06-11,NORMAL,2024,24,6,June,Q2,2024,COMPLETE_YEAR,NOT_FLAGGED
MAHA-2024-W25-001,MH/JGA/2024/25/1286,2024,25,NCDC weekly outbreaks/2024/week25_1788951582.pdf,14,25,MATCH,Maharashtra,Jalgaon,Jalgaon,Acute Diarrheal Disease,Acute_Diarrheal_Disease,115,0,Under Control,18-06-2024,2024-06-18,19-06-2024,2024-06-19,2024-06-17,2024-06-23,TEXT,HIGH,,UNVALIDATED,Official IDSP unique ID: MH/JGA/2024/25/1286,Jalgaon,VERBATIM_MATCH,Clean district text from source,Jalgaon,Acute Diarrheal Disease,CLEAN,Clean disease text,2024-06-18,2024-06-19,NORMAL,2024,25,6,June,Q2,2024,COMPLETE_YEAR,NOT_FLAGGED
MAHA-2024-W25-002,MH/KOP/2024/25/1287,2024,25,NCDC weekly outbreaks/2024/week25_1788951582.pdf,15,25,MATCH,Maharashtra,Kolhapur,Kolhapur,Dengue,Dengue,24,0,Under Surveillance,22-06-2024,2024-06-22,23-06-2024,2024-06-23,2024-06-17,2024-06-23,TEXT,HIGH,,UNVALIDATED,Official IDSP unique ID: MH/KOP/2024/25/1287,Kolhapur,VERBATIM_MATCH,Clean district text from source,Kolhapur,Dengue,CLEAN,Clean disease text,2024-06-22,2024-06-23,NORMAL,2024,25,6,June,Q2,2024,COMPLETE_YEAR,SEPARATE_OUTBREAK
MAHA-2024-W25-003,MH/KOP/2024/25/1288,2024,25,NCDC weekly outbreaks/2024/week25_1788951582.pdf,15,25,MATCH,Maharashtra,Kolhapur,Kolhapur,Hepatitis A,Hepatitis,35,0,Under Surveillance,20-06-2024,2024-06-20,20-06-2024,2024-06-20,2024-06-17,2024-06-23,TEXT,HIGH,,UNVALIDATED,Official IDSP unique ID: MH/KOP/2024/25/1288,Kolhapur,VERBATIM_MATCH,Clean district text from source,Kolhapur,Hepatitis A,CLEAN,Clean disease text,2024-06-20,2024-06-20,NORMAL,2024,25,6,June,Q2,2024,COMPLETE_YEAR,NOT_FLAGGED
MAHA-2024-W25-004,MH/OSM/2024/25/1289,2024,25,NCDC weekly outbreaks/2024/week25_1788951582.pdf,15,25,MATCH,Maharashtra,Osmanabad,Osmanabad,Dengue,Dengue,14,0,Under Control,19-06-2024,2024-06-19,20-06-2024,2024-06-20,2024-06-17,2024-06-23,TEXT,HIGH,,UNVALIDATED,Official IDSP unique ID: MH/OSM/2024/25/1289,Osmanabad,VERBATIM_MATCH,Clean district text from source,Osmanabad,Dengue,CLEAN,Clean disease text,2024-06-19,2024-06-20,NORMAL,2024,25,6,June,Q2,2024,COMPLETE_YEAR,NOT_FLAGGED
MAHA-2024-W26-001,MH/GOD/2024/26/1335,2024,26,NCDC weekly outbreaks/2024/week26_1788951715.pdf,12,26,MATCH,Maharashtra,Gondia,Gondia,Acute Diarrheal Disease,Acute_Diarrheal_Disease,6,1,Under Control,27-06-2024,2024-06-27,27-06-2024,2024-06-27,2024-06-24,2024-06-30,TEXT,HIGH,,UNVALIDATED,Official IDSP unique ID: MH/GOD/2024/26/1335,Gondia,VERBATIM_MATCH,Clean district text from source,Gondia,Acute Diarrheal Disease,CLEAN,Clean disease text,2024-06-27,2024-06-27,NORMAL,2024,26,6,June,Q2,2024,COMPLETE_YEAR,NOT_FLAGGED
MAHA-2024-W26-002,MH/GOD/2024/26/1336,2024,26,NCDC weekly outbreaks/2024/week26_1788951715.pdf,13,26,MATCH,Maharashtra,Gondia,Gondia,Pertussis,Pertussis,9,0,Under Control,24-06-2024,2024-06-24,24-06-2024,2024-06-24,2024-06-24,2024-06-30,TEXT,HIGH,,UNVALIDATED,Official IDSP unique ID: MH/GOD/2024/26/1336,Gondia,VERBATIM_MATCH,Clean district text from source,Gondia,Pertussis,CLEAN,Clean disease text,2024-06-24,2024-06-24,NORMAL,2024,26,6,June,Q2,2024,COMPLETE_YEAR,NOT_FLAGGED
MAHA-2024-W26-003,MH/JLN/2024/26/1337,2024,26,NCDC weekly outbreaks/2024/week26_1788951715.pdf,13,26,MATCH,Maharashtra,Jalna,Jalna,Acute Diarrheal Disease,Acute_Diarrheal_Disease,23,0,Under Control,24-06-2024,2024-06-24,26-06-2024,2024-06-26,2024-06-24,2024-06-30,TEXT,HIGH,,UNVALIDATED,Official IDSP unique ID: MH/JLN/2024/26/1337,Jalna,VERBATIM_MATCH,Clean district text from source,Jalna,Acute Diarrheal Disease,CLEAN,Clean disease text,2024-06-24,2024-06-26,NORMAL,2024,26,6,June,Q2,2024,COMPLETE_YEAR,NOT_FLAGGED
MAHA-2024-W26-004,MH/KOP/2024/26/1338,2024,26,NCDC weekly outbreaks/2024/week26_1788951715.pdf,13,26,MATCH,Maharashtra,Kolhapur,Kolhapur,Chikungunya,Chikungunya,7,0,Under Surveillance,29-06-2024,2024-06-29,29-06-2024,2024-06-29,2024-06-24,2024-06-30,TEXT,HIGH,,UNVALIDATED,Official IDSP unique ID: MH/KOP/2024/26/1338,Kolhapur,VERBATIM_MATCH,Clean district text from source,Kolhapur,Chikungunya,WHITESPACE_STANDARDIZED,Standardized broken whitespace in Chikungunya,2024-06-29,2024-06-29,NORMAL,2024,26,6,June,Q2,2024,COMPLETE_YEAR,NOT_FLAGGED
MAHA-2024-W26-005,MH/KOP/2024/26/1339,2024,26,NCDC weekly outbreaks/2024/week26_1788951715.pdf,14,26,MATCH,Maharashtra,Kolhapur,Kolhapur,Cholera,Cholera,7,0,Under Surveillance,28-06-2024,2024-06-28,28-06-2024,2024-06-28,2024-06-24,2024-06-30,TEXT,HIGH,,UNVALIDATED,Official IDSP unique ID: MH/KOP/2024/26/1339,Kolhapur,VERBATIM_MATCH,Clean district text from source,Kolhapur,Cholera,CLEAN,Clean disease text,2024-06-28,2024-06-28,NORMAL,2024,26,6,June,Q2,2024,COMPLETE_YEAR,NOT_FLAGGED
MAHA-2024-W26-006,MH/KOP/2024/26/1340,2024,26,NCDC weekly outbreaks/2024/week26_1788951715.pdf,14,26,MATCH,Maharashtra,Kolhapur,Kolhapur,Dengue,Dengue,1,1,Under Surveillance,25-06-2024,2024-06-25,25-06-2024,2024-06-25,2024-06-24,2024-06-30,TEXT,HIGH,,UNVALIDATED,Official IDSP unique ID: MH/KOP/2024/26/1340,Kolhapur,VERBATIM_MATCH,Clean district text from source,Kolhapur,Dengue,CLEAN,Clean disease text,2024-06-25,2024-06-25,NORMAL,2024,26,6,June,Q2,2024,COMPLETE_YEAR,SEPARATE_OUTBREAK
MAHA-2024-W26-007,MH/NAN/2024/26/1341,2024,26,NCDC weekly outbreaks/2024/week26_1788951715.pdf,14,26,MATCH,Maharashtra,Nanded,Nanded,Acute Diarrheal Disease,Acute_Diarrheal_Disease,30,0,Under Surveillance,27-06-2024,2024-06-27,27-06-2024,2024-06-27,2024-06-24,2024-06-30,TEXT,HIGH,,UNVALIDATED,Official IDSP unique ID: MH/NAN/2024/26/1341,Nanded,VERBATIM_MATCH,Clean district text from source,Nanded,Acute Diarrheal Disease,CLEAN,Clean disease text,2024-06-27,2024-06-27,NORMAL,2024,26,6,June,Q2,2024,COMPLETE_YEAR,NOT_FLAGGED
MAHA-2024-W26-008,MH/PNE/2024/26/1342,2024,26,NCDC weekly outbreaks/2024/week26_1788951715.pdf,15,26,MATCH,Maharashtra,Pune,Pune,Zika Virus,Zika_Virus,8,0,Under Surveillance,24-06-2024,2024-06-24,27-06-2024,2024-06-27,2024-06-24,2024-06-30,TEXT,HIGH,,UNVALIDATED,Official IDSP unique ID: MH/PNE/2024/26/1342,Pune,VERBATIM_MATCH,Clean district text from source,Pune,Zika Virus,CLEAN,Clean disease text,2024-06-24,2024-06-27,NORMAL,2024,26,6,June,Q2,2024,COMPLETE_YEAR,SEPARATE_OUTBREAK
MAHA-2024-W26-009,MH/PNE/2024/26/1343,2024,26,NCDC weekly outbreaks/2024/week26_1788951715.pdf,15,26,MATCH,Maharashtra,Pune,Pune,Dengue,Dengue,5,0,Under Surveillance,19-06-2024,2024-06-19,25-06-2024,2024-06-25,2024-06-24,2024-06-30,TEXT,HIGH,,UNVALIDATED,Official IDSP unique ID: MH/PNE/2024/26/1343,Pune,VERBATIM_MATCH,Clean district text from source,Pune,Dengue,CLEAN,Clean disease text,2024-06-19,2024-06-25,NORMAL,2024,26,6,June,Q2,2024,COMPLETE_YEAR,NOT_FLAGGED
MAHA-2024-W26-010,MH/PNE/2024/26/1344,2024,26,NCDC weekly outbreaks/2024/week26_1788951715.pdf,15,26,MATCH,Maharashtra,Pune,Pune,Chikungunya,Chikungunya,12,0,Under Surveillance,19-06-2024,2024-06-19,25-06-2024,2024-06-25,2024-06-24,2024-06-30,TEXT,HIGH,,UNVALIDATED,Official IDSP unique ID: MH/PNE/2024/26/1344,Pune,VERBATIM_MATCH,Clean district text from source,Pune,Chikungunya,WHITESPACE_STANDARDIZED,Standardized broken whitespace in Chikungunya,2024-06-19,2024-06-25,NORMAL,2024,26,6,June,Q2,2024,COMPLETE_YEAR,NOT_FLAGGED
MAHA-2024-W26-011,MH/RGD/2024/26/1345,2024,26,NCDC weekly outbreaks/2024/week26_1788951715.pdf,15,26,MATCH,Maharashtra,Mumbai,Mumbai City,Dengue,Dengue,2,1,Under Surveillance,24-06-2024,2024-06-24,25-06-2024,2024-06-25,2024-06-24,2024-06-30,TEXT,HIGH,,UNVALIDATED,Official IDSP unique ID: MH/RGD/2024/26/1345,Mumbai,VERBATIM_MATCH,Source specifies Mumbai without suburban qualifier,Mumbai,Dengue,CLEAN,Clean disease text,2024-06-24,2024-06-25,NORMAL,2024,26,6,June,Q2,2024,COMPLETE_YEAR,SEPARATE_OUTBREAK
MAHA-2024-W26-012,MH/SGL/2024/26/1346,2024,26,NCDC weekly outbreaks/2024/week26_1788951715.pdf,16,26,MATCH,Maharashtra,Sangli,Sangli,Cholera,Cholera,50,0,Under Control,29-06-2024,2024-06-29,29-06-2024,2024-06-29,2024-06-24,2024-06-30,TEXT,HIGH,,UNVALIDATED,Official IDSP unique ID: MH/SGL/2024/26/1346,Sangli,VERBATIM_MATCH,Clean district text from source,Sangli,Cholera,CLEAN,Clean disease text,2024-06-29,2024-06-29,NORMAL,2024,26,6,June,Q2,2024,COMPLETE_YEAR,NOT_FLAGGED
MAHA-2024-W26-013,MH/STA/2024/26/1347,2024,26,NCDC weekly outbreaks/2024/week26_1788951715.pdf,16,26,MATCH,Maharashtra,Satara,Satara,Dengue,Dengue,7,0,Under Control,25-06-2024,2024-06-25,28-06-2024,2024-06-28,2024-06-24,2024-06-30,TEXT,HIGH,,UNVALIDATED,Official IDSP unique ID: MH/STA/2024/26/1347,Satara,VERBATIM_MATCH,Clean district text from source,Satara,Dengue,CLEAN,Clean disease text,2024-06-25,2024-06-28,NORMAL,2024,26,6,June,Q2,2024,COMPLETE_YEAR,SEPARATE_OUTBREAK
MAHA-2024-W26-014,MH/WAD/2024/26/1348,2024,26,NCDC weekly outbreaks/2024/week26_1788951715.pdf,16,26,MATCH,Maharashtra,Washim,Washim,Cholera,Cholera,25,0,Under Control,23-06-2024,2024-06-23,24-06-2024,2024-06-24,2024-06-24,2024-06-30,TEXT,HIGH,,UNVALIDATED,Official IDSP unique ID: MH/WAD/2024/26/1348,Washim,VERBATIM_MATCH,Clean district text from source,Washim,Cholera,CLEAN,Clean disease text,2024-06-23,2024-06-24,NORMAL,2024,26,6,June,Q2,2024,COMPLETE_YEAR,NOT_FLAGGED
MAHA-2024-W26-015,MH/YVT/2024/26/1349,2024,26,NCDC weekly outbreaks/2024/week26_1788951715.pdf,16,26,MATCH,Maharashtra,Yavatmal,Yavatmal,Dengue,Dengue,40,0,Under Control,29-06-2024,2024-06-29,29-06-2024,2024-06-29,2024-06-24,2024-06-30,TEXT,HIGH,,UNVALIDATED,Official IDSP unique ID: MH/YVT/2024/26/1349,Yavatmal,VERBATIM_MATCH,Clean district text from source,Yavatmal,Dengue,CLEAN,Clean disease text,2024-06-29,2024-06-29,NORMAL,2024,26,6,June,Q2,2024,COMPLETE_YEAR,NOT_FLAGGED
MAHA-2024-W26-016,MH/NAS/2024/26/1374,2024,26,NCDC weekly outbreaks/2024/week26_1788951715.pdf,26,26,MATCH,Maharashtra,Nashik,Nashik,Dengue,Dengue,5,1,Under Control,13-06-2024,2024-06-13,,,2024-06-24,2024-06-30,TEXT,HIGH,,UNVALIDATED,Official IDSP unique ID: MH/NAS/2024/26/1374,Nashik,VERBATIM_MATCH,Clean district text from source,Nashik,Dengue,CLEAN,Clean disease text,2024-06-13,,REPORT_DATE_MISSING,2024,26,6,June,Q2,2024,COMPLETE_YEAR,NOT_FLAGGED
MAHA-2024-W26-017,MH/PNE/2024/26/1375,2024,26,NCDC weekly outbreaks/2024/week26_1788951715.pdf,26,26,MATCH,Maharashtra,Pune,Pune,Typhoid,Typhoid,14,0,Under Surveillance,14-06-2024,2024-06-14,,,2024-06-24,2024-06-30,TEXT,HIGH,,UNVALIDATED,Official IDSP unique ID: MH/PNE/2024/26/1375,Pune,VERBATIM_MATCH,Clean district text from source,Pune,Typhoid,CLEAN,Clean disease text,2024-06-14,,REPORT_DATE_MISSING,2024,26,6,June,Q2,2024,COMPLETE_YEAR,NOT_FLAGGED
MAHA-2024-W26-018,MH/RGD/2024/26/1376,2024,26,NCDC weekly outbreaks/2024/week26_1788951715.pdf,26,26,MATCH,Maharashtra,Raigad,Raigad,Dengue,Dengue,84,0,Under Surveillance,16-06-2024,2024-06-16,30-05-2024,2024-05-30,2024-06-24,2024-06-30,TEXT,HIGH,,UNVALIDATED,Official IDSP unique ID: MH/RGD/2024/26/1376,Raigad,VERBATIM_MATCH,Clean district text from source,Raigad,Dengue,CLEAN,Clean disease text,2024-06-16,2024-05-30,OUTBREAK_DATE_AFTER_REPORT_DATE,2024,26,6,June,Q2,2024,COMPLETE_YEAR,SEPARATE_OUTBREAK
MAHA-2024-W27-001,MH/AKL/2024/27/1423,2024,27,NCDC weekly outbreaks/2024/week27_1788951732.pdf,15,27,MATCH,Maharashtra,Akola,Akola,Cholera,Cholera,18,0,Under Control,03-07-2024,2024-07-03,03-07-2024,2024-07-03,2024-07-01,2024-07-07,TEXT,HIGH,,UNVALIDATED,Official IDSP unique ID: MH/AKL/2024/27/1423,Akola,VERBATIM_MATCH,Clean district text from source,Akola,Cholera,CLEAN,Clean disease text,2024-07-03,2024-07-03,NORMAL,2024,27,7,July,Q3,2024,COMPLETE_YEAR,SEPARATE_OUTBREAK
MAHA-2024-W27-002,MH/CND/2024/27/1424,2024,27,NCDC weekly outbreaks/2024/week27_1788951732.pdf,16,27,MATCH,Maharashtra,Chandrapur,Chandrapur,Dengue,Dengue,24,0,Under Surveillance,04-07-2024,2024-07-04,05-07-2024,2024-07-05,2024-07-01,2024-07-07,TEXT,HIGH,,UNVALIDATED,Official IDSP unique ID: MH/CND/2024/27/1424,Chandrapur,WHITESPACE_ARTIFACT_RESOLVED,Whitespace artifact resolved: Chandrapu r -> Chandrapur,Chandrapur,Dengue,CLEAN,Clean disease text,2024-07-04,2024-07-05,NORMAL,2024,27,7,July,Q3,2024,COMPLETE_YEAR,NOT_FLAGGED
MAHA-2024-W27-003,MH/GAD/2024/27/1425,2024,27,NCDC weekly outbreaks/2024/week27_1788951732.pdf,16,27,MATCH,Maharashtra,Gadchiroli,Gadchiroli,Food Poisoning,Food_Poisoning,28,0,Under Control,04-07-2024,2024-07-04,05-07-2024,2024-07-05,2024-07-01,2024-07-07,TEXT,HIGH,,UNVALIDATED,Official IDSP unique ID: MH/GAD/2024/27/1425,Gadchiroli,VERBATIM_MATCH,Clean district text from source,Gadchiroli,Food Poisoning,WHITESPACE_STANDARDIZED,Standardized capitalization: Food poisoning -> Food Poisoning,2024-07-04,2024-07-05,NORMAL,2024,27,7,July,Q3,2024,COMPLETE_YEAR,NOT_FLAGGED
MAHA-2024-W27-004,MH/PNE/2024/27/1426,2024,27,NCDC weekly outbreaks/2024/week27_1788951732.pdf,16,27,MATCH,Maharashtra,Pune,Pune,Zika Virus,Zika_Virus,8,0,Under Surveillance,25-06-2024,2024-06-25,03-07-2024,2024-07-03,2024-07-01,2024-07-07,TEXT,HIGH,,UNVALIDATED,Official IDSP unique ID: MH/PNE/2024/27/1426,Pune,VERBATIM_MATCH,Clean district text from source,Pune,Zika Virus,CLEAN,Clean disease text,2024-06-25,2024-07-03,NORMAL,2024,27,6,June,Q2,2024,COMPLETE_YEAR,SEPARATE_OUTBREAK
MAHA-2024-W27-005,MH/RIG/2024/27/1427,2024,27,NCDC weekly outbreaks/2024/week27_1788951732.pdf,16,27,MATCH,Maharashtra,Raigad,Raigad,Dengue,Dengue,13,0,Under Surveillance,26-06-2024,2024-06-26,02-07-2024,2024-07-02,2024-07-01,2024-07-07,TEXT,HIGH,,UNVALIDATED,Official IDSP unique ID: MH/RIG/2024/27/1427,Raigad,VERBATIM_MATCH,Clean district text from source,Raigad,Dengue,CLEAN,Clean disease text,2024-06-26,2024-07-02,NORMAL,2024,27,6,June,Q2,2024,COMPLETE_YEAR,SEPARATE_OUTBREAK
MAHA-2024-W28-001,MH/AKO/2024/28/1498,2024,28,NCDC weekly outbreaks/2024/week28_1788951744.pdf,20,28,MATCH,Maharashtra,Akola,Akola,Acute Diarrheal Disease,Acute_Diarrheal_Disease,93,0,Under Control,12-07-2024,2024-07-12,12-07-2024,2024-07-12,2024-07-08,2024-07-14,TEXT,HIGH,,UNVALIDATED,Official IDSP unique ID: MH/AKO/2024/28/1498,Akola,VERBATIM_MATCH,Clean district text from source,Akola,Acute Diarrheal Disease,CLEAN,Clean disease text,2024-07-12,2024-07-12,NORMAL,2024,28,7,July,Q3,2024,COMPLETE_YEAR,SEPARATE_OUTBREAK
MAHA-2024-W28-002,MH/CDP/2024/28/1499,2024,28,NCDC weekly outbreaks/2024/week28_1788951744.pdf,21,28,MATCH,Maharashtra,Chandrapur,Chandrapur,Acute Diarrheal Disease,Acute_Diarrheal_Disease,12,1,Under Control,12-07-2024,2024-07-12,12-07-2024,2024-07-12,2024-07-08,2024-07-14,TEXT,HIGH,,UNVALIDATED,Official IDSP unique ID: MH/CDP/2024/28/1499,Chandrapur,WHITESPACE_ARTIFACT_RESOLVED,Whitespace artifact resolved: Chandrapu r -> Chandrapur,Chandrapur,Acute Diarrheal Disease,CLEAN,Clean disease text,2024-07-12,2024-07-12,NORMAL,2024,28,7,July,Q3,2024,COMPLETE_YEAR,NOT_FLAGGED
MAHA-2024-W28-003,MH/GAD/2024/28/1500,2024,28,NCDC weekly outbreaks/2024/week28_1788951744.pdf,21,28,MATCH,Maharashtra,Gadchiroli,Gadchiroli,Malaria,Malaria,3,1,Under Control,10-07-2024,2024-07-10,10-07-2024,2024-07-10,2024-07-08,2024-07-14,TEXT,HIGH,,UNVALIDATED,Official IDSP unique ID: MH/GAD/2024/28/1500,Gadchiroli,VERBATIM_MATCH,Clean district text from source,Gadchiroli,Malaria,CLEAN,Clean disease text,2024-07-10,2024-07-10,NORMAL,2024,28,7,July,Q3,2024,COMPLETE_YEAR,SEPARATE_OUTBREAK
MAHA-2024-W28-004,MH/HNG/2024/28/1501,2024,28,NCDC weekly outbreaks/2024/week28_1788951744.pdf,21,28,MATCH,Maharashtra,Hingoli,Hingoli,Acute Diarrheal Disease,Acute_Diarrheal_Disease,7,0,Under Surveillance,08-07-2024,2024-07-08,08-07-2024,2024-07-08,2024-07-08,2024-07-14,TEXT,HIGH,,UNVALIDATED,Official IDSP unique ID: MH/HNG/2024/28/1501,Hingoli,VERBATIM_MATCH,Clean district text from source,Hingoli,Acute Diarrheal Disease,CLEAN,Clean disease text,2024-07-08,2024-07-08,NORMAL,2024,28,7,July,Q3,2024,COMPLETE_YEAR,NOT_FLAGGED
MAHA-2024-W28-005,MH/LAT/2024/28/1502,2024,28,NCDC weekly outbreaks/2024/week28_1788951744.pdf,22,28,MATCH,Maharashtra,Latur,Latur,Dengue,Dengue,7,1,Under Control,08-07-2024,2024-07-08,08-07-2024,2024-07-08,2024-07-08,2024-07-14,TEXT,HIGH,,UNVALIDATED,Official IDSP unique ID: MH/LAT/2024/28/1502,Latur,VERBATIM_MATCH,Clean district text from source,Latur,Dengue,CLEAN,Clean disease text,2024-07-08,2024-07-08,NORMAL,2024,28,7,July,Q3,2024,COMPLETE_YEAR,NOT_FLAGGED
MAHA-2024-W28-006,MH/LAT/2024/28/1503,2024,28,NCDC weekly outbreaks/2024/week28_1788951744.pdf,22,28,MATCH,Maharashtra,Latur,Latur,Hepatitis A,Hepatitis,9,0,Under Control,08-07-2024,2024-07-08,08-07-2024,2024-07-08,2024-07-08,2024-07-14,TEXT,HIGH,,UNVALIDATED,Official IDSP unique ID: MH/LAT/2024/28/1503,Latur,VERBATIM_MATCH,Clean district text from source,Latur,Hepatitis A,CLEAN,Clean disease text,2024-07-08,2024-07-08,NORMAL,2024,28,7,July,Q3,2024,COMPLETE_YEAR,NOT_FLAGGED
MAHA-2024-W28-007,MH/PNE/2024/28/1504,2024,28,NCDC weekly outbreaks/2024/week28_1788951744.pdf,22,28,MATCH,Maharashtra,Pune,Pune,Zika Virus,Zika_Virus,2,0,Under Surveillance,10-07-2024,2024-07-10,12-07-2024,2024-07-12,2024-07-08,2024-07-14,TEXT,HIGH,,UNVALIDATED,Official IDSP unique ID: MH/PNE/2024/28/1504,Pune,VERBATIM_MATCH,Clean district text from source,Pune,Zika Virus,CLEAN,Clean disease text,2024-07-10,2024-07-12,NORMAL,2024,28,7,July,Q3,2024,COMPLETE_YEAR,SEPARATE_OUTBREAK
MAHA-2024-W28-008,MH/PNE/2024/28/1505,2024,28,NCDC weekly outbreaks/2024/week28_1788951744.pdf,22,28,MATCH,Maharashtra,Pune,Pune,Zika Virus,Zika_Virus,3,0,Under Surveillance,06-07-2024,2024-07-06,09-07-2024,2024-07-09,2024-07-08,2024-07-14,TEXT,HIGH,,UNVALIDATED,Official IDSP unique ID: MH/PNE/2024/28/1505,Pune,VERBATIM_MATCH,Clean district text from source,Pune,Zika Virus,CLEAN,Clean disease text,2024-07-06,2024-07-09,NORMAL,2024,28,7,July,Q3,2024,COMPLETE_YEAR,SEPARATE_OUTBREAK
MAHA-2024-W28-009,MH/RIG/2024/28/1506,2024,28,NCDC weekly outbreaks/2024/week28_1788951744.pdf,23,28,MATCH,Maharashtra,Mumbai,Mumbai City,Raigad Dengue,Dengue,1,1,Under Surveillance,11-07-2024,2024-07-11,12-07-2024,2024-07-12,2024-07-08,2024-07-14,TEXT,HIGH,,UNVALIDATED,Official IDSP unique ID: MH/RIG/2024/28/1506,Mumbai,VERBATIM_MATCH,Source specifies Mumbai without suburban qualifier,Mumbai,Dengue,BOUNDARY_TRIMMED,Trimmed neighboring state/district prefix from disease string,2024-07-11,2024-07-12,NORMAL,2024,28,7,July,Q3,2024,COMPLETE_YEAR,SEPARATE_OUTBREAK
MAHA-2024-W28-010,MH/ESAGRN/2024/28/1507,2024,28,NCDC weekly outbreaks/2024/week28_1788951744.pdf,23,28,MATCH,Maharashtra,Sangli,Sangli,Dengue,Dengue,2,1,Under Control,11-07-2024,2024-07-11,12-07-2024,2024-07-12,2024-07-08,2024-07-14,TEXT,HIGH,,UNVALIDATED,Official IDSP unique ID: MH/ESAGRN/2024/28/1507,Sangli,VERBATIM_MATCH,Clean district text from source,Sangli,Dengue,CLEAN,Clean disease text,2024-07-11,2024-07-12,NORMAL,2024,28,7,July,Q3,2024,COMPLETE_YEAR,NOT_FLAGGED
MAHA-2024-W28-011,MH/THN/2024/28/1508,2024,28,NCDC weekly outbreaks/2024/week28_1788951744.pdf,23,28,MATCH,Maharashtra,Thane,Thane,Dengue,Dengue,2,1,Under Surveillance,09-07-2024,2024-07-09,09-07-2024,2024-07-09,2024-07-08,2024-07-14,TEXT,HIGH,,UNVALIDATED,Official IDSP unique ID: MH/THN/2024/28/1508,Thane,VERBATIM_MATCH,Clean district text from source,Thane,Dengue,CLEAN,Clean disease text,2024-07-09,2024-07-09,NORMAL,2024,28,7,July,Q3,2024,COMPLETE_YEAR,NOT_FLAGGED
MAHA-2024-W28-012,MH/WHI/2024/28/1509,2024,28,NCDC weekly outbreaks/2024/week28_1788951744.pdf,24,28,MATCH,Maharashtra,Akola,Akola,Washim Dengue,Dengue,6,0,Under Control,12-07-2024,2024-07-12,12-07-2024,2024-07-12,2024-07-08,2024-07-14,TEXT,HIGH,,UNVALIDATED,Official IDSP unique ID: MH/WHI/2024/28/1509,Akola,VERBATIM_MATCH,Clean district text from source,Akola,Dengue,BOUNDARY_TRIMMED,Trimmed neighboring state/district prefix from disease string,2024-07-12,2024-07-12,NORMAL,2024,28,7,July,Q3,2024,COMPLETE_YEAR,NOT_FLAGGED
MAHA-2024-W28-013,MH/YVT/2024/28/1510,2024,28,NCDC weekly outbreaks/2024/week28_1788951744.pdf,24,28,MATCH,Maharashtra,Yavatmal,Yavatmal,Acute Diarrheal Disease,Acute_Diarrheal_Disease,43,0,Under Control,13-07-2024,2024-07-13,13-07-2024,2024-07-13,2024-07-08,2024-07-14,TEXT,HIGH,,UNVALIDATED,Official IDSP unique ID: MH/YVT/2024/28/1510,Yavatmal,VERBATIM_MATCH,Clean district text from source,Yavatmal,Acute Diarrheal Disease,CLEAN,Clean disease text,2024-07-13,2024-07-13,NORMAL,2024,28,7,July,Q3,2024,COMPLETE_YEAR,NOT_FLAGGED
MAHA-2024-W28-014,MH/YVT/2024/28/1511,2024,28,NCDC weekly outbreaks/2024/week28_1788951744.pdf,24,28,MATCH,Maharashtra,Yavatmal,Yavatmal,Cholera,Cholera,7,0,Under Control,12-07-2024,2024-07-12,12-07-2024,2024-07-12,2024-07-08,2024-07-14,TEXT,HIGH,,UNVALIDATED,Official IDSP unique ID: MH/YVT/2024/28/1511,Yavatmal,VERBATIM_MATCH,Clean district text from source,Yavatmal,Cholera,CLEAN,Clean disease text,2024-07-12,2024-07-12,NORMAL,2024,28,7,July,Q3,2024,COMPLETE_YEAR,SEPARATE_OUTBREAK
MAHA-2024-W28-015,MH/YVT/2024/28/1512,2024,28,NCDC weekly outbreaks/2024/week28_1788951744.pdf,24,28,MATCH,Maharashtra,Yavatmal,Yavatmal,Cholera,Cholera,30,0,Under Control,08-07-2024,2024-07-08,09-07-2024,2024-07-09,2024-07-08,2024-07-14,TEXT,HIGH,,UNVALIDATED,Official IDSP unique ID: MH/YVT/2024/28/1512,Yavatmal,VERBATIM_MATCH,Clean district text from source,Yavatmal,Cholera,CLEAN,Clean disease text,2024-07-08,2024-07-09,NORMAL,2024,28,7,July,Q3,2024,COMPLETE_YEAR,SEPARATE_OUTBREAK
MAHA-2024-W28-016,MH/PNE/2024/28/1547,2024,28,NCDC weekly outbreaks/2024/week28_1788951744.pdf,36,28,MATCH,Maharashtra,Pune,Pune,Zika Virus,Zika_Virus,1,0,Under Surveillance,03-07-2024,2024-07-03,24-04-2024,2024-04-24,2024-07-08,2024-07-14,TEXT,HIGH,,UNVALIDATED,Official IDSP unique ID: MH/PNE/2024/28/1547,Pune,VERBATIM_MATCH,Clean district text from source,Pune,Zika Virus,CLEAN,Clean disease text,2024-07-03,2024-04-24,OUTBREAK_DATE_AFTER_REPORT_DATE,2024,28,7,July,Q3,2024,COMPLETE_YEAR,SEPARATE_OUTBREAK
MAHA-2024-W29-001,MH/AHM/2024/29/1604,2024,29,NCDC weekly outbreaks/2024/week29_1788951764.pdf,19,29,MATCH,Maharashtra,Ahmednagar,Ahmednagar,Zika Virus,Zika_Virus,3,0,Under Surveillance,17-07-2024,2024-07-17,18-07-2024,2024-07-18,2024-07-15,2024-07-21,TEXT,HIGH,,UNVALIDATED,Official IDSP unique ID: MH/AHM/2024/29/1604,Ahmednagar,VERBATIM_MATCH,Clean district text from source,Ahmednagar,Zika Virus,CLEAN,Clean disease text,2024-07-17,2024-07-18,NORMAL,2024,29,7,July,Q3,2024,COMPLETE_YEAR,NOT_FLAGGED
MAHA-2024-W29-002,MH/AKL/2024/29/1605,2024,29,NCDC weekly outbreaks/2024/week29_1788951764.pdf,19,29,MATCH,Maharashtra,Akola,Akola,Acute Diarrheal Disease,Acute_Diarrheal_Disease,23,0,Under Control,19-07-2024,2024-07-19,19-07-2024,2024-07-19,2024-07-15,2024-07-21,TEXT,HIGH,,UNVALIDATED,Official IDSP unique ID: MH/AKL/2024/29/1605,Akola,VERBATIM_MATCH,Clean district text from source,Akola,Acute Diarrheal Disease,CLEAN,Clean disease text,2024-07-19,2024-07-19,NORMAL,2024,29,7,July,Q3,2024,COMPLETE_YEAR,SEPARATE_OUTBREAK
MAHA-2024-W29-003,MH/AMV/2024/29/1606,2024,29,NCDC weekly outbreaks/2024/week29_1788951764.pdf,19,29,MATCH,Maharashtra,Amravati,Amravati,Acute Diarrheal Disease,Acute_Diarrheal_Disease,89,1,Under Surveillance,16-07-2024,2024-07-16,16-07-2024,2024-07-16,2024-07-15,2024-07-21,TEXT,HIGH,,UNVALIDATED,Official IDSP unique ID: MH/AMV/2024/29/1606,Amravati,VERBATIM_MATCH,Clean district text from source,Amravati,Acute Diarrheal Disease,CLEAN,Clean disease text,2024-07-16,2024-07-16,NORMAL,2024,29,7,July,Q3,2024,COMPLETE_YEAR,SEPARATE_OUTBREAK
MAHA-2024-W29-004,MH/AMV/2024/29/1607,2024,29,NCDC weekly outbreaks/2024/week29_1788951764.pdf,20,29,MATCH,Maharashtra,Amravati,Amravati,Acute Diarrheal Disease,Acute_Diarrheal_Disease,70,0,Under Surveillance,15-07-2024,2024-07-15,15-07-2024,2024-07-15,2024-07-15,2024-07-21,TEXT,HIGH,,UNVALIDATED,Official IDSP unique ID: MH/AMV/2024/29/1607,Amravati,VERBATIM_MATCH,Clean district text from source,Amravati,Acute Diarrheal Disease,CLEAN,Clean disease text,2024-07-15,2024-07-15,NORMAL,2024,29,7,July,Q3,2024,COMPLETE_YEAR,SEPARATE_OUTBREAK
MAHA-2024-W29-005,MH/CDP/2024/29/1608,2024,29,NCDC weekly outbreaks/2024/week29_1788951764.pdf,20,29,MATCH,Maharashtra,Chandrapur,Chandrapur,Malaria,Malaria,30,1,Under Surveillance,18-07-2024,2024-07-18,19-07-2024,2024-07-19,2024-07-15,2024-07-21,TEXT,HIGH,,UNVALIDATED,Official IDSP unique ID: MH/CDP/2024/29/1608,Chandrapur,WHITESPACE_ARTIFACT_RESOLVED,Whitespace artifact resolved: Chandrapu r -> Chandrapur,Chandrapur,Malaria,CLEAN,Clean disease text,2024-07-18,2024-07-19,NORMAL,2024,29,7,July,Q3,2024,COMPLETE_YEAR,SEPARATE_OUTBREAK
MAHA-2024-W29-006,MH/DHL/2024/29/1609,2024,29,NCDC weekly outbreaks/2024/week29_1788951764.pdf,20,29,MATCH,Maharashtra,Dhule,Dhule,Acute Diarrheal Disease,Acute_Diarrheal_Disease,22,0,Under Surveillance,19-07-2024,2024-07-19,20-07-2024,2024-07-20,2024-07-15,2024-07-21,TEXT,HIGH,,UNVALIDATED,Official IDSP unique ID: MH/DHL/2024/29/1609,Dhule,VERBATIM_MATCH,Clean district text from source,Dhule,Acute Diarrheal Disease,CLEAN,Clean disease text,2024-07-19,2024-07-20,NORMAL,2024,29,7,July,Q3,2024,COMPLETE_YEAR,NOT_FLAGGED
MAHA-2024-W29-007,MH/KOP/2024/29/1610,2024,29,NCDC weekly outbreaks/2024/week29_1788951764.pdf,21,29,MATCH,Maharashtra,Kolhapur,Kolhapur,Dysentery,Dysentery,98,0,Under Surveillance,20-07-2024,2024-07-20,20-07-2024,2024-07-20,2024-07-15,2024-07-21,TEXT,HIGH,,UNVALIDATED,Official IDSP unique ID: MH/KOP/2024/29/1610,Kolhapur,VERBATIM_MATCH,Clean district text from source,Kolhapur,Dysentery,CLEAN,Clean disease text,2024-07-20,2024-07-20,NORMAL,2024,29,7,July,Q3,2024,COMPLETE_YEAR,NOT_FLAGGED
MAHA-2024-W29-008,MH/PRB/2024/29/1611,2024,29,NCDC weekly outbreaks/2024/week29_1788951764.pdf,21,29,MATCH,Maharashtra,Parbhani,Parbhani,Acute Diarrheal Disease,Acute_Diarrheal_Disease,79,0,Under Control,11-07-2024,2024-07-11,15-07-2024,2024-07-15,2024-07-15,2024-07-21,TEXT,HIGH,,UNVALIDATED,Official IDSP unique ID: MH/PRB/2024/29/1611,Parbhani,VERBATIM_MATCH,Clean district text from source,Parbhani,Acute Diarrheal Disease,CLEAN,Clean disease text,2024-07-11,2024-07-15,NORMAL,2024,29,7,July,Q3,2024,COMPLETE_YEAR,NOT_FLAGGED
MAHA-2024-W29-009,MH/PNE/2024/29/1612,2024,29,NCDC weekly outbreaks/2024/week29_1788951764.pdf,21,29,MATCH,Maharashtra,Pune,Pune,Zika Virus,Zika_Virus,11,0,Under Surveillance,08-07-2024,2024-07-08,16-07-2024,2024-07-16,2024-07-15,2024-07-21,TEXT,HIGH,,UNVALIDATED,Official IDSP unique ID: MH/PNE/2024/29/1612,Pune,VERBATIM_MATCH,Clean district text from source,Pune,Zika Virus,CLEAN,Clean disease text,2024-07-08,2024-07-16,NORMAL,2024,29,7,July,Q3,2024,COMPLETE_YEAR,SEPARATE_OUTBREAK
MAHA-2024-W29-010,MH/PNE/2024/29/1613,2024,29,NCDC weekly outbreaks/2024/week29_1788951764.pdf,22,29,MATCH,Maharashtra,Pune,Pune,Zika Virus,Zika_Virus,1,0,Under Surveillance,13-07-2024,2024-07-13,15-07-2024,2024-07-15,2024-07-15,2024-07-21,TEXT,HIGH,,UNVALIDATED,Official IDSP unique ID: MH/PNE/2024/29/1613,Pune,VERBATIM_MATCH,Clean district text from source,Pune,Zika Virus,CLEAN,Clean disease text,2024-07-13,2024-07-15,NORMAL,2024,29,7,July,Q3,2024,COMPLETE_YEAR,UPDATED_OUTBREAK
MAHA-2024-W29-011,MH/STR/2024/29/1614,2024,29,NCDC weekly outbreaks/2024/week29_1788951764.pdf,22,29,MATCH,Maharashtra,Satara,Satara,Dengue,Dengue,17,0,Under Surveillance,16-07-2024,2024-07-16,19-07-2024,2024-07-19,2024-07-15,2024-07-21,TEXT,HIGH,,UNVALIDATED,Official IDSP unique ID: MH/STR/2024/29/1614,Satara,VERBATIM_MATCH,Clean district text from source,Satara,Dengue,CLEAN,Clean disease text,2024-07-16,2024-07-19,NORMAL,2024,29,7,July,Q3,2024,COMPLETE_YEAR,SEPARATE_OUTBREAK
MAHA-2024-W30-001,MH/AMN/2024/30/1723,2024,30,NCDC weekly outbreaks/2024/week30_1788951797.pdf,30,30,MATCH,Maharashtra,Ahmednagar,Ahmednagar,Cholera,Cholera,6,0,Under Control,25-07-2024,2024-07-25,26-07-2024,2024-07-26,2024-07-22,2024-07-28,TEXT,HIGH,,UNVALIDATED,Official IDSP unique ID: MH/AMN/2024/30/1723,Ahmednagar,VERBATIM_MATCH,Clean district text from source,Ahmednagar,Cholera,CLEAN,Clean disease text,2024-07-25,2024-07-26,NORMAL,2024,30,7,July,Q3,2024,COMPLETE_YEAR,NOT_FLAGGED
MAHA-2024-W30-002,MH/AVT/2024/30/1724,2024,30,NCDC weekly outbreaks/2024/week30_1788951797.pdf,30,30,MATCH,Maharashtra,Amravati,Amravati,Acute Diarrheal Disease,Acute_Diarrheal_Disease,47,0,Under Surveillance,22-07-2024,2024-07-22,25-07-2024,2024-07-25,2024-07-22,2024-07-28,TEXT,HIGH,,UNVALIDATED,Official IDSP unique ID: MH/AVT/2024/30/1724,Amravati,VERBATIM_MATCH,Clean district text from source,Amravati,Acute Diarrheal Disease,CLEAN,Clean disease text,2024-07-22,2024-07-25,NORMAL,2024,30,7,July,Q3,2024,COMPLETE_YEAR,SEPARATE_OUTBREAK
MAHA-2024-W30-003,MH/GDC/2024/30/1725,2024,30,NCDC weekly outbreaks/2024/week30_1788951797.pdf,30,30,MATCH,Maharashtra,Gadchiroli,Gadchiroli,Malaria,Malaria,6,1,Under Control,26-07-2024,2024-07-26,26-07-2024,2024-07-26,2024-07-22,2024-07-28,TEXT,HIGH,,UNVALIDATED,Official IDSP unique ID: MH/GDC/2024/30/1725,Gadchiroli,VERBATIM_MATCH,Clean district text from source,Gadchiroli,Malaria,CLEAN,Clean disease text,2024-07-26,2024-07-26,NORMAL,2024,30,7,July,Q3,2024,COMPLETE_YEAR,UPDATED_OUTBREAK
MAHA-2024-W30-004,MH/GDC/2024/30/1726,2024,30,NCDC weekly outbreaks/2024/week30_1788951797.pdf,31,30,MATCH,Maharashtra,Gadchiroli,Gadchiroli,Malaria,Malaria,2,1,Under Control,26-07-2024,2024-07-26,26-07-2024,2024-07-26,2024-07-22,2024-07-28,TEXT,HIGH,,UNVALIDATED,Official IDSP unique ID: MH/GDC/2024/30/1726,Gadchiroli,VERBATIM_MATCH,Clean district text from source,Gadchiroli,Malaria,CLEAN,Clean disease text,2024-07-26,2024-07-26,NORMAL,2024,30,7,July,Q3,2024,COMPLETE_YEAR,UPDATED_OUTBREAK
MAHA-2024-W30-005,MH/GDC/2024/30/1727,2024,30,NCDC weekly outbreaks/2024/week30_1788951797.pdf,31,30,MATCH,Maharashtra,Chandrapur,Chandrapur,Malaria,Malaria,4,1,Under Control,22-07-2024,2024-07-22,22-07-2024,2024-07-22,2024-07-22,2024-07-28,TEXT,HIGH,,UNVALIDATED,Official IDSP unique ID: MH/GDC/2024/30/1727,Chandrapur,WHITESPACE_ARTIFACT_RESOLVED,Whitespace artifact resolved: Chandrapu r -> Chandrapur,Chandrapur,Malaria,CLEAN,Clean disease text,2024-07-22,2024-07-22,NORMAL,2024,30,7,July,Q3,2024,COMPLETE_YEAR,SEPARATE_OUTBREAK
MAHA-2024-W30-006,MH/JLG/2024/30/1728,2024,30,NCDC weekly outbreaks/2024/week30_1788951797.pdf,31,30,MATCH,Maharashtra,Aurangabad,Aurangabad,Cholera,Cholera,13,3,Under Control,22-07-2024,2024-07-22,26-07-2024,2024-07-26,2024-07-22,2024-07-28,TEXT,HIGH,,UNVALIDATED,Official IDSP unique ID: MH/JLG/2024/30/1728,Aurangabad,VERBATIM_MATCH,Clean district text from source,Aurangabad,Cholera,CLEAN,Clean disease text,2024-07-22,2024-07-26,NORMAL,2024,30,7,July,Q3,2024,COMPLETE_YEAR,NOT_FLAGGED
MAHA-2024-W30-007,MH/NSK/2024/30/1729,2024,30,NCDC weekly outbreaks/2024/week30_1788951797.pdf,32,30,MATCH,Maharashtra,Nashik,Nashik,Dengue,Dengue,3,1,Under Surveillance,14-07-2024,2024-07-14,23-07-2024,2024-07-23,2024-07-22,2024-07-28,TEXT,HIGH,,UNVALIDATED,Official IDSP unique ID: MH/NSK/2024/30/1729,Nashik,VERBATIM_MATCH,Clean district text from source,Nashik,Dengue,CLEAN,Clean disease text,2024-07-14,2024-07-23,NORMAL,2024,30,7,July,Q3,2024,COMPLETE_YEAR,SEPARATE_OUTBREAK
MAHA-2024-W30-008,MH/NSK/2024/30/1730,2024,30,NCDC weekly outbreaks/2024/week30_1788951797.pdf,32,30,MATCH,Maharashtra,Nashik,Nashik,Dengue,Dengue,1,1,Under Control,08-07-2024,2024-07-08,23-07-2024,2024-07-23,2024-07-22,2024-07-28,TEXT,HIGH,,UNVALIDATED,Official IDSP unique ID: MH/NSK/2024/30/1730,Nashik,VERBATIM_MATCH,Clean district text from source,Nashik,Dengue,CLEAN,Clean disease text,2024-07-08,2024-07-23,NORMAL,2024,30,7,July,Q3,2024,COMPLETE_YEAR,SEPARATE_OUTBREAK
MAHA-2024-W30-009,MH/NSK/2024/30/1731,2024,30,NCDC weekly outbreaks/2024/week30_1788951797.pdf,32,30,MATCH,Maharashtra,Nashik,Nashik,Acute Diarrheal Disease,Acute_Diarrheal_Disease,79,0,Under Control,16-07-2024,2024-07-16,23-07-2024,2024-07-23,2024-07-22,2024-07-28,TEXT,HIGH,,UNVALIDATED,Official IDSP unique ID: MH/NSK/2024/30/1731,Nashik,VERBATIM_MATCH,Clean district text from source,Nashik,Acute Diarrheal Disease,CLEAN,Clean disease text,2024-07-16,2024-07-23,NORMAL,2024,30,7,July,Q3,2024,COMPLETE_YEAR,NOT_FLAGGED
MAHA-2024-W30-010,MH/YVT/2024/30/1732,2024,30,NCDC weekly outbreaks/2024/week30_1788951797.pdf,33,30,MATCH,Maharashtra,Akola,Akola,Yavatmal Cholera,Cholera,8,0,Under Control,19-07-2024,2024-07-19,22-07-2024,2024-07-22,2024-07-22,2024-07-28,TEXT,HIGH,,UNVALIDATED,Official IDSP unique ID: MH/YVT/2024/30/1732,Akola,VERBATIM_MATCH,Clean district text from source,Akola,Cholera,BOUNDARY_TRIMMED,Trimmed neighboring state/district prefix from disease string,2024-07-19,2024-07-22,NORMAL,2024,30,7,July,Q3,2024,COMPLETE_YEAR,SEPARATE_OUTBREAK
MAHA-2024-W31-001,MH/AMR/2024/31/1816,2024,31,NCDC weekly outbreaks/2024/week31_1788951810.pdf,15,31,MATCH,Maharashtra,Amravati,Amravati,Acute Diarrheal Disease,Acute_Diarrheal_Disease,25,0,Under Surveillance,27-07-2024,2024-07-27,29-07-2024,2024-07-29,2024-07-29,2024-08-04,TEXT,HIGH,,UNVALIDATED,Official IDSP unique ID: MH/AMR/2024/31/1816,Amravati,VERBATIM_MATCH,Clean district text from source,Amravati,Acute Diarrheal Disease,CLEAN,Clean disease text,2024-07-27,2024-07-29,NORMAL,2024,31,7,July,Q3,2024,COMPLETE_YEAR,SEPARATE_OUTBREAK
MAHA-2024-W31-002,MH/CDP/2024/31/1817,2024,31,NCDC weekly outbreaks/2024/week31_1788951810.pdf,16,31,MATCH,Maharashtra,Chandrapur,Chandrapur,Malaria,Malaria,2,1,Under Control,30-07-2024,2024-07-30,01-08-2024,2024-08-01,2024-07-29,2024-08-04,TEXT,HIGH,,UNVALIDATED,Official IDSP unique ID: MH/CDP/2024/31/1817,Chandrapur,WHITESPACE_ARTIFACT_RESOLVED,Whitespace artifact resolved: Chandrapu r -> Chandrapur,Chandrapur,Malaria,CLEAN,Clean disease text,2024-07-30,2024-08-01,NORMAL,2024,31,7,July,Q3,2024,COMPLETE_YEAR,SEPARATE_OUTBREAK
MAHA-2024-W31-003,MH/DHL/2024/31/1818,2024,31,NCDC weekly outbreaks/2024/week31_1788951810.pdf,16,31,MATCH,Maharashtra,Dhule,Dhule,Dengue,Dengue,15,0,Under Control,29-07-2024,2024-07-29,29-07-2024,2024-07-29,2024-07-29,2024-08-04,TEXT,HIGH,,UNVALIDATED,Official IDSP unique ID: MH/DHL/2024/31/1818,Dhule,VERBATIM_MATCH,Clean district text from source,Dhule,Dengue,CLEAN,Clean disease text,2024-07-29,2024-07-29,NORMAL,2024,31,7,July,Q3,2024,COMPLETE_YEAR,UPDATED_OUTBREAK
MAHA-2024-W31-004,MH/DHL/2024/31/1819,2024,31,NCDC weekly outbreaks/2024/week31_1788951810.pdf,16,31,MATCH,Maharashtra,Dhule,Dhule,Dengue,Dengue,22,0,Under Control,29-07-2024,2024-07-29,29-07-2024,2024-07-29,2024-07-29,2024-08-04,TEXT,HIGH,,UNVALIDATED,Official IDSP unique ID: MH/DHL/2024/31/1819,Dhule,VERBATIM_MATCH,Clean district text from source,Dhule,Dengue,CLEAN,Clean disease text,2024-07-29,2024-07-29,NORMAL,2024,31,7,July,Q3,2024,COMPLETE_YEAR,UPDATED_OUTBREAK
MAHA-2024-W31-005,MH/NGP/2024/31/1820,2024,31,NCDC weekly outbreaks/2024/week31_1788951810.pdf,17,31,MATCH,Maharashtra,Nagpur,Nagpur,Dengue,Dengue,17,0,Under Control,29-07-2024,2024-07-29,30-07-2024,2024-07-30,2024-07-29,2024-08-04,TEXT,HIGH,,UNVALIDATED,Official IDSP unique ID: MH/NGP/2024/31/1820,Nagpur,VERBATIM_MATCH,Clean district text from source,Nagpur,Dengue,CLEAN,Clean disease text,2024-07-29,2024-07-30,NORMAL,2024,31,7,July,Q3,2024,COMPLETE_YEAR,NOT_FLAGGED
MAHA-2024-W31-006,MH/PRB/2024/31/1821,2024,31,NCDC weekly outbreaks/2024/week31_1788951810.pdf,17,31,MATCH,Maharashtra,Nanded,Nanded,Parbhani Chikungunya,Chikungunya,23,0,Under Surveillance,30-07-2024,2024-07-30,31-07-2024,2024-07-31,2024-07-29,2024-08-04,TEXT,HIGH,,UNVALIDATED,Official IDSP unique ID: MH/PRB/2024/31/1821,Nanded,VERBATIM_MATCH,Clean district text from source,Nanded,Chikungunya,WHITESPACE_STANDARDIZED,Standardized broken whitespace in Chikungunya,2024-07-30,2024-07-31,NORMAL,2024,31,7,July,Q3,2024,COMPLETE_YEAR,NOT_FLAGGED
MAHA-2024-W31-007,MH/PUN/2024/31/1822,2024,31,NCDC weekly outbreaks/2024/week31_1788951810.pdf,17,31,MATCH,Maharashtra,Pune,Pune,Zika Virus,Zika_Virus,1,0,Under Surveillance,30-07-2024,2024-07-30,02-08-2024,2024-08-02,2024-07-29,2024-08-04,TEXT,HIGH,,UNVALIDATED,Official IDSP unique ID: MH/PUN/2024/31/1822,Pune,VERBATIM_MATCH,Clean district text from source,Pune,Zika Virus,CLEAN,Clean disease text,2024-07-30,2024-08-02,NORMAL,2024,31,7,July,Q3,2024,COMPLETE_YEAR,UPDATED_OUTBREAK
MAHA-2024-W31-008,MH/SAT/2024/31/1823,2024,31,NCDC weekly outbreaks/2024/week31_1788951810.pdf,17,31,MATCH,Maharashtra,Satara,Satara,Acute Diarrheal Disease,Acute_Diarrheal_Disease,16,1,Under Control,28-07-2024,2024-07-28,29-07-2024,2024-07-29,2024-07-29,2024-08-04,TEXT,HIGH,,UNVALIDATED,Official IDSP unique ID: MH/SAT/2024/31/1823,Satara,VERBATIM_MATCH,Clean district text from source,Satara,Acute Diarrheal Disease,CLEAN,Clean disease text,2024-07-28,2024-07-29,NORMAL,2024,31,7,July,Q3,2024,COMPLETE_YEAR,NOT_FLAGGED
MAHA-2024-W31-009,MH/SLP/2024/31/1824,2024,31,NCDC weekly outbreaks/2024/week31_1788951810.pdf,18,31,MATCH,Maharashtra,Pune,Pune,Zika Virus,Zika_Virus,1,0,Under Control,27-07-2024,2024-07-27,29-07-2024,2024-07-29,2024-07-29,2024-08-04,TEXT,HIGH,,UNVALIDATED,Official IDSP unique ID: MH/SLP/2024/31/1824,Pune,VERBATIM_MATCH,Clean district text from source,Pune,Zika Virus,CLEAN,Clean disease text,2024-07-27,2024-07-29,NORMAL,2024,31,7,July,Q3,2024,COMPLETE_YEAR,SEPARATE_OUTBREAK
MAHA-2024-W31-010,MH/WSM/2024/31/1825,2024,31,NCDC weekly outbreaks/2024/week31_1788951810.pdf,18,31,MATCH,Maharashtra,Akola,Akola,Chikungunya,Chikungunya,19,0,Under Control,30-07-2024,2024-07-30,30-07-2024,2024-07-30,2024-07-29,2024-08-04,TEXT,HIGH,,UNVALIDATED,Official IDSP unique ID: MH/WSM/2024/31/1825,Akola,VERBATIM_MATCH,Clean district text from source,Akola,Chikungunya,WHITESPACE_STANDARDIZED,Standardized broken whitespace in Chikungunya,2024-07-30,2024-07-30,NORMAL,2024,31,7,July,Q3,2024,COMPLETE_YEAR,NOT_FLAGGED
MAHA-2024-W31-011,MH/PUN/2024/31/1852,2024,31,NCDC weekly outbreaks/2024/week31_1788951810.pdf,26,31,MATCH,Maharashtra,Pune,Pune,Zika Virus,Zika_Virus,9,0,Under Surveillance,19-07-2024,2024-07-19,,,2024-07-29,2024-08-04,TEXT,HIGH,,UNVALIDATED,Official IDSP unique ID: MH/PUN/2024/31/1852,Pune,VERBATIM_MATCH,Clean district text from source,Pune,Zika Virus,CLEAN,Clean disease text,2024-07-19,,REPORT_DATE_MISSING,2024,31,7,July,Q3,2024,COMPLETE_YEAR,SEPARATE_OUTBREAK
MAHA-2024-W31-012,MH/PUN/2024/31/1853,2024,31,NCDC weekly outbreaks/2024/week31_1788951810.pdf,26,31,MATCH,Maharashtra,Pune,Pune,Zika Virus,Zika_Virus,5,0,Under Surveillance,13-07-2024,2024-07-13,,,2024-07-29,2024-08-04,TEXT,HIGH,,UNVALIDATED,Official IDSP unique ID: MH/PUN/2024/31/1853,Pune,VERBATIM_MATCH,Clean district text from source,Pune,Zika Virus,CLEAN,Clean disease text,2024-07-13,,REPORT_DATE_MISSING,2024,31,7,July,Q3,2024,COMPLETE_YEAR,UPDATED_OUTBREAK
MAHA-2024-W31-013,MH/PUN/2024/31/1854,2024,31,NCDC weekly outbreaks/2024/week31_1788951810.pdf,26,31,MATCH,Maharashtra,Pune,Pune,Zika Virus,Zika_Virus,7,0,Under Surveillance,20-07-2024,2024-07-20,23-07-2024,2024-07-23,2024-07-29,2024-08-04,TEXT,HIGH,,UNVALIDATED,Official IDSP unique ID: MH/PUN/2024/31/1854,Pune,VERBATIM_MATCH,Clean district text from source,Pune,Zika Virus,CLEAN,Clean disease text,2024-07-20,2024-07-23,NORMAL,2024,31,7,July,Q3,2024,COMPLETE_YEAR,SEPARATE_OUTBREAK
MAHA-2024-W32-001,MH/AHM/2024/32/1925,2024,32,NCDC weekly outbreaks/2024/week32_1788951820.pdf,24,32,MATCH,Maharashtra,Ahmednagar,Ahmednagar,Acute Diarrheal Disease,Acute_Diarrheal_Disease,20,0,Under Surveillance,08-08-2024,2024-08-08,09-08-2024,2024-08-09,2024-08-05,2024-08-11,TEXT,HIGH,,UNVALIDATED,Official IDSP unique ID: MH/AHM/2024/32/1925,Ahmednagar,VERBATIM_MATCH,Clean district text from source,Ahmednagar,Acute Diarrheal Disease,CLEAN,Clean disease text,2024-08-08,2024-08-09,NORMAL,2024,32,8,August,Q3,2024,COMPLETE_YEAR,NOT_FLAGGED
MAHA-2024-W32-002,MH/AMT/2024/32/1926,2024,32,NCDC weekly outbreaks/2024/week32_1788951820.pdf,24,32,MATCH,Maharashtra,Amravati,Amravati,Acute Gastroenterit is,Acute Gastroenterit is,26,0,Under Surveillance,05-08-2024,2024-08-05,05-08-2024,2024-08-05,2024-08-05,2024-08-11,TEXT,HIGH,,UNVALIDATED,Official IDSP unique ID: MH/AMT/2024/32/1926,Amravati,VERBATIM_MATCH,Clean district text from source,Amravati,Acute Gastroenteritis,WHITESPACE_STANDARDIZED,Standardized broken whitespace in Acute Gastroenteritis,2024-08-05,2024-08-05,NORMAL,2024,32,8,August,Q3,2024,COMPLETE_YEAR,NOT_FLAGGED
MAHA-2024-W32-003,MH/BND/2024/32/1927,2024,32,NCDC weekly outbreaks/2024/week32_1788951820.pdf,24,32,MATCH,Maharashtra,Bhandara,Bhandara,Chickenpox,Chickenpox,18,0,Under Control,05-08-2024,2024-08-05,05-08-2024,2024-08-05,2024-08-05,2024-08-11,TEXT,HIGH,,UNVALIDATED,Official IDSP unique ID: MH/BND/2024/32/1927,Bhandara,VERBATIM_MATCH,Clean district text from source,Bhandara,Chickenpox,CLEAN,Clean disease text,2024-08-05,2024-08-05,NORMAL,2024,32,8,August,Q3,2024,COMPLETE_YEAR,NOT_FLAGGED
MAHA-2024-W32-004,MH/PLG/2024/32/1928,2024,32,NCDC weekly outbreaks/2024/week32_1788951820.pdf,24,32,MATCH,Maharashtra,Palghar,Palghar,Acute Diarrheal Disease,Acute_Diarrheal_Disease,249,1,Under Control,06-08-2024,2024-08-06,06-08-2024,2024-08-06,2024-08-05,2024-08-11,TEXT,HIGH,,UNVALIDATED,Official IDSP unique ID: MH/PLG/2024/32/1928,Palghar,VERBATIM_MATCH,Clean district text from source,Palghar,Acute Diarrheal Disease,CLEAN,Clean disease text,2024-08-06,2024-08-06,NORMAL,2024,32,8,August,Q3,2024,COMPLETE_YEAR,NOT_FLAGGED
MAHA-2024-W32-005,MH/PNE/2024/32/1929,2024,32,NCDC weekly outbreaks/2024/week32_1788951820.pdf,25,32,MATCH,Maharashtra,Pune,Pune,Zika Virus,Zika_Virus,1,0,Under Control,03-08-2024,2024-08-03,07-08-2024,2024-08-07,2024-08-05,2024-08-11,TEXT,HIGH,,UNVALIDATED,Official IDSP unique ID: MH/PNE/2024/32/1929,Pune,VERBATIM_MATCH,Clean district text from source,Pune,Zika Virus,CLEAN,Clean disease text,2024-08-03,2024-08-07,NORMAL,2024,32,8,August,Q3,2024,COMPLETE_YEAR,SEPARATE_OUTBREAK
MAHA-2024-W32-006,MH/PNE/2024/32/1961,2024,32,NCDC weekly outbreaks/2024/week32_1788951820.pdf,35,32,MATCH,Maharashtra,Pune,Pune,Zika Virus,Zika_Virus,3,0,Under Surveillance,30-07-2024,2024-07-30,,,2024-08-05,2024-08-11,TEXT,HIGH,,UNVALIDATED,Official IDSP unique ID: MH/PNE/2024/32/1961,Pune,VERBATIM_MATCH,Clean district text from source,Pune,Zika Virus,CLEAN,Clean disease text,2024-07-30,,REPORT_DATE_MISSING,2024,32,7,July,Q3,2024,COMPLETE_YEAR,UPDATED_OUTBREAK
MAHA-2024-W32-007,MH/PNE/2024/32/1962,2024,32,NCDC weekly outbreaks/2024/week32_1788951820.pdf,35,32,MATCH,Maharashtra,Pune,Pune,Zika Virus,Zika_Virus,2,0,Under Surveillance,29-07-2024,2024-07-29,,,2024-08-05,2024-08-11,TEXT,HIGH,,UNVALIDATED,Official IDSP unique ID: MH/PNE/2024/32/1962,Pune,VERBATIM_MATCH,Clean district text from source,Pune,Zika Virus,CLEAN,Clean disease text,2024-07-29,,REPORT_DATE_MISSING,2024,32,7,July,Q3,2024,COMPLETE_YEAR,SEPARATE_OUTBREAK
MAHA-2024-W32-008,MH/PNE/2024/32/1963,2024,32,NCDC weekly outbreaks/2024/week32_1788951820.pdf,36,32,MATCH,Maharashtra,Pune,Pune,Zika Virus,Zika_Virus,1,0,Under Control,01-08-2024,2024-08-01,28-07-2024,2024-07-28,2024-08-05,2024-08-11,TEXT,HIGH,,UNVALIDATED,Official IDSP unique ID: MH/PNE/2024/32/1963,Pune,VERBATIM_MATCH,Clean district text from source,Pune,Zika Virus,CLEAN,Clean disease text,2024-08-01,2024-07-28,OUTBREAK_DATE_AFTER_REPORT_DATE,2024,32,8,August,Q3,2024,COMPLETE_YEAR,SEPARATE_OUTBREAK
MAHA-2024-W33-001,MH/2024/33/2007,2024,33,NCDC weekly outbreaks/2024/week33_1788951845.pdf,14,2007,MATCH,Maharashtra,Unknown,,Madhya Pradesh Damoh Acute Diarrheal Disease,Acute_Diarrheal_Disease,56,0,Under Control,09-08-2024,2024-08-09,13-08-2024,2024-08-13,2024-08-12,2024-08-18,TEXT,MEDIUM,,UNVALIDATED,Official IDSP unique ID: MH/2024/33/2007,Unknown,VERBATIM_MATCH,Clean district text from source,Unknown,Acute Diarrheal Disease,BOUNDARY_TRIMMED,Trimmed neighboring state/district prefix from disease string,2024-08-09,2024-08-13,NORMAL,2024,33,8,August,Q3,2024,COMPLETE_YEAR,NOT_FLAGGED
MAHA-2024-W33-002,MH/AMR/2024/33/2013,2024,33,NCDC weekly outbreaks/2024/week33_1788951845.pdf,16,33,MATCH,Maharashtra,Amravati,Amravati,Acute Diarrheal Disease,Acute_Diarrheal_Disease,87,0,Under Surveillance,14-08-2024,2024-08-14,16-08-2024,2024-08-16,2024-08-12,2024-08-18,TEXT,HIGH,,UNVALIDATED,Official IDSP unique ID: MH/AMR/2024/33/2013,Amravati,VERBATIM_MATCH,Clean district text from source,Amravati,Acute Diarrheal Disease,CLEAN,Clean disease text,2024-08-14,2024-08-16,NORMAL,2024,33,8,August,Q3,2024,COMPLETE_YEAR,SEPARATE_OUTBREAK
MAHA-2024-W33-003,MH/STA/2024/33/2014,2024,33,NCDC weekly outbreaks/2024/week33_1788951845.pdf,16,33,MATCH,Maharashtra,Pune,Pune,Satara Chikungunya,Chikungunya,28,0,Under Control,06-08-2024,2024-08-06,12-08-2024,2024-08-12,2024-08-12,2024-08-18,TEXT,HIGH,,UNVALIDATED,Official IDSP unique ID: MH/STA/2024/33/2014,Pune,VERBATIM_MATCH,Clean district text from source,Pune,Chikungunya,WHITESPACE_STANDARDIZED,Standardized broken whitespace in Chikungunya,2024-08-06,2024-08-12,NORMAL,2024,33,8,August,Q3,2024,COMPLETE_YEAR,NOT_FLAGGED
MAHA-2024-W33-004,MH/PNE/2024/33/2040,2024,33,NCDC weekly outbreaks/2024/week33_1788951845.pdf,24,33,MATCH,Maharashtra,Pune,Pune,Zika Virus,Zika_Virus,2,0,Under Surveillance,02-08-2024,2024-08-02,17-07-2024,2024-07-17,2024-08-12,2024-08-18,TEXT,HIGH,,UNVALIDATED,Official IDSP unique ID: MH/PNE/2024/33/2040,Pune,VERBATIM_MATCH,Clean district text from source,Pune,Zika Virus,CLEAN,Clean disease text,2024-08-02,2024-07-17,OUTBREAK_DATE_AFTER_REPORT_DATE,2024,33,8,August,Q3,2024,COMPLETE_YEAR,SEPARATE_OUTBREAK
MAHA-2024-W34-001,MH/AMR/2024/34/2074,2024,34,NCDC weekly outbreaks/2024/week34_1788951861.pdf,13,34,MATCH,Maharashtra,Amravati,Amravati,Food Poisoning,Food_Poisoning,6,1,Under Control,16-08-2024,2024-08-16,20-08-2024,2024-08-20,2024-08-19,2024-08-25,TEXT,HIGH,,UNVALIDATED,Official IDSP unique ID: MH/AMR/2024/34/2074,Amravati,VERBATIM_MATCH,Clean district text from source,Amravati,Food Poisoning,WHITESPACE_STANDARDIZED,Standardized capitalization: Food poisoning -> Food Poisoning,2024-08-16,2024-08-20,NORMAL,2024,34,8,August,Q3,2024,COMPLETE_YEAR,NOT_FLAGGED
MAHA-2024-W34-002,MH/ARG/2024/34/2075,2024,34,NCDC weekly outbreaks/2024/week34_1788951861.pdf,14,34,MATCH,Maharashtra,Aurangabad,Aurangabad,Food Poisoning,Food_Poisoning,181,0,Under Control,17-08-2024,2024-08-17,19-08-2024,2024-08-19,2024-08-19,2024-08-25,TEXT,HIGH,,UNVALIDATED,Official IDSP unique ID: MH/ARG/2024/34/2075,Aurangabad,VERBATIM_MATCH,Clean district text from source,Aurangabad,Food Poisoning,WHITESPACE_STANDARDIZED,Standardized capitalization: Food poisoning -> Food Poisoning,2024-08-17,2024-08-19,NORMAL,2024,34,8,August,Q3,2024,COMPLETE_YEAR,NOT_FLAGGED
MAHA-2024-W34-003,MH/PLG/2024/34/2076,2024,34,NCDC weekly outbreaks/2024/week34_1788951861.pdf,14,34,MATCH,Maharashtra,Palghar,Palghar,Dengue,Dengue,3,1,Under Surveillance,22-08-2024,2024-08-22,23-08-2024,2024-08-23,2024-08-19,2024-08-25,TEXT,HIGH,,UNVALIDATED,Official IDSP unique ID: MH/PLG/2024/34/2076,Palghar,VERBATIM_MATCH,Clean district text from source,Palghar,Dengue,CLEAN,Clean disease text,2024-08-22,2024-08-23,NORMAL,2024,34,8,August,Q3,2024,COMPLETE_YEAR,NOT_FLAGGED
MAHA-2024-W34-004,MH/PNE/2024/34/2113,2024,34,NCDC weekly outbreaks/2024/week34_1788951861.pdf,27,34,MATCH,Maharashtra,Pune,Pune,Zika Virus,Zika_Virus,1,0,Under Surveillance,15-08-2024,2024-08-15,,,2024-08-19,2024-08-25,TEXT,HIGH,,UNVALIDATED,Official IDSP unique ID: MH/PNE/2024/34/2113,Pune,VERBATIM_MATCH,Clean district text from source,Pune,Zika Virus,CLEAN,Clean disease text,2024-08-15,,REPORT_DATE_MISSING,2024,34,8,August,Q3,2024,COMPLETE_YEAR,SEPARATE_OUTBREAK
MAHA-2024-W34-005,MH/PNE/2024/34/2114,2024,34,NCDC weekly outbreaks/2024/week34_1788951861.pdf,27,34,MATCH,Maharashtra,Mumbai,Mumbai City,Zika Virus,Zika_Virus,1,0,Under Surveillance,14-08-2024,2024-08-14,01-08-2024,2024-08-01,2024-08-19,2024-08-25,TEXT,HIGH,,UNVALIDATED,Official IDSP unique ID: MH/PNE/2024/34/2114,Mumbai,VERBATIM_MATCH,Source specifies Mumbai without suburban qualifier,Mumbai,Zika Virus,CLEAN,Clean disease text,2024-08-14,2024-08-01,OUTBREAK_DATE_AFTER_REPORT_DATE,2024,34,8,August,Q3,2024,COMPLETE_YEAR,NOT_FLAGGED
MAHA-2024-W35-001,MH/BED/2024/35/2153,2024,35,NCDC weekly outbreaks/2024/week35_1788951873.pdf,12,35,MATCH,Maharashtra,Beed,Beed,Hepatitis A,Hepatitis,9,0,Under Surveillance,28-08-2024,2024-08-28,29-08-2024,2024-08-29,2024-08-26,2024-09-01,TEXT,HIGH,,UNVALIDATED,Official IDSP unique ID: MH/BED/2024/35/2153,Beed,VERBATIM_MATCH,Clean district text from source,Beed,Hepatitis A,CLEAN,Clean disease text,2024-08-28,2024-08-29,NORMAL,2024,35,8,August,Q3,2024,COMPLETE_YEAR,NOT_FLAGGED
MAHA-2024-W35-002,MH/PLG/2024/35/2154,2024,35,NCDC weekly outbreaks/2024/week35_1788951873.pdf,12,35,MATCH,Maharashtra,Palghar,Palghar,Malaria,Malaria,41,0,Under Surveillance,28-08-2024,2024-08-28,29-08-2024,2024-08-29,2024-08-26,2024-09-01,TEXT,HIGH,,UNVALIDATED,Official IDSP unique ID: MH/PLG/2024/35/2154,Palghar,VERBATIM_MATCH,Clean district text from source,Palghar,Malaria,CLEAN,Clean disease text,2024-08-28,2024-08-29,NORMAL,2024,35,8,August,Q3,2024,COMPLETE_YEAR,NOT_FLAGGED
MAHA-2024-W35-003,MH/2024/35/2180,2024,35,NCDC weekly outbreaks/2024/week35_1788951873.pdf,20,2180,MATCH,Maharashtra,Unknown,,Madhya Pradesh Damoh Acute Diarrheal Disease,Acute_Diarrheal_Disease,301,3,Under Control,12-08-2024,2024-08-12,13-08-2024,2024-08-13,2024-08-26,2024-09-01,TEXT,MEDIUM,,UNVALIDATED,Official IDSP unique ID: MH/2024/35/2180,Unknown,VERBATIM_MATCH,Clean district text from source,Unknown,Acute Diarrheal Disease,BOUNDARY_TRIMMED,Trimmed neighboring state/district prefix from disease string,2024-08-12,2024-08-13,NORMAL,2024,35,8,August,Q3,2024,COMPLETE_YEAR,NOT_FLAGGED
MAHA-2024-W35-004,MH/PNE/2024/35/2182,2024,35,NCDC weekly outbreaks/2024/week35_1788951873.pdf,20,35,MATCH,Maharashtra,Pune,Pune,Dengue,Dengue,37,0,Under Surveillance,01-07-2024,2024-07-01,12-08-2024,2024-08-12,2024-08-26,2024-09-01,TEXT,HIGH,,UNVALIDATED,Official IDSP unique ID: MH/PNE/2024/35/2182,Pune,VERBATIM_MATCH,Clean district text from source,Pune,Dengue,CLEAN,Clean disease text,2024-07-01,2024-08-12,NORMAL,2024,35,7,July,Q3,2024,COMPLETE_YEAR,SEPARATE_OUTBREAK
MAHA-2024-W36-001,MH/HNG/2024/36/2221,2024,36,NCDC weekly outbreaks/2024/week36_1788951892.pdf,13,36,MATCH,Maharashtra,Hingoli,Hingoli,Acute Diarrheal Disease,Acute_Diarrheal_Disease,7,0,Under Control,05-09-2024,2024-09-05,07-09-2024,2024-09-07,2024-09-02,2024-09-08,TEXT,HIGH,,UNVALIDATED,Official IDSP unique ID: MH/HNG/2024/36/2221,Hingoli,VERBATIM_MATCH,Clean district text from source,Hingoli,Acute Diarrheal Disease,CLEAN,Clean disease text,2024-09-05,2024-09-07,NORMAL,2024,36,9,September,Q3,2024,COMPLETE_YEAR,NOT_FLAGGED
MAHA-2024-W36-002,MH/KOP/2024/36/2222,2024,36,NCDC weekly outbreaks/2024/week36_1788951892.pdf,14,36,MATCH,Maharashtra,Kolhapur,Kolhapur,Hepatitis A,Hepatitis,48,0,Under Surveillance,02-09-2024,2024-09-02,03-09-2024,2024-09-03,2024-09-02,2024-09-08,TEXT,HIGH,,UNVALIDATED,Official IDSP unique ID: MH/KOP/2024/36/2222,Kolhapur,VERBATIM_MATCH,Clean district text from source,Kolhapur,Hepatitis A,CLEAN,Clean disease text,2024-09-02,2024-09-03,NORMAL,2024,36,9,September,Q3,2024,COMPLETE_YEAR,SEPARATE_OUTBREAK
MAHA-2024-W36-003,MH/NAN/2024/36/2223,2024,36,NCDC weekly outbreaks/2024/week36_1788951892.pdf,14,36,MATCH,Maharashtra,Nanded,Nanded,Dengue,Dengue,7,0,Under Surveillance,05-09-2024,2024-09-05,06-09-2024,2024-09-06,2024-09-02,2024-09-08,TEXT,HIGH,,UNVALIDATED,Official IDSP unique ID: MH/NAN/2024/36/2223,Nanded,VERBATIM_MATCH,Clean district text from source,Nanded,Dengue,CLEAN,Clean disease text,2024-09-05,2024-09-06,NORMAL,2024,36,9,September,Q3,2024,COMPLETE_YEAR,NOT_FLAGGED
MAHA-2024-W36-004,MH/OSM/2024/36/2224,2024,36,NCDC weekly outbreaks/2024/week36_1788951892.pdf,14,36,MATCH,Maharashtra,Osmanabad,Osmanabad,Dengue,Dengue,21,1,Under Control,02-09-2024,2024-09-02,04-09-2024,2024-09-04,2024-09-02,2024-09-08,TEXT,HIGH,,UNVALIDATED,Official IDSP unique ID: MH/OSM/2024/36/2224,Osmanabad,VERBATIM_MATCH,Clean district text from source,Osmanabad,Dengue,CLEAN,Clean disease text,2024-09-02,2024-09-04,NORMAL,2024,36,9,September,Q3,2024,COMPLETE_YEAR,NOT_FLAGGED
MAHA-2024-W36-005,MH/THE/2024/36/2225,2024,36,NCDC weekly outbreaks/2024/week36_1788951892.pdf,14,36,MATCH,Maharashtra,Thane,Thane,Malaria,Malaria,1,1,Under Surveillance,06-09-2024,2024-09-06,06-09-2024,2024-09-06,2024-09-02,2024-09-08,TEXT,HIGH,,UNVALIDATED,Official IDSP unique ID: MH/THE/2024/36/2225,Thane,VERBATIM_MATCH,Clean district text from source,Thane,Malaria,CLEAN,Clean disease text,2024-09-06,2024-09-06,NORMAL,2024,36,9,September,Q3,2024,COMPLETE_YEAR,SEPARATE_OUTBREAK
MAHA-2024-W36-006,MH/THE/2024/36/2226,2024,36,NCDC weekly outbreaks/2024/week36_1788951892.pdf,15,36,MATCH,Maharashtra,Thane,Thane,Dengue,Dengue,7,1,Under Surveillance,31-08-2024,2024-08-31,05-09-2024,2024-09-05,2024-09-02,2024-09-08,TEXT,HIGH,,UNVALIDATED,Official IDSP unique ID: MH/THE/2024/36/2226,Thane,VERBATIM_MATCH,Clean district text from source,Thane,Dengue,CLEAN,Clean disease text,2024-08-31,2024-09-05,NORMAL,2024,36,8,August,Q3,2024,COMPLETE_YEAR,NOT_FLAGGED
MAHA-2024-W36-007,MH/THE/2024/36/2252,2024,36,NCDC weekly outbreaks/2024/week36_1788951892.pdf,23,36,MATCH,Maharashtra,Thane,Thane,Malaria,Malaria,4,1,Under Surveillance,22-08-2024,2024-08-22,22-08-2024,2024-08-22,2024-09-02,2024-09-08,TEXT,HIGH,,UNVALIDATED,Official IDSP unique ID: MH/THE/2024/36/2252,Thane,VERBATIM_MATCH,Clean district text from source,Thane,Malaria,CLEAN,Clean disease text,2024-08-22,2024-08-22,NORMAL,2024,36,8,August,Q3,2024,COMPLETE_YEAR,SEPARATE_OUTBREAK
MAHA-2024-W37-001,MH/AMR/2024/37/2284,2024,37,NCDC weekly outbreaks/2024/week37_1788951903.pdf,12,37,MATCH,Maharashtra,Amravati,Amravati,Acute Diarrheal Diseases,Acute_Diarrheal_Disease,67,2,Under Surveillance,11-09-2024,2024-09-11,12-09-2024,2024-09-12,2024-09-09,2024-09-15,TEXT,HIGH,,UNVALIDATED,Official IDSP unique ID: MH/AMR/2024/37/2284,Amravati,VERBATIM_MATCH,Clean district text from source,Amravati,Acute Diarrheal Diseases,CLEAN,Clean disease text,2024-09-11,2024-09-12,NORMAL,2024,37,9,September,Q3,2024,COMPLETE_YEAR,NOT_FLAGGED
MAHA-2024-W37-002,MH/BHD/2024/37/2285,2024,37,NCDC weekly outbreaks/2024/week37_1788951903.pdf,12,37,MATCH,Maharashtra,Bhandara,Bhandara,Acute Diarrheal Disease,Acute_Diarrheal_Disease,20,0,Under Surveillance,14-09-2024,2024-09-14,14-09-2024,2024-09-14,2024-09-09,2024-09-15,TEXT,HIGH,,UNVALIDATED,Official IDSP unique ID: MH/BHD/2024/37/2285,Bhandara,VERBATIM_MATCH,Clean district text from source,Bhandara,Acute Diarrheal Disease,CLEAN,Clean disease text,2024-09-14,2024-09-14,NORMAL,2024,37,9,September,Q3,2024,COMPLETE_YEAR,NOT_FLAGGED
MAHA-2024-W37-003,MH/BUL/2024/37/2286,2024,37,NCDC weekly outbreaks/2024/week37_1788951903.pdf,13,37,MATCH,Maharashtra,Buldhana,Buldhana,Acute Diarrheal Disease,Acute_Diarrheal_Disease,26,0,Under Surveillance,07-09-2024,2024-09-07,10-09-2024,2024-09-10,2024-09-09,2024-09-15,TEXT,HIGH,,UNVALIDATED,Official IDSP unique ID: MH/BUL/2024/37/2286,Buldhana,VERBATIM_MATCH,Clean district text from source,Buldhana,Acute Diarrheal Disease,CLEAN,Clean disease text,2024-09-07,2024-09-10,NORMAL,2024,37,9,September,Q3,2024,COMPLETE_YEAR,NOT_FLAGGED
MAHA-2024-W37-004,MH/NDB/2024/37/2287,2024,37,NCDC weekly outbreaks/2024/week37_1788951903.pdf,13,37,MATCH,Maharashtra,Nandurbar,Nandurbar,Acute Diarrheal Disease,Acute_Diarrheal_Disease,16,0,Under Surveillance,08-09-2024,2024-09-08,09-09-2024,2024-09-09,2024-09-09,2024-09-15,TEXT,HIGH,,UNVALIDATED,Official IDSP unique ID: MH/NDB/2024/37/2287,Nandurbar,VERBATIM_MATCH,Clean district text from source,Nandurbar,Acute Diarrheal Disease,CLEAN,Clean disease text,2024-09-08,2024-09-09,NORMAL,2024,37,9,September,Q3,2024,COMPLETE_YEAR,NOT_FLAGGED
MAHA-2024-W37-005,MH/GDC/2024/37/2309,2024,37,NCDC weekly outbreaks/2024/week37_1788951903.pdf,20,37,MATCH,Maharashtra,Gadchiroli,Gadchiroli,Malaria,Malaria,5,2,Under Control,05-09-2024,2024-09-05,04-09-2024,2024-09-04,2024-09-09,2024-09-15,TEXT,HIGH,,UNVALIDATED,Official IDSP unique ID: MH/GDC/2024/37/2309,Gadchiroli,VERBATIM_MATCH,Clean district text from source,Gadchiroli,Malaria,CLEAN,Clean disease text,2024-09-05,2024-09-04,OUTBREAK_DATE_AFTER_REPORT_DATE,2024,37,9,September,Q3,2024,COMPLETE_YEAR,NOT_FLAGGED
MAHA-2024-W38-001,MH/GDC/2024/38/2337,2024,38,NCDC weekly outbreaks/2024/week38_1788951915.pdf,10,38,MATCH,Maharashtra,Gadchiroli,Gadchiroli,Scrub Typhus,Scrub_Typhus,1,1,Under Control,17-09-2024,2024-09-17,17-09-2024,2024-09-17,2024-09-16,2024-09-22,TEXT,HIGH,,UNVALIDATED,Official IDSP unique ID: MH/GDC/2024/38/2337,Gadchiroli,VERBATIM_MATCH,Clean district text from source,Gadchiroli,Scrub Typhus,CLEAN,Clean disease text,2024-09-17,2024-09-17,NORMAL,2024,38,9,September,Q3,2024,COMPLETE_YEAR,NOT_FLAGGED
MAHA-2024-W38-002,MH/LAT/2024/38/2338,2024,38,NCDC weekly outbreaks/2024/week38_1788951915.pdf,10,38,MATCH,Maharashtra,Latur,Latur,Hepatitis A,Hepatitis,65,0,Under Surveillance,18-09-2024,2024-09-18,18-09-2024,2024-09-18,2024-09-16,2024-09-22,TEXT,HIGH,,UNVALIDATED,Official IDSP unique ID: MH/LAT/2024/38/2338,Latur,VERBATIM_MATCH,Clean district text from source,Latur,Hepatitis A,CLEAN,Clean disease text,2024-09-18,2024-09-18,NORMAL,2024,38,9,September,Q3,2024,COMPLETE_YEAR,NOT_FLAGGED
MAHA-2024-W38-003,MH/PNE/2024/38/2339,2024,38,NCDC weekly outbreaks/2024/week38_1788951915.pdf,10,38,MATCH,Maharashtra,Pune,Pune,Cholera,Cholera,6,0,Under Surveillance,16-09-2024,2024-09-16,19-09-2024,2024-09-19,2024-09-16,2024-09-22,TEXT,HIGH,,UNVALIDATED,Official IDSP unique ID: MH/PNE/2024/38/2339,Pune,VERBATIM_MATCH,Clean district text from source,Pune,Cholera,CLEAN,Clean disease text,2024-09-16,2024-09-19,NORMAL,2024,38,9,September,Q3,2024,COMPLETE_YEAR,NOT_FLAGGED
MAHA-2024-W38-004,MH/PNE/2024/38/2363,2024,38,NCDC weekly outbreaks/2024/week38_1788951915.pdf,18,38,MATCH,Maharashtra,Pune,Pune,Dengue,Dengue,6,0,Under Surveillance,05-09-2024,2024-09-05,10-09-2024,2024-09-10,2024-09-16,2024-09-22,TEXT,HIGH,,UNVALIDATED,Official IDSP unique ID: MH/PNE/2024/38/2363,Pune,VERBATIM_MATCH,Clean district text from source,Pune,Dengue,CLEAN,Clean disease text,2024-09-05,2024-09-10,NORMAL,2024,38,9,September,Q3,2024,COMPLETE_YEAR,SEPARATE_OUTBREAK
MAHA-2024-W39-001,MH/BED/2024/39/2393,2024,39,NCDC weekly outbreaks/2024/week39_1788951925.pdf,10,39,MATCH,Maharashtra,Beed,Beed,Hepatitis A,Hepatitis,10,0,Under Surveillance,21-09-2024,2024-09-21,23-09-2024,2024-09-23,2024-09-23,2024-09-29,TEXT,HIGH,,UNVALIDATED,Official IDSP unique ID: MH/BED/2024/39/2393,Beed,VERBATIM_MATCH,Clean district text from source,Beed,Hepatitis A,CLEAN,Clean disease text,2024-09-21,2024-09-23,NORMAL,2024,39,9,September,Q3,2024,COMPLETE_YEAR,NOT_FLAGGED
MAHA-2024-W39-002,MH/BND/2024/39/2394,2024,39,NCDC weekly outbreaks/2024/week39_1788951925.pdf,10,39,MATCH,Maharashtra,Bhandara,Bhandara,Food Poisoning,Food_Poisoning,42,0,Under Surveillance,26-09-2024,2024-09-26,26-09-2024,2024-09-26,2024-09-23,2024-09-29,TEXT,HIGH,,UNVALIDATED,Official IDSP unique ID: MH/BND/2024/39/2394,Bhandara,VERBATIM_MATCH,Clean district text from source,Bhandara,Food Poisoning,WHITESPACE_STANDARDIZED,Standardized capitalization: Food poisoning -> Food Poisoning,2024-09-26,2024-09-26,NORMAL,2024,39,9,September,Q3,2024,COMPLETE_YEAR,NOT_FLAGGED
MAHA-2024-W39-003,MH/KOP/2024/39/2395,2024,39,NCDC weekly outbreaks/2024/week39_1788951925.pdf,10,39,MATCH,Maharashtra,Kolhapur,Kolhapur,Hepatitis A,Hepatitis,12,0,Under Surveillance,27-09-2024,2024-09-27,27-09-2024,2024-09-27,2024-09-23,2024-09-29,TEXT,HIGH,,UNVALIDATED,Official IDSP unique ID: MH/KOP/2024/39/2395,Kolhapur,VERBATIM_MATCH,Clean district text from source,Kolhapur,Hepatitis A,CLEAN,Clean disease text,2024-09-27,2024-09-27,NORMAL,2024,39,9,September,Q3,2024,COMPLETE_YEAR,SEPARATE_OUTBREAK
MAHA-2024-W39-004,MH/NND/2024/39/2396,2024,39,NCDC weekly outbreaks/2024/week39_1788951925.pdf,11,39,MATCH,Maharashtra,Nanded,Nanded,Acute Diarrheal Disease,Acute_Diarrheal_Disease,26,0,Under Surveillance,28-09-2024,2024-09-28,28-09-2024,2024-09-28,2024-09-23,2024-09-29,TEXT,HIGH,,UNVALIDATED,Official IDSP unique ID: MH/NND/2024/39/2396,Nanded,VERBATIM_MATCH,Clean district text from source,Nanded,Acute Diarrheal Disease,CLEAN,Clean disease text,2024-09-28,2024-09-28,NORMAL,2024,39,9,September,Q3,2024,COMPLETE_YEAR,NOT_FLAGGED
MAHA-2024-W39-005,MH/WAS/2024/39/2397,2024,39,NCDC weekly outbreaks/2024/week39_1788951925.pdf,11,39,MATCH,Maharashtra,Akola,Akola,Chikungunya,Chikungunya,9,0,Under Surveillance,26-09-2024,2024-09-26,27-09-2024,2024-09-27,2024-09-23,2024-09-29,TEXT,HIGH,,UNVALIDATED,Official IDSP unique ID: MH/WAS/2024/39/2397,Akola,VERBATIM_MATCH,Clean district text from source,Akola,Chikungunya,WHITESPACE_STANDARDIZED,Standardized broken whitespace in Chikungunya,2024-09-26,2024-09-27,NORMAL,2024,39,9,September,Q3,2024,COMPLETE_YEAR,NOT_FLAGGED
MAHA-2024-W39-006,MH/THE/2024/39/2411,2024,39,NCDC weekly outbreaks/2024/week39_1788951925.pdf,15,39,MATCH,Maharashtra,Thane,Thane,Cholera,Cholera,7,1,Under Surveillance,10-09-2024,2024-09-10,10-09-2024,2024-09-10,2024-09-23,2024-09-29,TEXT,HIGH,,UNVALIDATED,Official IDSP unique ID: MH/THE/2024/39/2411,Thane,VERBATIM_MATCH,Clean district text from source,Thane,Cholera,CLEAN,Clean disease text,2024-09-10,2024-09-10,NORMAL,2024,39,9,September,Q3,2024,COMPLETE_YEAR,SEPARATE_OUTBREAK
MAHA-2024-W39-007,MH/THE/2024/39/2412,2024,39,NCDC weekly outbreaks/2024/week39_1788951925.pdf,15,39,MATCH,Maharashtra,Thane,Thane,Cholera,Cholera,18,0,Under Surveillance,18-09-2024,2024-09-18,19-09-2024,2024-09-19,2024-09-23,2024-09-29,TEXT,HIGH,,UNVALIDATED,Official IDSP unique ID: MH/THE/2024/39/2412,Thane,VERBATIM_MATCH,Clean district text from source,Thane,Cholera,CLEAN,Clean disease text,2024-09-18,2024-09-19,NORMAL,2024,39,9,September,Q3,2024,COMPLETE_YEAR,SEPARATE_OUTBREAK
MAHA-2024-W40-001,MH/AMR/2024/40/2450,2024,40,NCDC weekly outbreaks/2024/week40_1788951939.pdf,14,40,MATCH,Maharashtra,Amravati,Amravati,Food Poisoning,Food_Poisoning,10,0,Under Surveillance,04-10-2024,2024-10-04,04-10-2024,2024-10-04,2024-09-30,2024-10-06,TEXT,HIGH,,UNVALIDATED,Official IDSP unique ID: MH/AMR/2024/40/2450,Amravati,VERBATIM_MATCH,Clean district text from source,Amravati,Food Poisoning,WHITESPACE_STANDARDIZED,Standardized capitalization: Food poisoning -> Food Poisoning,2024-10-04,2024-10-04,NORMAL,2024,40,10,October,Q4,2024,COMPLETE_YEAR,NOT_FLAGGED
MAHA-2024-W40-002,MH/GOG/2024/40/2451,2024,40,NCDC weekly outbreaks/2024/week40_1788951939.pdf,14,40,MATCH,Maharashtra,Gondia,Gondia,Cholera,Cholera,17,0,Under Surveillance,03-10-2024,2024-10-03,03-10-2024,2024-10-03,2024-09-30,2024-10-06,TEXT,HIGH,,UNVALIDATED,Official IDSP unique ID: MH/GOG/2024/40/2451,Gondia,VERBATIM_MATCH,Clean district text from source,Gondia,Cholera,CLEAN,Clean disease text,2024-10-03,2024-10-03,NORMAL,2024,40,10,October,Q4,2024,COMPLETE_YEAR,NOT_FLAGGED
MAHA-2024-W40-003,MH/LAT/2024/40/2452,2024,40,NCDC weekly outbreaks/2024/week40_1788951939.pdf,15,40,MATCH,Maharashtra,Latur,Latur,Food Poisoning,Food_Poisoning,55,0,Under Surveillance,05-10-2024,2024-10-05,06-10-2024,2024-10-06,2024-09-30,2024-10-06,TEXT,HIGH,,UNVALIDATED,Official IDSP unique ID: MH/LAT/2024/40/2452,Latur,VERBATIM_MATCH,Clean district text from source,Latur,Food Poisoning,WHITESPACE_STANDARDIZED,Standardized capitalization: Food poisoning -> Food Poisoning,2024-10-05,2024-10-06,NORMAL,2024,40,10,October,Q4,2024,COMPLETE_YEAR,NOT_FLAGGED
MAHA-2024-W40-004,MH/RIG/2024/40/2453,2024,40,NCDC weekly outbreaks/2024/week40_1788951939.pdf,15,40,MATCH,Maharashtra,Pune,Pune,Raigad Chikungunya,Chikungunya,19,0,Under Surveillance,30-09-2024,2024-09-30,30-09-2024,2024-09-30,2024-09-30,2024-10-06,TEXT,HIGH,,UNVALIDATED,Official IDSP unique ID: MH/RIG/2024/40/2453,Pune,VERBATIM_MATCH,Clean district text from source,Pune,Chikungunya,WHITESPACE_STANDARDIZED,Standardized broken whitespace in Chikungunya,2024-09-30,2024-09-30,NORMAL,2024,40,9,September,Q3,2024,COMPLETE_YEAR,NOT_FLAGGED
MAHA-2024-W40-005,MH/SAB/2024/40/2454,2024,40,NCDC weekly outbreaks/2024/week40_1788951939.pdf,15,40,MATCH,Maharashtra,Sangli,Sangli,Food Poisoning,Food_Poisoning,246,0,Under Surveillance,05-10-2024,2024-10-05,05-10-2024,2024-10-05,2024-09-30,2024-10-06,TEXT,HIGH,,UNVALIDATED,Official IDSP unique ID: MH/SAB/2024/40/2454,Sangli,VERBATIM_MATCH,Clean district text from source,Sangli,Food Poisoning,WHITESPACE_STANDARDIZED,Standardized capitalization: Food poisoning -> Food Poisoning,2024-10-05,2024-10-05,NORMAL,2024,40,10,October,Q4,2024,COMPLETE_YEAR,NOT_FLAGGED
MAHA-2024-W40-006,MH/THE/2024/40/2455,2024,40,NCDC weekly outbreaks/2024/week40_1788951939.pdf,16,40,MATCH,Maharashtra,Thane,Thane,Acute Diarrheal Disease,Acute_Diarrheal_Disease,47,0,Under Surveillance,02-10-2024,2024-10-02,04-10-2024,2024-10-04,2024-09-30,2024-10-06,TEXT,HIGH,,UNVALIDATED,Official IDSP unique ID: MH/THE/2024/40/2455,Thane,VERBATIM_MATCH,Clean district text from source,Thane,Acute Diarrheal Disease,CLEAN,Clean disease text,2024-10-02,2024-10-04,NORMAL,2024,40,10,October,Q4,2024,COMPLETE_YEAR,NOT_FLAGGED
MAHA-2024-W41-001,MH/NAG/2024/41/2492,2024,41,NCDC weekly outbreaks/2024/week41_1788951950.pdf,9,41,MATCH,Maharashtra,Nagpur,Nagpur,Acute Diarrheal Disease,Acute_Diarrheal_Disease,136,0,Under Surveillance,11-10-2024,2024-10-11,11-10-2024,2024-10-11,2024-10-07,2024-10-13,TEXT,HIGH,,UNVALIDATED,Official IDSP unique ID: MH/NAG/2024/41/2492,Nagpur,VERBATIM_MATCH,Clean district text from source,Nagpur,Acute Diarrheal Disease,CLEAN,Clean disease text,2024-10-11,2024-10-11,NORMAL,2024,41,10,October,Q4,2024,COMPLETE_YEAR,NOT_FLAGGED
MAHA-2024-W41-002,MH/PRB/2024/41/2493,2024,41,NCDC weekly outbreaks/2024/week41_1788951950.pdf,9,41,MATCH,Maharashtra,Parbhani,Parbhani,Acute Diarrheal Disease,Acute_Diarrheal_Disease,30,0,Under Control,05-10-2024,2024-10-05,07-10-2024,2024-10-07,2024-10-07,2024-10-13,TEXT,HIGH,,UNVALIDATED,Official IDSP unique ID: MH/PRB/2024/41/2493,Parbhani,VERBATIM_MATCH,Clean district text from source,Parbhani,Acute Diarrheal Disease,CLEAN,Clean disease text,2024-10-05,2024-10-07,NORMAL,2024,41,10,October,Q4,2024,COMPLETE_YEAR,NOT_FLAGGED
MAHA-2024-W41-003,MH/PNE/2024/41/2494,2024,41,NCDC weekly outbreaks/2024/week41_1788951950.pdf,9,41,MATCH,Maharashtra,Pune,Pune,Acute Diarrheal Disease,Acute_Diarrheal_Disease,28,0,Under Surveillance,10-10-2024,2024-10-10,11-10-2024,2024-10-11,2024-10-07,2024-10-13,TEXT,HIGH,,UNVALIDATED,Official IDSP unique ID: MH/PNE/2024/41/2494,Pune,VERBATIM_MATCH,Clean district text from source,Pune,Acute Diarrheal Disease,CLEAN,Clean disease text,2024-10-10,2024-10-11,NORMAL,2024,41,10,October,Q4,2024,COMPLETE_YEAR,NOT_FLAGGED
MAHA-2024-W42-001,MH/AMN/2024/42/2562,2024,42,NCDC weekly outbreaks/2024/week42_1788951961.pdf,20,42,MATCH,Maharashtra,Ahmednagar,Ahmednagar,Cholera,Cholera,8,0,Under Control,14-10-2024,2024-10-14,14-10-2024,2024-10-14,2024-10-14,2024-10-20,TEXT,HIGH,,UNVALIDATED,Official IDSP unique ID: MH/AMN/2024/42/2562,Ahmednagar,VERBATIM_MATCH,Clean district text from source,Ahmednagar,Cholera,CLEAN,Clean disease text,2024-10-14,2024-10-14,NORMAL,2024,42,10,October,Q4,2024,COMPLETE_YEAR,NOT_FLAGGED
MAHA-2024-W42-002,MH/DHL/2024/42/2563,2024,42,NCDC weekly outbreaks/2024/week42_1788951961.pdf,21,42,MATCH,Maharashtra,Dhule,Dhule,Acute Diarrheal Disease,Acute_Diarrheal_Disease,30,1,Under Control,17-10-2024,2024-10-17,17-10-2024,2024-10-17,2024-10-14,2024-10-20,TEXT,HIGH,,UNVALIDATED,Official IDSP unique ID: MH/DHL/2024/42/2563,Dhule,VERBATIM_MATCH,Clean district text from source,Dhule,Acute Diarrheal Disease,CLEAN,Clean disease text,2024-10-17,2024-10-17,NORMAL,2024,42,10,October,Q4,2024,COMPLETE_YEAR,NOT_FLAGGED
MAHA-2024-W42-003,MH/KOP/2024/42/2564,2024,42,NCDC weekly outbreaks/2024/week42_1788951961.pdf,21,42,MATCH,Maharashtra,Kolhapur,Kolhapur,Food Poisoning,Food_Poisoning,88,0,Under Control,14-10-2024,2024-10-14,14-10-2024,2024-10-14,2024-10-14,2024-10-20,TEXT,HIGH,,UNVALIDATED,Official IDSP unique ID: MH/KOP/2024/42/2564,Kolhapur,VERBATIM_MATCH,Clean district text from source,Kolhapur,Food Poisoning,WHITESPACE_STANDARDIZED,Standardized capitalization: Food poisoning -> Food Poisoning,2024-10-14,2024-10-14,NORMAL,2024,42,10,October,Q4,2024,COMPLETE_YEAR,NOT_FLAGGED
MAHA-2024-W42-004,MH/NAD/2024/42/2565,2024,42,NCDC weekly outbreaks/2024/week42_1788951961.pdf,21,42,MATCH,Maharashtra,Nanded,Nanded,Chikungunya,Chikungunya,7,0,Under Surveillance,16-10-2024,2024-10-16,17-10-2024,2024-10-17,2024-10-14,2024-10-20,TEXT,HIGH,,UNVALIDATED,Official IDSP unique ID: MH/NAD/2024/42/2565,Nanded,VERBATIM_MATCH,Clean district text from source,Nanded,Chikungunya,WHITESPACE_STANDARDIZED,Standardized broken whitespace in Chikungunya,2024-10-16,2024-10-17,NORMAL,2024,42,10,October,Q4,2024,COMPLETE_YEAR,SEPARATE_OUTBREAK
MAHA-2024-W42-005,MH/NAS/2024/42/2566,2024,42,NCDC weekly outbreaks/2024/week42_1788951961.pdf,21,42,MATCH,Maharashtra,Nashik,Nashik,Acute Diarrheal Disease,Acute_Diarrheal_Disease,10,0,Under Surveillance,14-10-2024,2024-10-14,15-10-2024,2024-10-15,2024-10-14,2024-10-20,TEXT,HIGH,,UNVALIDATED,Official IDSP unique ID: MH/NAS/2024/42/2566,Nashik,VERBATIM_MATCH,Clean district text from source,Nashik,Acute Diarrheal Disease,CLEAN,Clean disease text,2024-10-14,2024-10-15,NORMAL,2024,42,10,October,Q4,2024,COMPLETE_YEAR,SEPARATE_OUTBREAK
MAHA-2024-W42-006,MH/PRB/2024/42/2567,2024,42,NCDC weekly outbreaks/2024/week42_1788951961.pdf,22,42,MATCH,Maharashtra,Nanded,Nanded,Parbhani Chikungunya,Chikungunya,6,0,Under Control,17-10-2024,2024-10-17,17-10-2024,2024-10-17,2024-10-14,2024-10-20,TEXT,HIGH,,UNVALIDATED,Official IDSP unique ID: MH/PRB/2024/42/2567,Nanded,VERBATIM_MATCH,Clean district text from source,Nanded,Chikungunya,WHITESPACE_STANDARDIZED,Standardized broken whitespace in Chikungunya,2024-10-17,2024-10-17,NORMAL,2024,42,10,October,Q4,2024,COMPLETE_YEAR,SEPARATE_OUTBREAK
MAHA-2024-W42-007,MH/THE/2024/42/2568,2024,42,NCDC weekly outbreaks/2024/week42_1788951961.pdf,22,42,MATCH,Maharashtra,Thane,Thane,Acute Gastroenteritis,Gastroenteritis,10,0,Under Surveillance,17-10-2024,2024-10-17,19-10-2024,2024-10-19,2024-10-14,2024-10-20,TEXT,HIGH,,UNVALIDATED,Official IDSP unique ID: MH/THE/2024/42/2568,Thane,VERBATIM_MATCH,Clean district text from source,Thane,Acute Gastroenteritis,WHITESPACE_STANDARDIZED,Standardized broken whitespace in Acute Gastroenteritis,2024-10-17,2024-10-19,NORMAL,2024,42,10,October,Q4,2024,COMPLETE_YEAR,NOT_FLAGGED
MAHA-2024-W42-008,MH/THE/2024/42/2569,2024,42,NCDC weekly outbreaks/2024/week42_1788951961.pdf,22,42,MATCH,Maharashtra,Mumbai,Mumbai City,Thane Hepatitis A,Hepatitis,6,1,Under Surveillance,15-10-2024,2024-10-15,19-10-2024,2024-10-19,2024-10-14,2024-10-20,TEXT,HIGH,,UNVALIDATED,Official IDSP unique ID: MH/THE/2024/42/2569,Mumbai,VERBATIM_MATCH,Source specifies Mumbai without suburban qualifier,Mumbai,Hepatitis A,BOUNDARY_TRIMMED,Trimmed neighboring state/district prefix from disease string,2024-10-15,2024-10-19,NORMAL,2024,42,10,October,Q4,2024,COMPLETE_YEAR,SEPARATE_OUTBREAK
MAHA-2024-W42-009,MH/WRD/2024/42/2570,2024,42,NCDC weekly outbreaks/2024/week42_1788951961.pdf,23,42,MATCH,Maharashtra,Wardha,Wardha,Acute Diarrheal Disease,Acute_Diarrheal_Disease,12,0,Under Surveillance,17-10-2024,2024-10-17,18-10-2024,2024-10-18,2024-10-14,2024-10-20,TEXT,HIGH,,UNVALIDATED,Official IDSP unique ID: MH/WRD/2024/42/2570,Wardha,VERBATIM_MATCH,Clean district text from source,Wardha,Acute Diarrheal Disease,CLEAN,Clean disease text,2024-10-17,2024-10-18,NORMAL,2024,42,10,October,Q4,2024,COMPLETE_YEAR,NOT_FLAGGED
MAHA-2024-W42-010,MH/2024/42/2587,2024,42,NCDC weekly outbreaks/2024/week42_1788951961.pdf,29,2587,MATCH,Maharashtra,Unknown,,Madhya Pradesh Damoh Acute Diarrheal Disease,Acute_Diarrheal_Disease,16,0,Under Surveillance,09-10-2024,2024-10-09,30-08-2024,2024-08-30,2024-10-14,2024-10-20,TEXT,MEDIUM,,UNVALIDATED,Official IDSP unique ID: MH/2024/42/2587,Unknown,VERBATIM_MATCH,Clean district text from source,Unknown,Acute Diarrheal Disease,BOUNDARY_TRIMMED,Trimmed neighboring state/district prefix from disease string,2024-10-09,2024-08-30,OUTBREAK_DATE_AFTER_REPORT_DATE,2024,42,10,October,Q4,2024,COMPLETE_YEAR,NOT_FLAGGED
MAHA-2024-W43-001,MH/AHM/2024/43/2618,2024,43,NCDC weekly outbreaks/2024/week43_1788951974.pdf,10,43,MATCH,Maharashtra,Ahmednagar,Ahmednagar,Acute Diarrheal Disease,Acute_Diarrheal_Disease,129,0,Under Control,20-10-2024,2024-10-20,22-10-2024,2024-10-22,2024-10-21,2024-10-27,TEXT,HIGH,,UNVALIDATED,Official IDSP unique ID: MH/AHM/2024/43/2618,Ahmednagar,VERBATIM_MATCH,Clean district text from source,Ahmednagar,Acute Diarrheal Disease,CLEAN,Clean disease text,2024-10-20,2024-10-22,NORMAL,2024,43,10,October,Q4,2024,COMPLETE_YEAR,NOT_FLAGGED
MAHA-2024-W43-002,MH/NAS/2024/43/2632,2024,43,NCDC weekly outbreaks/2024/week43_1788951974.pdf,15,43,MATCH,Maharashtra,Nashik,Nashik,Acute Diarrheal Disease,Acute_Diarrheal_Disease,171,0,Under Surveillance,17-10-2024,2024-10-17,,,2024-10-21,2024-10-27,TEXT,HIGH,,UNVALIDATED,Official IDSP unique ID: MH/NAS/2024/43/2632,Nashik,VERBATIM_MATCH,Clean district text from source,Nashik,Acute Diarrheal Disease,CLEAN,Clean disease text,2024-10-17,,REPORT_DATE_MISSING,2024,43,10,October,Q4,2024,COMPLETE_YEAR,SEPARATE_OUTBREAK
MAHA-2024-W43-003,MH/RIG/2024/43/2633,2024,43,NCDC weekly outbreaks/2024/week43_1788951974.pdf,15,43,MATCH,Maharashtra,Mumbai,Mumbai City,Raigad Hepatitis A,Hepatitis,37,0,Under Surveillance,17-10-2024,2024-10-17,20-09-2024,2024-09-20,2024-10-21,2024-10-27,TEXT,HIGH,,UNVALIDATED,Official IDSP unique ID: MH/RIG/2024/43/2633,Mumbai,VERBATIM_MATCH,Source specifies Mumbai without suburban qualifier,Mumbai,Hepatitis A,BOUNDARY_TRIMMED,Trimmed neighboring state/district prefix from disease string,2024-10-17,2024-09-20,OUTBREAK_DATE_AFTER_REPORT_DATE,2024,43,10,October,Q4,2024,COMPLETE_YEAR,SEPARATE_OUTBREAK
MAHA-2024-W44-001,MH/PLG/2024/44/2659,2024,44,NCDC weekly outbreaks/2024/week44_1788951993.pdf,10,44,MATCH,Maharashtra,Palghar,Palghar,Dengue,Dengue,22,1,Under Surveillance,29-10-2024,2024-10-29,30-10-2024,2024-10-30,2024-10-28,2024-11-03,TEXT,HIGH,,UNVALIDATED,Official IDSP unique ID: MH/PLG/2024/44/2659,Palghar,VERBATIM_MATCH,Clean district text from source,Palghar,Dengue,CLEAN,Clean disease text,2024-10-29,2024-10-30,NORMAL,2024,44,10,October,Q4,2024,COMPLETE_YEAR,NOT_FLAGGED
MAHA-2024-W44-002,MH/THN/2024/44/2660,2024,44,NCDC weekly outbreaks/2024/week44_1788951993.pdf,10,44,MATCH,Maharashtra,Thane,Thane,Acute Diarrheal Disease,Acute_Diarrheal_Disease,97,0,Under Surveillance,28-10-2024,2024-10-28,31-10-2024,2024-10-31,2024-10-28,2024-11-03,TEXT,HIGH,,UNVALIDATED,Official IDSP unique ID: MH/THN/2024/44/2660,Thane,VERBATIM_MATCH,Clean district text from source,Thane,Acute Diarrheal Disease,CLEAN,Clean disease text,2024-10-28,2024-10-31,NORMAL,2024,44,10,October,Q4,2024,COMPLETE_YEAR,NOT_FLAGGED
MAHA-2024-W44-003,MH/NAS/2024/44/2679,2024,44,NCDC weekly outbreaks/2024/week44_1788951993.pdf,17,44,MATCH,Maharashtra,Nashik,Nashik,Acute Diarrheal Disease,Acute_Diarrheal_Disease,18,0,Under Control,24-10-2024,2024-10-24,15-10-2024,2024-10-15,2024-10-28,2024-11-03,TEXT,HIGH,,UNVALIDATED,Official IDSP unique ID: MH/NAS/2024/44/2679,Nashik,VERBATIM_MATCH,Clean district text from source,Nashik,Acute Diarrheal Disease,CLEAN,Clean disease text,2024-10-24,2024-10-15,OUTBREAK_DATE_AFTER_REPORT_DATE,2024,44,10,October,Q4,2024,COMPLETE_YEAR,SEPARATE_OUTBREAK
MAHA-2024-W45-001,MH/AHM/2024/45/2701,2024,45,NCDC weekly outbreaks/2024/week45_1788952004.pdf,8,45,MATCH,Maharashtra,Ahmednagar,Ahmednagar,Dengue,Dengue,23,0,Under Surveillance,06-11-2024,2024-11-06,07-11-2024,2024-11-07,2024-11-04,2024-11-10,TEXT,HIGH,,UNVALIDATED,Official IDSP unique ID: MH/AHM/2024/45/2701,Ahmednagar,VERBATIM_MATCH,Clean district text from source,Ahmednagar,Dengue,CLEAN,Clean disease text,2024-11-06,2024-11-07,NORMAL,2024,45,11,November,Q4,2024,COMPLETE_YEAR,NOT_FLAGGED
MAHA-2024-W45-002,MH/CHN/2024/45/2702,2024,45,NCDC weekly outbreaks/2024/week45_1788952004.pdf,9,45,MATCH,Maharashtra,Chandrapur,Chandrapur,Acute Diarrheal Disease,Acute_Diarrheal_Disease,61,0,Under Control,05-11-2024,2024-11-05,07-11-2024,2024-11-07,2024-11-04,2024-11-10,TEXT,HIGH,,UNVALIDATED,Official IDSP unique ID: MH/CHN/2024/45/2702,Chandrapur,WHITESPACE_ARTIFACT_RESOLVED,Whitespace artifact resolved: Chandrapu r -> Chandrapur,Chandrapur,Acute Diarrheal Disease,CLEAN,Clean disease text,2024-11-05,2024-11-07,NORMAL,2024,45,11,November,Q4,2024,COMPLETE_YEAR,NOT_FLAGGED
MAHA-2024-W46-001,MH/NSH/2024/46/2749,2024,46,NCDC weekly outbreaks/2024/week46_1788952017.pdf,13,46,MATCH,Maharashtra,Nashik,Nashik,Acute Diarrheal Disease,Acute_Diarrheal_Disease,21,1,Under Surveillance,13-11-2024,2024-11-13,14-11-2024,2024-11-14,2024-11-11,2024-11-17,TEXT,HIGH,,UNVALIDATED,Official IDSP unique ID: MH/NSH/2024/46/2749,Nashik,VERBATIM_MATCH,Clean district text from source,Nashik,Acute Diarrheal Disease,CLEAN,Clean disease text,2024-11-13,2024-11-14,NORMAL,2024,46,11,November,Q4,2024,COMPLETE_YEAR,SEPARATE_OUTBREAK
MAHA-2024-W46-002,MH/PRB/2024/46/2750,2024,46,NCDC weekly outbreaks/2024/week46_1788952017.pdf,13,46,MATCH,Maharashtra,Nanded,Nanded,Parbhani Chikungunya,Chikungunya,14,0,Under Control,12-11-2024,2024-11-12,14-11-2024,2024-11-14,2024-11-11,2024-11-17,TEXT,HIGH,,UNVALIDATED,Official IDSP unique ID: MH/PRB/2024/46/2750,Nanded,VERBATIM_MATCH,Clean district text from source,Nanded,Chikungunya,WHITESPACE_STANDARDIZED,Standardized broken whitespace in Chikungunya,2024-11-12,2024-11-14,NORMAL,2024,46,11,November,Q4,2024,COMPLETE_YEAR,SEPARATE_OUTBREAK
MAHA-2024-W46-003,MH/RIG/2024/46/2751,2024,46,NCDC weekly outbreaks/2024/week46_1788952017.pdf,13,46,MATCH,Maharashtra,Raigad,Raigad,Chikungunya,Chikungunya,27,0,Under Surveillance,09-11-2024,2024-11-09,14-11-2024,2024-11-14,2024-11-11,2024-11-17,TEXT,HIGH,,UNVALIDATED,Official IDSP unique ID: MH/RIG/2024/46/2751,Raigad,VERBATIM_MATCH,Clean district text from source,Raigad,Chikungunya,WHITESPACE_STANDARDIZED,Standardized broken whitespace in Chikungunya,2024-11-09,2024-11-14,NORMAL,2024,46,11,November,Q4,2024,COMPLETE_YEAR,NOT_FLAGGED
MAHA-2024-W46-004,MH/SDG/2024/46/2752,2024,46,NCDC weekly outbreaks/2024/week46_1788952017.pdf,14,46,MATCH,Maharashtra,Sindhudurg,Sindhudurg,Leptospirosis,Leptospirosis,1,1,Under Surveillance,14-11-2024,2024-11-14,14-11-2024,2024-11-14,2024-11-11,2024-11-17,TEXT,HIGH,,UNVALIDATED,Official IDSP unique ID: MH/SDG/2024/46/2752,Sindhudurg,WHITESPACE_ARTIFACT_RESOLVED,Whitespace artifact resolved: Sindhudur g -> Sindhudurg,Sindhudurg,Leptospirosis,CLEAN,Clean disease text,2024-11-14,2024-11-14,NORMAL,2024,46,11,November,Q4,2024,COMPLETE_YEAR,NOT_FLAGGED
MAHA-2024-W47-001,MH/WHD/2024/47/2809,2024,47,NCDC weekly outbreaks/2024/week47_1788952028.pdf,14,47,MATCH,Maharashtra,Wardha,Wardha,Dengue,Dengue,5,1,Under Surveillance,21-11-2024,2024-11-21,22-11-2024,2024-11-22,2024-11-18,2024-11-24,TEXT,HIGH,,UNVALIDATED,Official IDSP unique ID: MH/WHD/2024/47/2809,Wardha,VERBATIM_MATCH,Clean district text from source,Wardha,Dengue,CLEAN,Clean disease text,2024-11-21,2024-11-22,NORMAL,2024,47,11,November,Q4,2024,COMPLETE_YEAR,NOT_FLAGGED
MAHA-2024-W48-001,MH/AMR/2024/48/2847,2024,48,NCDC weekly outbreaks/2024/week48_1788952041.pdf,11,48,MATCH,Maharashtra,Amravati,Amravati,Chikungunya,Chikungunya,12,0,Under Surveillance,25-11-2024,2024-11-25,26-11-2024,2024-11-26,2024-11-25,2024-12-01,TEXT,HIGH,,UNVALIDATED,Official IDSP unique ID: MH/AMR/2024/48/2847,Amravati,VERBATIM_MATCH,Clean district text from source,Amravati,Chikungunya,WHITESPACE_STANDARDIZED,Standardized broken whitespace in Chikungunya,2024-11-25,2024-11-26,NORMAL,2024,48,11,November,Q4,2024,COMPLETE_YEAR,NOT_FLAGGED
MAHA-2024-W48-002,MH/KOH/2024/48/2848,2024,48,NCDC weekly outbreaks/2024/week48_1788952041.pdf,11,48,MATCH,Maharashtra,Kolhapur,Kolhapur,Acute Diarrheal Disease,Acute_Diarrheal_Disease,165,0,Under Surveillance,30-11-2024,2024-11-30,30-11-2024,2024-11-30,2024-11-25,2024-12-01,TEXT,HIGH,,UNVALIDATED,Official IDSP unique ID: MH/KOH/2024/48/2848,Kolhapur,VERBATIM_MATCH,Clean district text from source,Kolhapur,Acute Diarrheal Disease,CLEAN,Clean disease text,2024-11-30,2024-11-30,NORMAL,2024,48,11,November,Q4,2024,COMPLETE_YEAR,NOT_FLAGGED
MAHA-2024-W48-003,MH/KOH/2024/48/2849,2024,48,NCDC weekly outbreaks/2024/week48_1788952041.pdf,11,48,MATCH,Maharashtra,Kolhapur,Kolhapur,Acute Hepatitis A,Hepatitis,18,0,Under Surveillance,25-11-2024,2024-11-25,25-11-2024,2024-11-25,2024-11-25,2024-12-01,TEXT,HIGH,,UNVALIDATED,Official IDSP unique ID: MH/KOH/2024/48/2849,Kolhapur,VERBATIM_MATCH,Clean district text from source,Kolhapur,Acute Hepatitis A,CLEAN,Clean disease text,2024-11-25,2024-11-25,NORMAL,2024,48,11,November,Q4,2024,COMPLETE_YEAR,NOT_FLAGGED
MAHA-2024-W48-004,MH/NAN/2024/48/2850,2024,48,NCDC weekly outbreaks/2024/week48_1788952041.pdf,12,48,MATCH,Maharashtra,Nanded,Nanded,Chikungunya,Chikungunya,14,0,Under Surveillance,26-11-2024,2024-11-26,27-11-2024,2024-11-27,2024-11-25,2024-12-01,TEXT,HIGH,,UNVALIDATED,Official IDSP unique ID: MH/NAN/2024/48/2850,Nanded,VERBATIM_MATCH,Clean district text from source,Nanded,Chikungunya,WHITESPACE_STANDARDIZED,Standardized broken whitespace in Chikungunya,2024-11-26,2024-11-27,NORMAL,2024,48,11,November,Q4,2024,COMPLETE_YEAR,SEPARATE_OUTBREAK
MAHA-2024-W48-005,MH/PLG/2024/48/2851,2024,48,NCDC weekly outbreaks/2024/week48_1788952041.pdf,12,48,MATCH,Maharashtra,Palghar,Palghar,Leptospirosis,Leptospirosis,7,1,Under Control,23-11-2024,2024-11-23,25-11-2024,2024-11-25,2024-11-25,2024-12-01,TEXT,HIGH,,UNVALIDATED,Official IDSP unique ID: MH/PLG/2024/48/2851,Palghar,VERBATIM_MATCH,Clean district text from source,Palghar,Leptospirosis,CLEAN,Clean disease text,2024-11-23,2024-11-25,NORMAL,2024,48,11,November,Q4,2024,COMPLETE_YEAR,NOT_FLAGGED
MAHA-2024-W48-006,MH/PNE/2024/48/2852,2024,48,NCDC weekly outbreaks/2024/week48_1788952041.pdf,12,48,MATCH,Maharashtra,Pune,Pune,Zika Virus,Zika_Virus,1,0,Under Surveillance,25-11-2024,2024-11-25,27-11-2024,2024-11-27,2024-11-25,2024-12-01,TEXT,HIGH,,UNVALIDATED,Official IDSP unique ID: MH/PNE/2024/48/2852,Pune,VERBATIM_MATCH,Clean district text from source,Pune,Zika Virus,CLEAN,Clean disease text,2024-11-25,2024-11-27,NORMAL,2024,48,11,November,Q4,2024,COMPLETE_YEAR,NOT_FLAGGED
MAHA-2024-W48-007,MH/SIN/2024/48/2853,2024,48,NCDC weekly outbreaks/2024/week48_1788952041.pdf,13,48,MATCH,Maharashtra,Pune,Pune,Hepatitis A,Hepatitis,10,0,Under Surveillance,30-11-2024,2024-11-30,30-11-2024,2024-11-30,2024-11-25,2024-12-01,TEXT,HIGH,,UNVALIDATED,Official IDSP unique ID: MH/SIN/2024/48/2853,Pune,VERBATIM_MATCH,Clean district text from source,Pune,Hepatitis A,CLEAN,Clean disease text,2024-11-30,2024-11-30,NORMAL,2024,48,11,November,Q4,2024,COMPLETE_YEAR,NOT_FLAGGED
MAHA-2024-W48-008,MH/WAS/2024/48/2854,2024,48,NCDC weekly outbreaks/2024/week48_1788952041.pdf,13,48,MATCH,Maharashtra,Akola,Akola,Dengue,Dengue,9,0,Under Surveillance,30-11-2024,2024-11-30,30-11-2024,2024-11-30,2024-11-25,2024-12-01,TEXT,HIGH,,UNVALIDATED,Official IDSP unique ID: MH/WAS/2024/48/2854,Akola,VERBATIM_MATCH,Clean district text from source,Akola,Dengue,CLEAN,Clean disease text,2024-11-30,2024-11-30,NORMAL,2024,48,11,November,Q4,2024,COMPLETE_YEAR,NOT_FLAGGED
MAHA-2024-W49-001,MH/SAN/2024/49/2887,2024,49,NCDC weekly outbreaks/2024/week49_1788952055.pdf,8,49,MATCH,Maharashtra,Sangli,Sangli,Hepatitis A,Hepatitis,9,0,Under Surveillance,05-12-2024,2024-12-05,06-12-2024,2024-12-06,2024-12-02,2024-12-08,TEXT,HIGH,,UNVALIDATED,Official IDSP unique ID: MH/SAN/2024/49/2887,Sangli,VERBATIM_MATCH,Clean district text from source,Sangli,Hepatitis A,CLEAN,Clean disease text,2024-12-05,2024-12-06,NORMAL,2024,49,12,December,Q4,2024,COMPLETE_YEAR,NOT_FLAGGED
MAHA-2024-W50-001,MH/GDC/2024/50/2935,2024,50,NCDC weekly outbreaks/2024/week50_1788952068.pdf,13,50,MATCH,Maharashtra,Gadchiroli,Gadchiroli,Malaria,Malaria,2,1,Under Control,09/12/2024,2024-12-09,09/12/2024,2024-12-09,2024-12-09,2024-12-15,TEXT,HIGH,,UNVALIDATED,Official IDSP unique ID: MH/GDC/2024/50/2935,Gadchiroli,VERBATIM_MATCH,Clean district text from source,Gadchiroli,Malaria,CLEAN,Clean disease text,2024-12-09,2024-12-09,NORMAL,2024,50,12,December,Q4,2024,COMPLETE_YEAR,NOT_FLAGGED
MAHA-2024-W50-002,MH/THE/2024/50/2936,2024,50,NCDC weekly outbreaks/2024/week50_1788952068.pdf,14,50,MATCH,Maharashtra,Thane,Thane,Acute Diarrheal Disease,Acute_Diarrheal_Disease,5,1,Under Control,06/12/2024,2024-12-06,09/12/2024,2024-12-09,2024-12-09,2024-12-15,TEXT,HIGH,,UNVALIDATED,Official IDSP unique ID: MH/THE/2024/50/2936,Thane,VERBATIM_MATCH,Clean district text from source,Thane,Acute Diarrheal Disease,CLEAN,Clean disease text,2024-12-06,2024-12-09,NORMAL,2024,50,12,December,Q4,2024,COMPLETE_YEAR,NOT_FLAGGED
MAHA-2024-W50-003,MH/WRD/2024/50/2937,2024,50,NCDC weekly outbreaks/2024/week50_1788952068.pdf,14,50,MATCH,Maharashtra,Wardha,Wardha,Food Poisoning,Food_Poisoning,39,0,Under Surveillance,11/12/2024,2024-12-11,12/12/2024,2024-12-12,2024-12-09,2024-12-15,TEXT,HIGH,,UNVALIDATED,Official IDSP unique ID: MH/WRD/2024/50/2937,Wardha,VERBATIM_MATCH,Clean district text from source,Wardha,Food Poisoning,WHITESPACE_STANDARDIZED,Standardized capitalization: Food poisoning -> Food Poisoning,2024-12-11,2024-12-12,NORMAL,2024,50,12,December,Q4,2024,COMPLETE_YEAR,NOT_FLAGGED
MAHA-2024-W51-001,MH/BHN/2024/51/2975,2024,51,NCDC weekly outbreaks/2024/week51_1788952079.pdf,11,51,MATCH,Maharashtra,Bhandara,Bhandara,Leptospirosis,Leptospirosis,3,0,Under Surveillance,19-12-2024,2024-12-19,19-12-2024,2024-12-19,2024-12-16,2024-12-22,TEXT,HIGH,,UNVALIDATED,Official IDSP unique ID: MH/BHN/2024/51/2975,Bhandara,VERBATIM_MATCH,Clean district text from source,Bhandara,Leptospirosis,CLEAN,Clean disease text,2024-12-19,2024-12-19,NORMAL,2024,51,12,December,Q4,2024,COMPLETE_YEAR,NOT_FLAGGED
MAHA-2024-W51-002,MH/NAN/2024/51/2976,2024,51,NCDC weekly outbreaks/2024/week51_1788952079.pdf,11,51,MATCH,Maharashtra,Nandurbar,Nandurbar,Food Poisoning,Food_Poisoning,22,0,Under Surveillance,11-12-2024,2024-12-11,16-12-2024,2024-12-16,2024-12-16,2024-12-22,TEXT,HIGH,,UNVALIDATED,Official IDSP unique ID: MH/NAN/2024/51/2976,Nandurbar,VERBATIM_MATCH,Clean district text from source,Nandurbar,Food Poisoning,WHITESPACE_STANDARDIZED,Standardized capitalization: Food poisoning -> Food Poisoning,2024-12-11,2024-12-16,NORMAL,2024,51,12,December,Q4,2024,COMPLETE_YEAR,NOT_FLAGGED
MAHA-2024-W51-003,MH/SNG/2024/51/2977,2024,51,NCDC weekly outbreaks/2024/week51_1788952079.pdf,12,51,MATCH,Maharashtra,Sangli,Sangli,Acute Diarrheal Disease,Acute_Diarrheal_Disease,49,0,Under Surveillance,17-12-2024,2024-12-17,17-12-2024,2024-12-17,2024-12-16,2024-12-22,TEXT,HIGH,,UNVALIDATED,Official IDSP unique ID: MH/SNG/2024/51/2977,Sangli,VERBATIM_MATCH,Clean district text from source,Sangli,Acute Diarrheal Disease,CLEAN,Clean disease text,2024-12-17,2024-12-17,NORMAL,2024,51,12,December,Q4,2024,COMPLETE_YEAR,NOT_FLAGGED
MAHA-2024-W52-001,MH/BUL/2024/52/3007,2024,52,NCDC weekly outbreaks/2024/week52_1788952090.pdf,10,52,MATCH,Maharashtra,Buldhana,Buldhana,Food Poisoning,Food_Poisoning,93,0,Under Control,24-12-2024,2024-12-24,26-12-2024,2024-12-26,2024-12-23,2024-12-29,TEXT,HIGH,,UNVALIDATED,Official IDSP unique ID: MH/BUL/2024/52/3007,Buldhana,VERBATIM_MATCH,Clean district text from source,Buldhana,Food Poisoning,WHITESPACE_STANDARDIZED,Standardized capitalization: Food poisoning -> Food Poisoning,2024-12-24,2024-12-26,NORMAL,2024,52,12,December,Q4,2024,COMPLETE_YEAR,NOT_FLAGGED
MAHA-2024-W52-002,MH/OSM/2024/52/3008,2024,52,NCDC weekly outbreaks/2024/week52_1788952090.pdf,10,52,MATCH,Maharashtra,Osmanabad,Osmanabad,Chikungunya,Chikungunya,5,0,Under Surveillance,22-12-2024,2024-12-22,23-12-2024,2024-12-23,2024-12-23,2024-12-29,TEXT,HIGH,,UNVALIDATED,Official IDSP unique ID: MH/OSM/2024/52/3008,Osmanabad,VERBATIM_MATCH,Clean district text from source,Osmanabad,Chikungunya,WHITESPACE_STANDARDIZED,Standardized broken whitespace in Chikungunya,2024-12-22,2024-12-23,NORMAL,2024,52,12,December,Q4,2024,COMPLETE_YEAR,NOT_FLAGGED
MAHA-2024-W52-003,MH/THE/2024/52/3019,2024,52,NCDC weekly outbreaks/2024/week52_1788952090.pdf,13,52,MATCH,Maharashtra,Thane,Thane,Human Rabies,Rabies,1,1,Under Control,10-12-2024,2024-12-10,10/12/2024,2024-12-10,2024-12-23,2024-12-29,TEXT,HIGH,,UNVALIDATED,Official IDSP unique ID: MH/THE/2024/52/3019,Thane,VERBATIM_MATCH,Clean district text from source,Thane,Human Rabies,CLEAN,Clean disease text,2024-12-10,2024-12-10,NORMAL,2024,52,12,December,Q4,2024,COMPLETE_YEAR,NOT_FLAGGED
MAHA-2025-W01-001,MH/AMR/2025/01/15,2025,1,NCDC weekly outbreaks/2025/week1_1788948201.pdf,7,01,MATCH,Maharashtra,Amravati,Amravati,Acute Diarrheal Disease,Acute_Diarrheal_Disease,20,0,Under Surveillance,29-12-2024,2024-12-29,30-12-2024,2024-12-30,2024-12-30,2025-01-05,TEXT,HIGH,,UNVALIDATED,Official IDSP unique ID: MH/AMR/2025/01/15,Amravati,VERBATIM_MATCH,Clean district text from source,Amravati,Acute Diarrheal Disease,CLEAN,Clean disease text,2024-12-29,2024-12-30,NORMAL,2025,1,12,December,Q4,2025,COMPLETE_YEAR,NOT_FLAGGED
MAHA-2025-W01-002,MH/RIG/2025/01/16,2025,1,NCDC weekly outbreaks/2025/week1_1788948201.pdf,7,01,MATCH,Maharashtra,Mumbai,Mumbai City,Raigad Acute Diarrheal Disease,Acute_Diarrheal_Disease,62,0,Under Surveillance,29-12-2024,2024-12-29,30-12-2024,2024-12-30,2024-12-30,2025-01-05,TEXT,HIGH,,UNVALIDATED,Official IDSP unique ID: MH/RIG/2025/01/16,Mumbai,VERBATIM_MATCH,Source specifies Mumbai without suburban qualifier,Mumbai,Acute Diarrheal Disease,BOUNDARY_TRIMMED,Trimmed neighboring state/district prefix from disease string,2024-12-29,2024-12-30,NORMAL,2025,1,12,December,Q4,2025,COMPLETE_YEAR,NOT_FLAGGED
MAHA-2025-W01-003,MH/STR/2025/01/17,2025,1,NCDC weekly outbreaks/2025/week1_1788948201.pdf,8,01,MATCH,Maharashtra,Pune,Pune,Chikungunya,Chikungunya,17,0,Under Surveillance,01-01-2025,2025-01-01,01-01-2025,2025-01-01,2024-12-30,2025-01-05,TEXT,HIGH,,UNVALIDATED,Official IDSP unique ID: MH/STR/2025/01/17,Pune,VERBATIM_MATCH,Clean district text from source,Pune,Chikungunya,WHITESPACE_STANDARDIZED,Standardized broken whitespace in Chikungunya,2025-01-01,2025-01-01,NORMAL,2025,1,1,January,Q1,2025,COMPLETE_YEAR,NOT_FLAGGED
MAHA-2025-W02-001,MH/RAI/2025/02/25,2025,2,NCDC weekly outbreaks/2025/week2_1788950093.pdf,11,02,MATCH,Maharashtra,Raigad,Raigad,Leptospirosis,Leptospirosis,15,1,Under Control,31-12-2024,2024-12-31,06-01-2025,2025-01-06,2025-01-06,2025-01-12,TEXT,HIGH,,UNVALIDATED,Official IDSP unique ID: MH/RAI/2025/02/25,Raigad,VERBATIM_MATCH,Clean district text from source,Raigad,Leptospirosis,CLEAN,Clean disease text,2024-12-31,2025-01-06,NORMAL,2025,2,12,December,Q4,2025,COMPLETE_YEAR,NOT_FLAGGED
MAHA-2025-W03-001,MH/AMR/2025/03/79,2025,3,NCDC weekly outbreaks/2025/week3_1788950195.pdf,7,03,MATCH,Maharashtra,Amravati,Amravati,Food Poisoning,Food_Poisoning,133,0,Under Surveillance,12-01-2025,2025-01-12,13-01-2025,2025-01-13,2025-01-13,2025-01-19,TEXT,HIGH,,UNVALIDATED,Official IDSP unique ID: MH/AMR/2025/03/79,Amravati,VERBATIM_MATCH,Clean district text from source,Amravati,Food Poisoning,WHITESPACE_STANDARDIZED,Standardized capitalization: Food poisoning -> Food Poisoning,2025-01-12,2025-01-13,NORMAL,2025,3,1,January,Q1,2025,COMPLETE_YEAR,NOT_FLAGGED
MAHA-2025-W03-002,MH/BLD/2025/03/80,2025,3,NCDC weekly outbreaks/2025/week3_1788950195.pdf,7,03,MATCH,Maharashtra,Buldhana,Buldhana,Acute Diarrheal Disease,Acute_Diarrheal_Disease,12,1,Under Surveillance,14-01-2025,2025-01-14,14-01-2025,2025-01-14,2025-01-13,2025-01-19,TEXT,HIGH,,UNVALIDATED,Official IDSP unique ID: MH/BLD/2025/03/80,Buldhana,VERBATIM_MATCH,Clean district text from source,Buldhana,Acute Diarrheal Disease,CLEAN,Clean disease text,2025-01-14,2025-01-14,NORMAL,2025,3,1,January,Q1,2025,COMPLETE_YEAR,NOT_FLAGGED
MAHA-2025-W04-001,MH/NAN/2025/04/121,2025,4,NCDC weekly outbreaks/2025/week4_1788950209.pdf,12,04,MATCH,Maharashtra,Nanded,Nanded,Food Poisoning,Food_Poisoning,54,0,Under Surveillance,26-01-2025,2025-01-26,26-01-2025,2025-01-26,2025-01-20,2025-01-26,TEXT,HIGH,,UNVALIDATED,Official IDSP unique ID: MH/NAN/2025/04/121,Nanded,VERBATIM_MATCH,Clean district text from source,Nanded,Food Poisoning,WHITESPACE_STANDARDIZED,Standardized capitalization: Food poisoning -> Food Poisoning,2025-01-26,2025-01-26,NORMAL,2025,4,1,January,Q1,2025,COMPLETE_YEAR,SEPARATE_OUTBREAK
MAHA-2025-W04-002,MH/OSM/2025/04/122,2025,4,NCDC weekly outbreaks/2025/week4_1788950209.pdf,12,04,MATCH,Maharashtra,Osmanabad,Osmanabad,Chickenpox,Chickenpox,15,0,Under Surveillance,17-01-2025,2025-01-17,20-01-2025,2025-01-20,2025-01-20,2025-01-26,TEXT,HIGH,,UNVALIDATED,Official IDSP unique ID: MH/OSM/2025/04/122,Osmanabad,VERBATIM_MATCH,Clean district text from source,Osmanabad,Chickenpox,CLEAN,Clean disease text,2025-01-17,2025-01-20,NORMAL,2025,4,1,January,Q1,2025,COMPLETE_YEAR,NOT_FLAGGED
MAHA-2025-W04-003,MH/PAL/2025/04/123,2025,4,NCDC weekly outbreaks/2025/week4_1788950209.pdf,12,04,MATCH,Maharashtra,Palghar,Palghar,Chikunguny a & Dengue,Dengue,13,0,Under Surveillance,22-01-2025,2025-01-22,23-01-2025,2025-01-23,2025-01-20,2025-01-26,TEXT,HIGH,,UNVALIDATED,Official IDSP unique ID: MH/PAL/2025/04/123,Palghar,VERBATIM_MATCH,Clean district text from source,Palghar,Chikungunya & Dengue,WHITESPACE_STANDARDIZED,Standardized broken whitespace in Chikungunya,2025-01-22,2025-01-23,NORMAL,2025,4,1,January,Q1,2025,COMPLETE_YEAR,NOT_FLAGGED
MAHA-2025-W04-004,MH/SAN/2025/04/124,2025,4,NCDC weekly outbreaks/2025/week4_1788950209.pdf,13,04,MATCH,Maharashtra,Sangli,Sangli,Food Poisoning,Food_Poisoning,29,0,Under Surveillance,20-01-2025,2025-01-20,22-01-2025,2025-01-22,2025-01-20,2025-01-26,TEXT,HIGH,,UNVALIDATED,Official IDSP unique ID: MH/SAN/2025/04/124,Sangli,VERBATIM_MATCH,Clean district text from source,Sangli,Food Poisoning,WHITESPACE_STANDARDIZED,Standardized capitalization: Food poisoning -> Food Poisoning,2025-01-20,2025-01-22,NORMAL,2025,4,1,January,Q1,2025,COMPLETE_YEAR,SEPARATE_OUTBREAK
MAHA-2025-W04-005,MH/JAL/2025/04/145,2025,4,NCDC weekly outbreaks/2025/week4_1788950209.pdf,20,04,MATCH,Maharashtra,Jalgaon,Jalgaon,Measles,Measles,17,0,Under Surveillance,13-01-2025,2025-01-13,,,2025-01-20,2025-01-26,TEXT,HIGH,,UNVALIDATED,Official IDSP unique ID: MH/JAL/2025/04/145,Jalgaon,VERBATIM_MATCH,Clean district text from source,Jalgaon,Measles,CLEAN,Clean disease text,2025-01-13,,REPORT_DATE_MISSING,2025,4,1,January,Q1,2025,COMPLETE_YEAR,NOT_FLAGGED
MAHA-2025-W05-001,MH/PNE/2025/05/171,2025,5,NCDC weekly outbreaks/2025/week5_1788950221.pdf,11,05,MATCH,Maharashtra,Pune,Pune,Food Poisoning,Food_Poisoning,20,0,Under Surveillance,28/01/2025,2025-01-28,29/01/2025,2025-01-29,2025-01-27,2025-02-02,TEXT,HIGH,,UNVALIDATED,Official IDSP unique ID: MH/PNE/2025/05/171,Pune,VERBATIM_MATCH,Clean district text from source,Pune,Food Poisoning,WHITESPACE_STANDARDIZED,Standardized capitalization: Food poisoning -> Food Poisoning,2025-01-28,2025-01-29,NORMAL,2025,5,1,January,Q1,2025,COMPLETE_YEAR,NOT_FLAGGED
MAHA-2025-W05-002,MH/SNG/2025/05/172,2025,5,NCDC weekly outbreaks/2025/week5_1788950221.pdf,11,05,MATCH,Maharashtra,Sangli,Sangli,Food Poisoning,Food_Poisoning,34,0,Under Surveillance,28/01/2025,2025-01-28,29/01/2025,2025-01-29,2025-01-27,2025-02-02,TEXT,HIGH,,UNVALIDATED,Official IDSP unique ID: MH/SNG/2025/05/172,Sangli,VERBATIM_MATCH,Clean district text from source,Sangli,Food Poisoning,WHITESPACE_STANDARDIZED,Standardized capitalization: Food poisoning -> Food Poisoning,2025-01-28,2025-01-29,NORMAL,2025,5,1,January,Q1,2025,COMPLETE_YEAR,SEPARATE_OUTBREAK
MAHA-2025-W06-001,MH/AMR/2025/06/222,2025,6,NCDC weekly outbreaks/2025/week6_1788950233.pdf,12,06,MATCH,Maharashtra,Amravati,Amravati,Acute Gastroenterit is,Acute Gastroenterit is,16,0,Under Surveillance,03-02-2025,2025-02-03,04-02-2025,2025-02-04,2025-02-03,2025-02-09,TEXT,HIGH,,UNVALIDATED,Official IDSP unique ID: MH/AMR/2025/06/222,Amravati,VERBATIM_MATCH,Clean district text from source,Amravati,Acute Gastroenteritis,WHITESPACE_STANDARDIZED,Standardized broken whitespace in Acute Gastroenteritis,2025-02-03,2025-02-04,NORMAL,2025,6,2,February,Q1,2025,COMPLETE_YEAR,NOT_FLAGGED
MAHA-2025-W06-002,MH/KOL/2025/06/223,2025,6,NCDC weekly outbreaks/2025/week6_1788950233.pdf,13,06,MATCH,Maharashtra,Kolhapur,Kolhapur,Food Poisoning,Food_Poisoning,651,0,Under Surveillance,05-02-2025,2025-02-05,05-02-2025,2025-02-05,2025-02-03,2025-02-09,TEXT,HIGH,,UNVALIDATED,Official IDSP unique ID: MH/KOL/2025/06/223,Kolhapur,VERBATIM_MATCH,Clean district text from source,Kolhapur,Food Poisoning,WHITESPACE_STANDARDIZED,Standardized capitalization: Food poisoning -> Food Poisoning,2025-02-05,2025-02-05,NORMAL,2025,6,2,February,Q1,2025,COMPLETE_YEAR,SEPARATE_OUTBREAK
MAHA-2025-W06-003,MH/THN/2025/06/224,2025,6,NCDC weekly outbreaks/2025/week6_1788950233.pdf,13,06,MATCH,Maharashtra,Thane,Thane,Chikungunya,Chikungunya,15,0,Under Surveillance,01-02-2025,2025-02-01,06-02-2025,2025-02-06,2025-02-03,2025-02-09,TEXT,HIGH,,UNVALIDATED,Official IDSP unique ID: MH/THN/2025/06/224,Thane,VERBATIM_MATCH,Clean district text from source,Thane,Chikungunya,WHITESPACE_STANDARDIZED,Standardized broken whitespace in Chikungunya,2025-02-01,2025-02-06,NORMAL,2025,6,2,February,Q1,2025,COMPLETE_YEAR,NOT_FLAGGED
MAHA-2025-W07-001,MH/2025/07/241,2025,7,NCDC weekly outbreaks/2025/week7_1789017204.pdf,3,241,MATCH,Maharashtra,Unknown,,Assam Dima Hasao Chickenpox,Chickenpox,19,0,Under Surveillance,14-02-2025,2025-02-14,16-02-2025,2025-02-16,2025-02-10,2025-02-16,TEXT,MEDIUM,,UNVALIDATED,Official IDSP unique ID: MH/2025/07/241,Unknown,VERBATIM_MATCH,Clean district text from source,Unknown,Chickenpox,BOUNDARY_TRIMMED,Trimmed neighboring state/district prefix from disease string,2025-02-14,2025-02-16,NORMAL,2025,7,2,February,Q1,2025,COMPLETE_YEAR,NOT_FLAGGED
MAHA-2025-W07-002,MH/AKL/2025/07/265,2025,7,NCDC weekly outbreaks/2025/week7_1789017204.pdf,10,07,MATCH,Maharashtra,Akola,Akola,Typhoid,Typhoid,30,0,Under Surveillance,14-02-2025,2025-02-14,14-02-2025,2025-02-14,2025-02-10,2025-02-16,TEXT,HIGH,,UNVALIDATED,Official IDSP unique ID: MH/AKL/2025/07/265,Akola,VERBATIM_MATCH,Clean district text from source,Akola,Typhoid,CLEAN,Clean disease text,2025-02-14,2025-02-14,NORMAL,2025,7,2,February,Q1,2025,COMPLETE_YEAR,NOT_FLAGGED
MAHA-2025-W07-003,MH/AMR/2025/07/266,2025,7,NCDC weekly outbreaks/2025/week7_1789017204.pdf,10,07,MATCH,Maharashtra,Amravati,Amravati,Fever,Fever,10,1,Under Surveillance,12-02-2025,2025-02-12,14-02-2025,2025-02-14,2025-02-10,2025-02-16,TEXT,HIGH,,UNVALIDATED,Official IDSP unique ID: MH/AMR/2025/07/266,Amravati,VERBATIM_MATCH,Clean district text from source,Amravati,Fever,CLEAN,Clean disease text,2025-02-12,2025-02-14,NORMAL,2025,7,2,February,Q1,2025,COMPLETE_YEAR,NOT_FLAGGED
MAHA-2025-W07-004,MH/AUR/2025/07/267,2025,7,NCDC weekly outbreaks/2025/week7_1789017204.pdf,10,07,MATCH,Maharashtra,Aurangabad,Aurangabad,Fever,Fever,18,2,Under Surveillance,08-02-2025,2025-02-08,10-02-2025,2025-02-10,2025-02-10,2025-02-16,TEXT,HIGH,,UNVALIDATED,Official IDSP unique ID: MH/AUR/2025/07/267,Aurangabad,VERBATIM_MATCH,Clean district text from source,Aurangabad,Fever,CLEAN,Clean disease text,2025-02-08,2025-02-10,NORMAL,2025,7,2,February,Q1,2025,COMPLETE_YEAR,NOT_FLAGGED
MAHA-2025-W07-005,MH/BND/2025/07/268,2025,7,NCDC weekly outbreaks/2025/week7_1789017204.pdf,11,07,MATCH,Maharashtra,Bhandara,Bhandara,Acute Diarrheal Disease,Acute_Diarrheal_Disease,21,0,Under Surveillance,08-02-2025,2025-02-08,10-02-2025,2025-02-10,2025-02-10,2025-02-16,TEXT,HIGH,,UNVALIDATED,Official IDSP unique ID: MH/BND/2025/07/268,Bhandara,VERBATIM_MATCH,Clean district text from source,Bhandara,Acute Diarrheal Disease,CLEAN,Clean disease text,2025-02-08,2025-02-10,NORMAL,2025,7,2,February,Q1,2025,COMPLETE_YEAR,NOT_FLAGGED
MAHA-2025-W07-006,MH/LAT/2025/07/269,2025,7,NCDC weekly outbreaks/2025/week7_1789017204.pdf,11,07,MATCH,Maharashtra,Latur,Latur,Measles,Measles,27,0,Under Surveillance,10-02-2025,2025-02-10,10-02-2025,2025-02-10,2025-02-10,2025-02-16,TEXT,HIGH,,UNVALIDATED,Official IDSP unique ID: MH/LAT/2025/07/269,Latur,VERBATIM_MATCH,Clean district text from source,Latur,Measles,CLEAN,Clean disease text,2025-02-10,2025-02-10,NORMAL,2025,7,2,February,Q1,2025,COMPLETE_YEAR,NOT_FLAGGED
MAHA-2025-W07-007,MH/NGP/2025/07/270,2025,7,NCDC weekly outbreaks/2025/week7_1789017204.pdf,11,07,MATCH,Maharashtra,Nagpur,Nagpur,Acute Diarrheal Disease,Acute_Diarrheal_Disease,51,0,Under Control,07-02-2025,2025-02-07,10-02-2025,2025-02-10,2025-02-10,2025-02-16,TEXT,HIGH,,UNVALIDATED,Official IDSP unique ID: MH/NGP/2025/07/270,Nagpur,VERBATIM_MATCH,Clean district text from source,Nagpur,Acute Diarrheal Disease,CLEAN,Clean disease text,2025-02-07,2025-02-10,NORMAL,2025,7,2,February,Q1,2025,COMPLETE_YEAR,SEPARATE_OUTBREAK
MAHA-2025-W07-008,MH/NAN/2025/07/271,2025,7,NCDC weekly outbreaks/2025/week7_1789017204.pdf,12,07,MATCH,Maharashtra,Nanded,Nanded,Food Poisoning,Food_Poisoning,77,0,Under Surveillance,08-02-2025,2025-02-08,10-02-2025,2025-02-10,2025-02-10,2025-02-16,TEXT,HIGH,,UNVALIDATED,Official IDSP unique ID: MH/NAN/2025/07/271,Nanded,VERBATIM_MATCH,Clean district text from source,Nanded,Food Poisoning,WHITESPACE_STANDARDIZED,Standardized capitalization: Food poisoning -> Food Poisoning,2025-02-08,2025-02-10,NORMAL,2025,7,2,February,Q1,2025,COMPLETE_YEAR,SEPARATE_OUTBREAK
MAHA-2025-W07-009,MH/WRD/2025/07/272,2025,7,NCDC weekly outbreaks/2025/week7_1789017204.pdf,12,07,MATCH,Maharashtra,Wardha,Wardha,Food Poisoning,Food_Poisoning,29,0,Under Surveillance,10-02-2025,2025-02-10,11-02-2025,2025-02-11,2025-02-10,2025-02-16,TEXT,HIGH,,UNVALIDATED,Official IDSP unique ID: MH/WRD/2025/07/272,Wardha,VERBATIM_MATCH,Clean district text from source,Wardha,Food Poisoning,WHITESPACE_STANDARDIZED,Standardized capitalization: Food poisoning -> Food Poisoning,2025-02-10,2025-02-11,NORMAL,2025,7,2,February,Q1,2025,COMPLETE_YEAR,NOT_FLAGGED
MAHA-2025-W08-001,MH/KOL/2025/08/329,2025,8,NCDC weekly outbreaks/2025/week8_1788950267.pdf,15,08,MATCH,Maharashtra,Kolhapur,Kolhapur,Hepatitis A,Hepatitis,25,0,Under Surveillance,19-02-2025,2025-02-19,19-02-2025,2025-02-19,2025-02-17,2025-02-23,TEXT,HIGH,,UNVALIDATED,Official IDSP unique ID: MH/KOL/2025/08/329,Kolhapur,VERBATIM_MATCH,Clean district text from source,Kolhapur,Hepatitis A,CLEAN,Clean disease text,2025-02-19,2025-02-19,NORMAL,2025,8,2,February,Q1,2025,COMPLETE_YEAR,NOT_FLAGGED
MAHA-2025-W08-002,MH/SAN/2025/08/330,2025,8,NCDC weekly outbreaks/2025/week8_1788950267.pdf,16,08,MATCH,Maharashtra,Sangli,Sangli,Acute Hepatitis A,Hepatitis,12,0,Under Surveillance,18-02-2025,2025-02-18,20-02-2025,2025-02-20,2025-02-17,2025-02-23,TEXT,HIGH,,UNVALIDATED,Official IDSP unique ID: MH/SAN/2025/08/330,Sangli,VERBATIM_MATCH,Clean district text from source,Sangli,Acute Hepatitis A,CLEAN,Clean disease text,2025-02-18,2025-02-20,NORMAL,2025,8,2,February,Q1,2025,COMPLETE_YEAR,SEPARATE_OUTBREAK
MAHA-2025-W09-001,MH/JAL/2025/09/386,2025,9,NCDC weekly outbreaks/2025/week9_1788950284.pdf,13,09,MATCH,Maharashtra,Jalgaon,Jalgaon,Jaundice,Hepatitis,12,0,Under Surveillance,26-02-2025,2025-02-26,01-03-2025,2025-03-01,2025-02-24,2025-03-02,TEXT,HIGH,,UNVALIDATED,Official IDSP unique ID: MH/JAL/2025/09/386,Jalgaon,VERBATIM_MATCH,Clean district text from source,Jalgaon,Jaundice,CLEAN,Clean disease text,2025-02-26,2025-03-01,NORMAL,2025,9,2,February,Q1,2025,COMPLETE_YEAR,NOT_FLAGGED
MAHA-2025-W09-002,MH/KLP/2025/09/387,2025,9,NCDC weekly outbreaks/2025/week9_1788950284.pdf,14,09,MATCH,Maharashtra,Kolhapur,Kolhapur,Food Poisoning,Food_Poisoning,24,0,Under Surveillance,01-03-2025,2025-03-01,01-03-2025,2025-03-01,2025-02-24,2025-03-02,TEXT,HIGH,,UNVALIDATED,Official IDSP unique ID: MH/KLP/2025/09/387,Kolhapur,VERBATIM_MATCH,Clean district text from source,Kolhapur,Food Poisoning,WHITESPACE_STANDARDIZED,Standardized capitalization: Food poisoning -> Food Poisoning,2025-03-01,2025-03-01,NORMAL,2025,9,3,March,Q1,2025,COMPLETE_YEAR,SEPARATE_OUTBREAK
MAHA-2025-W09-003,MH/PLG/2025/09/388,2025,9,NCDC weekly outbreaks/2025/week9_1788950284.pdf,14,09,MATCH,Maharashtra,Palghar,Palghar,Palaghar Acute Diarrheal Disease,Acute_Diarrheal_Disease,23,0,Under Surveillance,01-03-2025,2025-03-01,02-03-2025,2025-03-02,2025-02-24,2025-03-02,TEXT,HIGH,,UNVALIDATED,Official IDSP unique ID: MH/PLG/2025/09/388,Palghar,VERBATIM_MATCH,Clean district text from source,Palghar,Acute Diarrheal Disease,BOUNDARY_TRIMMED,Trimmed neighboring state/district prefix from disease string,2025-03-01,2025-03-02,NORMAL,2025,9,3,March,Q1,2025,COMPLETE_YEAR,NOT_FLAGGED
MAHA-2025-W09-004,MH/SNG/2025/09/389,2025,9,NCDC weekly outbreaks/2025/week9_1788950284.pdf,14,09,MATCH,Maharashtra,Sangli,Sangli,Hepatitis A,Hepatitis,34,0,Under Surveillance,25-02-2025,2025-02-25,25-02-2025,2025-02-25,2025-02-24,2025-03-02,TEXT,HIGH,,UNVALIDATED,Official IDSP unique ID: MH/SNG/2025/09/389,Sangli,VERBATIM_MATCH,Clean district text from source,Sangli,Hepatitis A,CLEAN,Clean disease text,2025-02-25,2025-02-25,NORMAL,2025,9,2,February,Q1,2025,COMPLETE_YEAR,SEPARATE_OUTBREAK
MAHA-2025-W09-005,MH/SNG/2025/09/390,2025,9,NCDC weekly outbreaks/2025/week9_1788950284.pdf,15,09,MATCH,Maharashtra,Sangli,Sangli,Food Poisoning,Food_Poisoning,67,0,Under Surveillance,24-02-2025,2025-02-24,25-02-2025,2025-02-25,2025-02-24,2025-03-02,TEXT,HIGH,,UNVALIDATED,Official IDSP unique ID: MH/SNG/2025/09/390,Sangli,VERBATIM_MATCH,Clean district text from source,Sangli,Food Poisoning,WHITESPACE_STANDARDIZED,Standardized capitalization: Food poisoning -> Food Poisoning,2025-02-24,2025-02-25,NORMAL,2025,9,2,February,Q1,2025,COMPLETE_YEAR,NOT_FLAGGED
MAHA-2025-W10-001,MH/LAT/2025/10/431,2025,10,NCDC weekly outbreaks/2025/week10_1788950298.pdf,12,10,MATCH,Maharashtra,Latur,Latur,Chickenpox,Chickenpox,22,0,Under Surveillance,07-03-2025,2025-03-07,07-03-2025,2025-03-07,2025-03-03,2025-03-09,TEXT,HIGH,,UNVALIDATED,Official IDSP unique ID: MH/LAT/2025/10/431,Latur,VERBATIM_MATCH,Clean district text from source,Latur,Chickenpox,CLEAN,Clean disease text,2025-03-07,2025-03-07,NORMAL,2025,10,3,March,Q1,2025,COMPLETE_YEAR,NOT_FLAGGED
MAHA-2025-W10-002,MH/NAG/2025/10/432,2025,10,NCDC weekly outbreaks/2025/week10_1788950298.pdf,12,10,MATCH,Maharashtra,Nagpur,Nagpur,Acute Diarrheal Disease,Acute_Diarrheal_Disease,109,0,Under Surveillance,27-02-2025,2025-02-27,03-03-2025,2025-03-03,2025-03-03,2025-03-09,TEXT,HIGH,,UNVALIDATED,Official IDSP unique ID: MH/NAG/2025/10/432,Nagpur,VERBATIM_MATCH,Clean district text from source,Nagpur,Acute Diarrheal Disease,CLEAN,Clean disease text,2025-02-27,2025-03-03,NORMAL,2025,10,2,February,Q1,2025,COMPLETE_YEAR,SEPARATE_OUTBREAK
MAHA-2025-W10-003,MH/NAG/2025/10/433,2025,10,NCDC weekly outbreaks/2025/week10_1788950298.pdf,12,10,MATCH,Maharashtra,Nagpur,Nagpur,Acute Diarrheal Disease,Acute_Diarrheal_Disease,61,0,Under Surveillance,02-03-2025,2025-03-02,03-03-2025,2025-03-03,2025-03-03,2025-03-09,TEXT,HIGH,,UNVALIDATED,Official IDSP unique ID: MH/NAG/2025/10/433,Nagpur,VERBATIM_MATCH,Clean district text from source,Nagpur,Acute Diarrheal Disease,CLEAN,Clean disease text,2025-03-02,2025-03-03,NORMAL,2025,10,3,March,Q1,2025,COMPLETE_YEAR,SEPARATE_OUTBREAK
MAHA-2025-W10-004,MH/WAS/2025/10/434,2025,10,NCDC weekly outbreaks/2025/week10_1788950298.pdf,13,10,MATCH,Maharashtra,Washim,Washim,Chikungunya,Chikungunya,7,0,Under Surveillance,07-03-2025,2025-03-07,07-03-2025,2025-03-07,2025-03-03,2025-03-09,TEXT,HIGH,,UNVALIDATED,Official IDSP unique ID: MH/WAS/2025/10/434,Washim,VERBATIM_MATCH,Clean district text from source,Washim,Chikungunya,WHITESPACE_STANDARDIZED,Standardized broken whitespace in Chikungunya,2025-03-07,2025-03-07,NORMAL,2025,10,3,March,Q1,2025,COMPLETE_YEAR,NOT_FLAGGED
MAHA-2025-W11-001,MH/BHN/2025/11/481,2025,11,NCDC weekly outbreaks/2025/week11_1788950540.pdf,10,11,MATCH,Maharashtra,Bhandara,Bhandara,Acute Diarrheal Disease,Acute_Diarrheal_Disease,24,0,Under Surveillance,12-03-2025,2025-03-12,12-03-2025,2025-03-12,2025-03-10,2025-03-16,TEXT,HIGH,,UNVALIDATED,Official IDSP unique ID: MH/BHN/2025/11/481,Bhandara,VERBATIM_MATCH,Clean district text from source,Bhandara,Acute Diarrheal Disease,CLEAN,Clean disease text,2025-03-12,2025-03-12,NORMAL,2025,11,3,March,Q1,2025,COMPLETE_YEAR,NOT_FLAGGED
MAHA-2025-W11-002,MH/BHN/2025/11/482,2025,11,NCDC weekly outbreaks/2025/week11_1788950540.pdf,10,11,MATCH,Maharashtra,Bhandara,Bhandara,Fever with Rash,Fever,13,0,Under Surveillance,10-03-2025,2025-03-10,10-03-2025,2025-03-10,2025-03-10,2025-03-16,TEXT,HIGH,,UNVALIDATED,Official IDSP unique ID: MH/BHN/2025/11/482,Bhandara,VERBATIM_MATCH,Clean district text from source,Bhandara,Fever with Rash,CLEAN,Clean disease text,2025-03-10,2025-03-10,NORMAL,2025,11,3,March,Q1,2025,COMPLETE_YEAR,NOT_FLAGGED
MAHA-2025-W11-003,MH/JAL/2025/11/483,2025,11,NCDC weekly outbreaks/2025/week11_1788950540.pdf,11,11,MATCH,Maharashtra,Jalgaon,Jalgaon,Measles,Measles,3,0,Under Surveillance,10-03-2025,2025-03-10,13-03-2025,2025-03-13,2025-03-10,2025-03-16,TEXT,HIGH,,UNVALIDATED,Official IDSP unique ID: MH/JAL/2025/11/483,Jalgaon,VERBATIM_MATCH,Clean district text from source,Jalgaon,Measles,CLEAN,Clean disease text,2025-03-10,2025-03-13,NORMAL,2025,11,3,March,Q1,2025,COMPLETE_YEAR,NOT_FLAGGED
MAHA-2025-W12-001,MH/KOL/2025/12/528,2025,12,NCDC weekly outbreaks/2025/week12_1788950562.pdf,12,12,MATCH,Maharashtra,Kolhapur,Kolhapur,Hepatitis A,Hepatitis,15,1,Under Surveillance,17-03-2025,2025-03-17,17-03-2025,2025-03-17,2025-03-17,2025-03-23,TEXT,HIGH,,UNVALIDATED,Official IDSP unique ID: MH/KOL/2025/12/528,Kolhapur,VERBATIM_MATCH,Clean district text from source,Kolhapur,Hepatitis A,CLEAN,Clean disease text,2025-03-17,2025-03-17,NORMAL,2025,12,3,March,Q1,2025,COMPLETE_YEAR,NOT_FLAGGED
MAHA-2025-W15-001,MH/AMR/2025/15/643,2025,15,NCDC weekly outbreaks/2025/week15_1788950605.pdf,9,15,MATCH,Maharashtra,Amravati,Amravati,Acute Diarrheal Disease,Acute_Diarrheal_Disease,11,0,Under Surveillance,07-04-2025,2025-04-07,08-04-2025,2025-04-08,2025-04-07,2025-04-13,TEXT,HIGH,,UNVALIDATED,Official IDSP unique ID: MH/AMR/2025/15/643,Amravati,VERBATIM_MATCH,Clean district text from source,Amravati,Acute Diarrheal Disease,CLEAN,Clean disease text,2025-04-07,2025-04-08,NORMAL,2025,15,4,April,Q2,2025,COMPLETE_YEAR,NOT_FLAGGED
MAHA-2025-W15-002,MH/DHR/2025/15/644,2025,15,NCDC weekly outbreaks/2025/week15_1788950605.pdf,10,15,MATCH,Maharashtra,Osmanabad,Osmanabad,Dharashiv Chikungunya,Chikungunya,11,0,Under Surveillance,07-04-2025,2025-04-07,08-04-2025,2025-04-08,2025-04-07,2025-04-13,TEXT,HIGH,,UNVALIDATED,Official IDSP unique ID: MH/DHR/2025/15/644,Osmanabad,VERBATIM_MATCH,Clean district text from source,Osmanabad,Chikungunya,WHITESPACE_STANDARDIZED,Standardized broken whitespace in Chikungunya,2025-04-07,2025-04-08,NORMAL,2025,15,4,April,Q2,2025,COMPLETE_YEAR,NOT_FLAGGED
MAHA-2025-W15-003,MH/GON/2025/15/645,2025,15,NCDC weekly outbreaks/2025/week15_1788950605.pdf,10,15,MATCH,Maharashtra,Gondia,Gondia,Food Poisoning,Food_Poisoning,60,0,Under Surveillance,05-04-2025,2025-04-05,07-04-2025,2025-04-07,2025-04-07,2025-04-13,TEXT,HIGH,,UNVALIDATED,Official IDSP unique ID: MH/GON/2025/15/645,Gondia,VERBATIM_MATCH,Clean district text from source,Gondia,Food Poisoning,WHITESPACE_STANDARDIZED,Standardized capitalization: Food poisoning -> Food Poisoning,2025-04-05,2025-04-07,NORMAL,2025,15,4,April,Q2,2025,COMPLETE_YEAR,NOT_FLAGGED
MAHA-2025-W16-001,MH/DHR/2025/16/690,2025,16,NCDC weekly outbreaks/2025/week16_1788950618.pdf,13,16,MATCH,Maharashtra,Solapur,Solapur,Dharashiv Food Poisoning,Food_Poisoning,122,0,Under Surveillance,17-04-2025,2025-04-17,17-04-2025,2025-04-17,2025-04-14,2025-04-20,TEXT,HIGH,,UNVALIDATED,Official IDSP unique ID: MH/DHR/2025/16/690,Solapur,VERBATIM_MATCH,Clean district text from source,Solapur,Food Poisoning,WHITESPACE_STANDARDIZED,Standardized capitalization: Food poisoning -> Food Poisoning,2025-04-17,2025-04-17,NORMAL,2025,16,4,April,Q2,2025,COMPLETE_YEAR,NOT_FLAGGED
MAHA-2025-W16-002,MH/MBS/2025/16/691,2025,16,NCDC weekly outbreaks/2025/week16_1788950618.pdf,13,16,MATCH,Maharashtra,Mumbai,Mumbai City,Suburban Acute Diarrheal Disease,Acute_Diarrheal_Disease,17,0,Under Control,15-04-2025,2025-04-15,17-04-2025,2025-04-17,2025-04-14,2025-04-20,TEXT,HIGH,,UNVALIDATED,Official IDSP unique ID: MH/MBS/2025/16/691,Mumbai,VERBATIM_MATCH,Source specifies Mumbai without suburban qualifier,Mumbai,Acute Diarrheal Disease,BOUNDARY_TRIMMED,Trimmed neighboring state/district prefix from disease string,2025-04-15,2025-04-17,NORMAL,2025,16,4,April,Q2,2025,COMPLETE_YEAR,NOT_FLAGGED
MAHA-2025-W16-003,MH/NAN/2025/16/692,2025,16,NCDC weekly outbreaks/2025/week16_1788950618.pdf,14,16,MATCH,Maharashtra,Nanded,Nanded,Food Poisoning,Food_Poisoning,52,0,Under Surveillance,17-04-2025,2025-04-17,18-04-2025,2025-04-18,2025-04-14,2025-04-20,TEXT,HIGH,,UNVALIDATED,Official IDSP unique ID: MH/NAN/2025/16/692,Nanded,VERBATIM_MATCH,Clean district text from source,Nanded,Food Poisoning,WHITESPACE_STANDARDIZED,Standardized capitalization: Food poisoning -> Food Poisoning,2025-04-17,2025-04-18,NORMAL,2025,16,4,April,Q2,2025,COMPLETE_YEAR,NOT_FLAGGED
MAHA-2025-W17-001,MH/BHA/2025/17/723,2025,17,NCDC weekly outbreaks/2025/week17_1788950632.pdf,10,17,MATCH,Maharashtra,Bhandara,Bhandara,Food Poisoning,Food_Poisoning,28,0,Under Surveillance,21-04-2025,2025-04-21,21-04-2025,2025-04-21,2025-04-21,2025-04-27,TEXT,HIGH,,UNVALIDATED,Official IDSP unique ID: MH/BHA/2025/17/723,Bhandara,VERBATIM_MATCH,Clean district text from source,Bhandara,Food Poisoning,WHITESPACE_STANDARDIZED,Standardized capitalization: Food poisoning -> Food Poisoning,2025-04-21,2025-04-21,NORMAL,2025,17,4,April,Q2,2025,COMPLETE_YEAR,NOT_FLAGGED
MAHA-2025-W18-001,MH/CHH/2025/18/768,2025,18,NCDC weekly outbreaks/2025/week18_1788950653.pdf,16,18,MATCH,Maharashtra,Unknown,,Chhatrapati Sambhajinaga r Food Poisoning,Food_Poisoning,255,1,Under Surveillance,26-04-2025,2025-04-26,28-04-2025,2025-04-28,2025-04-28,2025-05-04,TEXT,MEDIUM,,UNVALIDATED,Official IDSP unique ID: MH/CHH/2025/18/768,Chhatrapati Sambhajinagar,MODERN_NAME_PRESERVED,Preserved modern name Chhatrapati Sambhajinagar; historical census equivalent: Aurangabad,Aurangabad,Poisoning,BOUNDARY_TRIMMED,Trimmed neighboring state/district prefix from disease string,2025-04-26,2025-04-28,NORMAL,2025,18,4,April,Q2,2025,COMPLETE_YEAR,NOT_FLAGGED
MAHA-2025-W18-002,MH/KOL/2025/18/769,2025,18,NCDC weekly outbreaks/2025/week18_1788950653.pdf,16,18,MATCH,Maharashtra,Kolhapur,Kolhapur,Suspected Food Poisoning,Food_Poisoning,22,0,Under Surveillance,02-05-2025,2025-05-02,02-05-2025,2025-05-02,2025-04-28,2025-05-04,TEXT,HIGH,,UNVALIDATED,Official IDSP unique ID: MH/KOL/2025/18/769,Kolhapur,VERBATIM_MATCH,Clean district text from source,Kolhapur,Suspected Food Poisoning,CLEAN,Clean disease text,2025-05-02,2025-05-02,NORMAL,2025,18,5,May,Q2,2025,COMPLETE_YEAR,NOT_FLAGGED
MAHA-2025-W19-001,MH/BEE/2025/19/808,2025,19,NCDC weekly outbreaks/2025/week19_1788950700.pdf,10,19,MATCH,Maharashtra,Beed,Beed,Suspected Food Poisoning,Food_Poisoning,206,0,Under Surveillance,08-05-2025,2025-05-08,09-05-2025,2025-05-09,2025-05-05,2025-05-11,TEXT,HIGH,,UNVALIDATED,Official IDSP unique ID: MH/BEE/2025/19/808,Beed,VERBATIM_MATCH,Clean district text from source,Beed,Suspected Food Poisoning,CLEAN,Clean disease text,2025-05-08,2025-05-09,NORMAL,2025,19,5,May,Q2,2025,COMPLETE_YEAR,NOT_FLAGGED
MAHA-2025-W19-002,MH/RAI/2025/19/809,2025,19,NCDC weekly outbreaks/2025/week19_1788950700.pdf,11,19,MATCH,Maharashtra,Mumbai,Mumbai City,Suspected Food Poisoning,Food_Poisoning,52,0,Under Control,05-05-2025,2025-05-05,06-05-2025,2025-05-06,2025-05-05,2025-05-11,TEXT,HIGH,,UNVALIDATED,Official IDSP unique ID: MH/RAI/2025/19/809,Mumbai,VERBATIM_MATCH,Source specifies Mumbai without suburban qualifier,Mumbai,Suspected Food Poisoning,CLEAN,Clean disease text,2025-05-05,2025-05-06,NORMAL,2025,19,5,May,Q2,2025,COMPLETE_YEAR,NOT_FLAGGED
MAHA-2025-W20-001,MH/SAT/2025/20/855,2025,20,NCDC weekly outbreaks/2025/week20_1788950712.pdf,12,20,MATCH,Maharashtra,Satara,Satara,Dengue,Dengue,20,0,Under Surveillance,14-05-2025,2025-05-14,14-05-2025,2025-05-14,2025-05-12,2025-05-18,TEXT,HIGH,,UNVALIDATED,Official IDSP unique ID: MH/SAT/2025/20/855,Satara,VERBATIM_MATCH,Clean district text from source,Satara,Dengue,CLEAN,Clean disease text,2025-05-14,2025-05-14,NORMAL,2025,20,5,May,Q2,2025,COMPLETE_YEAR,NOT_FLAGGED
MAHA-2025-W20-002,MH/SAT/2025/20/856,2025,20,NCDC weekly outbreaks/2025/week20_1788950712.pdf,12,20,MATCH,Maharashtra,Satara,Satara,Meghala ya South West Garo Hills Acute Diarrheal Disease,Acute_Diarrheal_Disease,13,0,Under Surveillance,12-05-2025,2025-05-12,13-05-2025,2025-05-13,2025-05-12,2025-05-18,TEXT,HIGH,,UNVALIDATED,Official IDSP unique ID: MH/SAT/2025/20/856,Satara,VERBATIM_MATCH,Clean district text from source,Satara,Acute Diarrheal Disease,BOUNDARY_TRIMMED,Trimmed neighboring state/district prefix from disease string,2025-05-12,2025-05-13,NORMAL,2025,20,5,May,Q2,2025,COMPLETE_YEAR,NOT_FLAGGED
MAHA-2025-W21-001,MH/RAI/2025/21/903,2025,21,NCDC weekly outbreaks/2025/week21_1788950729.pdf,14,21,MATCH,Maharashtra,Pune,Pune,Hepatitis A,Hepatitis,38,0,Under Surveillance,20-05-2025,2025-05-20,20-05-2025,2025-05-20,2025-05-19,2025-05-25,TEXT,HIGH,,UNVALIDATED,Official IDSP unique ID: MH/RAI/2025/21/903,Pune,VERBATIM_MATCH,Clean district text from source,Pune,Hepatitis A,CLEAN,Clean disease text,2025-05-20,2025-05-20,NORMAL,2025,21,5,May,Q2,2025,COMPLETE_YEAR,NOT_FLAGGED
MAHA-2025-W21-002,MH/JAL/2025/21/914,2025,21,NCDC weekly outbreaks/2025/week21_1788950729.pdf,18,21,MATCH,Maharashtra,Jalgaon,Jalgaon,Dengue,Dengue,22,0,Under Surveillance,23-04-2025,2025-04-23,,,2025-05-19,2025-05-25,TEXT,HIGH,,UNVALIDATED,Official IDSP unique ID: MH/JAL/2025/21/914,Jalgaon,VERBATIM_MATCH,Clean district text from source,Jalgaon,Dengue,CLEAN,Clean disease text,2025-04-23,,REPORT_DATE_MISSING,2025,21,4,April,Q2,2025,COMPLETE_YEAR,SEPARATE_OUTBREAK
MAHA-2025-W22-001,MH/JAL/2025/22/940,2025,22,NCDC weekly outbreaks/2025/week22_1788950742.pdf,11,22,MATCH,Maharashtra,Jalgaon,Jalgaon,Dengue,Dengue,16,0,Under Surveillance,28-05-2025,2025-05-28,29-05-2025,2025-05-29,2025-05-26,2025-06-01,TEXT,HIGH,,UNVALIDATED,Official IDSP unique ID: MH/JAL/2025/22/940,Jalgaon,VERBATIM_MATCH,Clean district text from source,Jalgaon,Dengue,CLEAN,Clean disease text,2025-05-28,2025-05-29,NORMAL,2025,22,5,May,Q2,2025,COMPLETE_YEAR,SEPARATE_OUTBREAK
MAHA-2025-W22-002,MH/NAN/2025/22/941,2025,22,NCDC weekly outbreaks/2025/week22_1788950742.pdf,12,22,MATCH,Maharashtra,Nanded,Nanded,Suspected Food Poisoning,Food_Poisoning,9,0,Under Surveillance,30-05-2025,2025-05-30,30-05-2025,2025-05-30,2025-05-26,2025-06-01,TEXT,HIGH,,UNVALIDATED,Official IDSP unique ID: MH/NAN/2025/22/941,Nanded,VERBATIM_MATCH,Clean district text from source,Nanded,Suspected Food Poisoning,CLEAN,Clean disease text,2025-05-30,2025-05-30,NORMAL,2025,22,5,May,Q2,2025,COMPLETE_YEAR,NOT_FLAGGED
MAHA-2025-W22-003,MH/THA/2025/22/942,2025,22,NCDC weekly outbreaks/2025/week22_1788950742.pdf,12,22,MATCH,Maharashtra,Thane,Thane,Human Rabies,Rabies,1,1,Under Surveillance,23-05-2025,2025-05-23,30-05-2025,2025-05-30,2025-05-26,2025-06-01,TEXT,HIGH,,UNVALIDATED,Official IDSP unique ID: MH/THA/2025/22/942,Thane,VERBATIM_MATCH,Clean district text from source,Thane,Human Rabies,CLEAN,Clean disease text,2025-05-23,2025-05-30,NORMAL,2025,22,5,May,Q2,2025,COMPLETE_YEAR,NOT_FLAGGED
MAHA-2025-W22-004,MH/THA/2025/22/958,2025,22,NCDC weekly outbreaks/2025/week22_1788950742.pdf,18,22,MATCH,Maharashtra,Thane,Thane,Dengue,Dengue,6,0,Under Surveillance,20-05-2025,2025-05-20,,,2025-05-26,2025-06-01,TEXT,HIGH,,UNVALIDATED,Official IDSP unique ID: MH/THA/2025/22/958,Thane,VERBATIM_MATCH,Clean district text from source,Thane,Dengue,CLEAN,Clean disease text,2025-05-20,,REPORT_DATE_MISSING,2025,22,5,May,Q2,2025,COMPLETE_YEAR,NOT_FLAGGED
MAHA-2025-W23-001,MH/BHA/2025/23/979,2025,23,NCDC weekly outbreaks/2025/week23_1788950756.pdf,10,23,MATCH,Maharashtra,Bhandara,Bhandara,Food Poisoning,Food_Poisoning,74,0,Under Surveillance,07-06-2025,2025-06-07,07-06-2025,2025-06-07,2025-06-02,2025-06-08,TEXT,HIGH,,UNVALIDATED,Official IDSP unique ID: MH/BHA/2025/23/979,Bhandara,VERBATIM_MATCH,Clean district text from source,Bhandara,Food Poisoning,WHITESPACE_STANDARDIZED,Standardized capitalization: Food poisoning -> Food Poisoning,2025-06-07,2025-06-07,NORMAL,2025,23,6,June,Q2,2025,COMPLETE_YEAR,NOT_FLAGGED
MAHA-2025-W23-002,MH/CHA/2025/23/980,2025,23,NCDC weekly outbreaks/2025/week23_1788950756.pdf,10,23,MATCH,Maharashtra,Chandrapur,Chandrapur,Malaria,Malaria,5,1,Under Surveillance,07-06-2025,2025-06-07,07-06-2025,2025-06-07,2025-06-02,2025-06-08,TEXT,HIGH,,UNVALIDATED,Official IDSP unique ID: MH/CHA/2025/23/980,Chandrapur,WHITESPACE_ARTIFACT_RESOLVED,Whitespace artifact resolved: Chandrapu r -> Chandrapur,Chandrapur,Malaria,CLEAN,Clean disease text,2025-06-07,2025-06-07,NORMAL,2025,23,6,June,Q2,2025,COMPLETE_YEAR,NOT_FLAGGED
MAHA-2025-W23-003,MH/DHA/2025/23/981,2025,23,NCDC weekly outbreaks/2025/week23_1788950756.pdf,10,23,MATCH,Maharashtra,Solapur,Solapur,Dharashiv Fever of unknown origin,Fever,21,0,Under Surveillance,05-06-2025,2025-06-05,05-06-2025,2025-06-05,2025-06-02,2025-06-08,TEXT,HIGH,,UNVALIDATED,Official IDSP unique ID: MH/DHA/2025/23/981,Solapur,VERBATIM_MATCH,Clean district text from source,Solapur,Fever of unknown origin,BOUNDARY_TRIMMED,Trimmed neighboring state/district prefix from disease string,2025-06-05,2025-06-05,NORMAL,2025,23,6,June,Q2,2025,COMPLETE_YEAR,NOT_FLAGGED
MAHA-2025-W24-001,MH/AMR/2025/24/1031,2025,24,NCDC weekly outbreaks/2025/week24_1788950775.pdf,15,24,MATCH,Maharashtra,Amravati,Amravati,Malaria (P.vivax),Malaria,27,0,Under Surveillance,11-06-2025,2025-06-11,12-06-2025,2025-06-12,2025-06-09,2025-06-15,TEXT,HIGH,,UNVALIDATED,Official IDSP unique ID: MH/AMR/2025/24/1031,Amravati,VERBATIM_MATCH,Clean district text from source,Amravati,Malaria (P.vivax),CLEAN,Clean disease text,2025-06-11,2025-06-12,NORMAL,2025,24,6,June,Q2,2025,COMPLETE_YEAR,NOT_FLAGGED
MAHA-2025-W24-002,MH/GAD/2025/24/1032,2025,24,NCDC weekly outbreaks/2025/week24_1788950775.pdf,15,24,MATCH,Maharashtra,Gadchiroli,Gadchiroli,Malaria (P.falciparum ),Malaria,3,1,Under Surveillance,10-06-2025,2025-06-10,12-06-2025,2025-06-12,2025-06-09,2025-06-15,TEXT,HIGH,,UNVALIDATED,Official IDSP unique ID: MH/GAD/2025/24/1032,Gadchiroli,VERBATIM_MATCH,Clean district text from source,Gadchiroli,Malaria (P.falciparum ),WHITESPACE_STANDARDIZED,Standardized broken whitespace in Malaria subspecies label,2025-06-10,2025-06-12,NORMAL,2025,24,6,June,Q2,2025,COMPLETE_YEAR,SEPARATE_OUTBREAK
MAHA-2025-W24-003,MH/KOL/2025/24/1033,2025,24,NCDC weekly outbreaks/2025/week24_1788950775.pdf,16,24,MATCH,Maharashtra,Kolhapur,Kolhapur,Dengue,Dengue,6,1,Under Surveillance,10-06-2025,2025-06-10,12-06-2025,2025-06-12,2025-06-09,2025-06-15,TEXT,HIGH,,UNVALIDATED,Official IDSP unique ID: MH/KOL/2025/24/1033,Kolhapur,VERBATIM_MATCH,Clean district text from source,Kolhapur,Dengue,CLEAN,Clean disease text,2025-06-10,2025-06-12,NORMAL,2025,24,6,June,Q2,2025,COMPLETE_YEAR,NOT_FLAGGED
MAHA-2025-W24-004,MH/NAG/2025/24/1034,2025,24,NCDC weekly outbreaks/2025/week24_1788950775.pdf,16,24,MATCH,Maharashtra,Nagpur,Nagpur,Suspected Food Poisoning,Food_Poisoning,73,0,Under Control,13-06-2025,2025-06-13,13-06-2025,2025-06-13,2025-06-09,2025-06-15,TEXT,HIGH,,UNVALIDATED,Official IDSP unique ID: MH/NAG/2025/24/1034,Nagpur,VERBATIM_MATCH,Clean district text from source,Nagpur,Suspected Food Poisoning,CLEAN,Clean disease text,2025-06-13,2025-06-13,NORMAL,2025,24,6,June,Q2,2025,COMPLETE_YEAR,NOT_FLAGGED
MAHA-2025-W24-005,MH/NAG/2025/24/1035,2025,24,NCDC weekly outbreaks/2025/week24_1788950775.pdf,17,24,MATCH,Maharashtra,Nagpur,Nagpur,Acute Diarrheal Disease,Acute_Diarrheal_Disease,31,0,Under Surveillance,09-06-2025,2025-06-09,10-06-2025,2025-06-10,2025-06-09,2025-06-15,TEXT,HIGH,,UNVALIDATED,Official IDSP unique ID: MH/NAG/2025/24/1035,Nagpur,VERBATIM_MATCH,Clean district text from source,Nagpur,Acute Diarrheal Disease,CLEAN,Clean disease text,2025-06-09,2025-06-10,NORMAL,2025,24,6,June,Q2,2025,COMPLETE_YEAR,NOT_FLAGGED
MAHA-2025-W24-006,MH/RAI/2025/24/1036,2025,24,NCDC weekly outbreaks/2025/week24_1788950775.pdf,17,24,MATCH,Maharashtra,Raigad,Raigad,Dengue,Dengue,8,1,Under Control,12-06-2025,2025-06-12,13-06-2025,2025-06-13,2025-06-09,2025-06-15,TEXT,HIGH,,UNVALIDATED,Official IDSP unique ID: MH/RAI/2025/24/1036,Raigad,VERBATIM_MATCH,Clean district text from source,Raigad,Dengue,CLEAN,Clean disease text,2025-06-12,2025-06-13,NORMAL,2025,24,6,June,Q2,2025,COMPLETE_YEAR,NOT_FLAGGED
MAHA-2025-W24-007,MH/YAV/2025/24/1065,2025,24,NCDC weekly outbreaks/2025/week24_1788950775.pdf,30,24,MATCH,Maharashtra,Yavatmal,Yavatmal,Malaria (P.vivax),Malaria,4,0,Under Surveillance,05-06-2025,2025-06-05,,,2025-06-09,2025-06-15,TEXT,HIGH,,UNVALIDATED,Official IDSP unique ID: MH/YAV/2025/24/1065,Yavatmal,VERBATIM_MATCH,Clean district text from source,Yavatmal,Malaria (P.vivax),CLEAN,Clean disease text,2025-06-05,,REPORT_DATE_MISSING,2025,24,6,June,Q2,2025,COMPLETE_YEAR,NOT_FLAGGED
MAHA-2025-W25-001,MH/CHA/2025/25/1096,2025,25,NCDC weekly outbreaks/2025/week25_1788950790.pdf,14,25,MATCH,Maharashtra,Chandrapur,Chandrapur,a Chandrapu r Acute Diarrheal Disease,Acute_Diarrheal_Disease,48,0,Under Control,14-06-2025,2025-06-14,17-06-2025,2025-06-17,2025-06-16,2025-06-22,TEXT,HIGH,,UNVALIDATED,Official IDSP unique ID: MH/CHA/2025/25/1096,Chandrapur,WHITESPACE_ARTIFACT_RESOLVED,Whitespace artifact resolved: Chandrapu r -> Chandrapur,Chandrapur,Acute Diarrheal Disease,BOUNDARY_TRIMMED,Trimmed neighboring state/district prefix from disease string,2025-06-14,2025-06-17,NORMAL,2025,25,6,June,Q2,2025,COMPLETE_YEAR,NOT_FLAGGED
MAHA-2025-W26-001,MH/AKO/2025/26/1156,2025,26,NCDC weekly outbreaks/2025/week26_1788950806.pdf,21,26,MATCH,Maharashtra,Akola,Akola,Acute Diarrheal Disease,Acute_Diarrheal_Disease,15,0,Under Control,26-06-2025,2025-06-26,26-06-2025,2025-06-26,2025-06-23,2025-06-29,TEXT,HIGH,,UNVALIDATED,Official IDSP unique ID: MH/AKO/2025/26/1156,Akola,VERBATIM_MATCH,Clean district text from source,Akola,Acute Diarrheal Disease,CLEAN,Clean disease text,2025-06-26,2025-06-26,NORMAL,2025,26,6,June,Q2,2025,COMPLETE_YEAR,NOT_FLAGGED
MAHA-2025-W26-002,MH/CHA/2025/26/1157,2025,26,NCDC weekly outbreaks/2025/week26_1788950806.pdf,22,26,MATCH,Maharashtra,Chandrapur,Chandrapur,Scrub Typhus,Scrub_Typhus,9,1,Under Surveillance,24-06-2025,2025-06-24,24-06-2025,2025-06-24,2025-06-23,2025-06-29,TEXT,HIGH,,UNVALIDATED,Official IDSP unique ID: MH/CHA/2025/26/1157,Chandrapur,WHITESPACE_ARTIFACT_RESOLVED,Whitespace artifact resolved: Chandrapu r -> Chandrapur,Chandrapur,Scrub Typhus,CLEAN,Clean disease text,2025-06-24,2025-06-24,NORMAL,2025,26,6,June,Q2,2025,COMPLETE_YEAR,NOT_FLAGGED
MAHA-2025-W26-003,MH/DHA/2025/26/1158,2025,26,NCDC weekly outbreaks/2025/week26_1788950806.pdf,22,26,MATCH,Maharashtra,Unknown,,Maharasht ra Dharashiv Malaria,Malaria,24,0,Under Surveillance,28-06-2025,2025-06-28,29-06-2025,2025-06-29,2025-06-23,2025-06-29,TEXT,MEDIUM,,UNVALIDATED,Official IDSP unique ID: MH/DHA/2025/26/1158,Dharashiv,MODERN_NAME_PRESERVED,Preserved modern name Dharashiv; historical census equivalent: Osmanabad,Osmanabad,Malaria,BOUNDARY_TRIMMED,Trimmed neighboring state/district prefix from disease string,2025-06-28,2025-06-29,NORMAL,2025,26,6,June,Q2,2025,COMPLETE_YEAR,NOT_FLAGGED
MAHA-2025-W26-004,MH/DHU/2025/26/1159,2025,26,NCDC weekly outbreaks/2025/week26_1788950806.pdf,23,26,MATCH,Maharashtra,Dhule,Dhule,Malaria,Malaria,7,0,Under Control,24-06-2025,2025-06-24,24-06-2025,2025-06-24,2025-06-23,2025-06-29,TEXT,HIGH,,UNVALIDATED,Official IDSP unique ID: MH/DHU/2025/26/1159,Dhule,VERBATIM_MATCH,Clean district text from source,Dhule,Malaria,CLEAN,Clean disease text,2025-06-24,2025-06-24,NORMAL,2025,26,6,June,Q2,2025,COMPLETE_YEAR,NOT_FLAGGED
MAHA-2025-W26-005,MH/DHU/2025/26/1160,2025,26,NCDC weekly outbreaks/2025/week26_1788950806.pdf,23,26,MATCH,Maharashtra,Dhule,Dhule,Cholera,Cholera,12,0,Under Control,25-06-2025,2025-06-25,25-06-2025,2025-06-25,2025-06-23,2025-06-29,TEXT,HIGH,,UNVALIDATED,Official IDSP unique ID: MH/DHU/2025/26/1160,Dhule,VERBATIM_MATCH,Clean district text from source,Dhule,Cholera,CLEAN,Clean disease text,2025-06-25,2025-06-25,NORMAL,2025,26,6,June,Q2,2025,COMPLETE_YEAR,NOT_FLAGGED
MAHA-2025-W26-006,MH/GAD/2025/26/1161,2025,26,NCDC weekly outbreaks/2025/week26_1788950806.pdf,24,26,MATCH,Maharashtra,Gadchiroli,Gadchiroli,Malaria (P.falciparu m & P.vivax),Malaria,4,1,Under Surveillance,21-06-2025,2025-06-21,24-06-2025,2025-06-24,2025-06-23,2025-06-29,TEXT,HIGH,,UNVALIDATED,Official IDSP unique ID: MH/GAD/2025/26/1161,Gadchiroli,VERBATIM_MATCH,Clean district text from source,Gadchiroli,Malaria (P.falciparum & P.vivax),WHITESPACE_STANDARDIZED,Standardized broken whitespace in Malaria subspecies label,2025-06-21,2025-06-24,NORMAL,2025,26,6,June,Q2,2025,COMPLETE_YEAR,SEPARATE_OUTBREAK
MAHA-2025-W26-007,MH/PUN/2025/26/1162,2025,26,NCDC weekly outbreaks/2025/week26_1788950806.pdf,24,26,MATCH,Maharashtra,Pune,Pune,Acute Diarrheal Disease,Acute_Diarrheal_Disease,5,0,Under Surveillance,21-06-2025,2025-06-21,27-06-2025,2025-06-27,2025-06-23,2025-06-29,TEXT,HIGH,,UNVALIDATED,Official IDSP unique ID: MH/PUN/2025/26/1162,Pune,VERBATIM_MATCH,Clean district text from source,Pune,Acute Diarrheal Disease,CLEAN,Clean disease text,2025-06-21,2025-06-27,NORMAL,2025,26,6,June,Q2,2025,COMPLETE_YEAR,NOT_FLAGGED
MAHA-2025-W27-001,MH/DHA/2025/27/1205,2025,27,NCDC weekly outbreaks/2025/week27_1788950821.pdf,12,27,MATCH,Maharashtra,Unknown,,Dharashiv Suspected Food Poisoning,Food_Poisoning,19,0,Under Control,04-07-2025,2025-07-04,05-07-2025,2025-07-05,2025-06-30,2025-07-06,TEXT,MEDIUM,,UNVALIDATED,Official IDSP unique ID: MH/DHA/2025/27/1205,Dharashiv,MODERN_NAME_PRESERVED,Preserved modern name Dharashiv; historical census equivalent: Osmanabad,Osmanabad,Suspected Food Poisoning,BOUNDARY_TRIMMED,Trimmed neighboring state/district prefix from disease string,2025-07-04,2025-07-05,NORMAL,2025,27,7,July,Q3,2025,COMPLETE_YEAR,NOT_FLAGGED
MAHA-2025-W27-002,MH/GAD/2025/27/1206,2025,27,NCDC weekly outbreaks/2025/week27_1788950821.pdf,12,27,MATCH,Maharashtra,Gadchiroli,Gadchiroli,Complicate d Malaria (Plasmodiu m falciparum),Malaria,2,2,Under Surveillance,04-07-2025,2025-07-04,05-07-2025,2025-07-05,2025-06-30,2025-07-06,TEXT,HIGH,,UNVALIDATED,Official IDSP unique ID: MH/GAD/2025/27/1206,Gadchiroli,VERBATIM_MATCH,Clean district text from source,Gadchiroli,Complicated Malaria (Plasmodium falciparum),WHITESPACE_STANDARDIZED,Standardized broken whitespace in Complicated Malaria (Plasmodium falciparum),2025-07-04,2025-07-05,NORMAL,2025,27,7,July,Q3,2025,COMPLETE_YEAR,SEPARATE_OUTBREAK
MAHA-2025-W27-003,MH/GAD/2025/27/1207,2025,27,NCDC weekly outbreaks/2025/week27_1788950821.pdf,13,27,MATCH,Maharashtra,Gadchiroli,Gadchiroli,Mixed Malaria (Plasmodiu m falciparum & Plasmodiu m vivax),Malaria,9,1,Under Control,28-06-2025,2025-06-28,01-07-2025,2025-07-01,2025-06-30,2025-07-06,TEXT,HIGH,,UNVALIDATED,Official IDSP unique ID: MH/GAD/2025/27/1207,Gadchiroli,VERBATIM_MATCH,Clean district text from source,Gadchiroli,Mixed Malaria (Plasmodium falciparum & Plasmodium vivax),WHITESPACE_STANDARDIZED,Standardized broken whitespace in Mixed Malaria,2025-06-28,2025-07-01,NORMAL,2025,27,6,June,Q2,2025,COMPLETE_YEAR,SEPARATE_OUTBREAK
MAHA-2025-W27-004,MH/NAN/2025/27/1208,2025,27,NCDC weekly outbreaks/2025/week27_1788950821.pdf,13,27,MATCH,Maharashtra,Nanded,Nanded,Acute Diarrheal Disease,Acute_Diarrheal_Disease,27,0,Under Surveillance,30-06-2025,2025-06-30,30-06-2025,2025-06-30,2025-06-30,2025-07-06,TEXT,HIGH,,UNVALIDATED,Official IDSP unique ID: MH/NAN/2025/27/1208,Nanded,VERBATIM_MATCH,Clean district text from source,Nanded,Acute Diarrheal Disease,CLEAN,Clean disease text,2025-06-30,2025-06-30,NORMAL,2025,27,6,June,Q2,2025,COMPLETE_YEAR,NOT_FLAGGED
MAHA-2025-W28-001,MH/BUL/2025/28/1266,2025,28,NCDC weekly outbreaks/2025/week28_1788950832.pdf,23,28,MATCH,Maharashtra,Buldhana,Buldhana,Acute Diarrheal Disease,Acute_Diarrheal_Disease,69,0,Under Control,09-07-2025,2025-07-09,09-07-2025,2025-07-09,2025-07-07,2025-07-13,TEXT,HIGH,,UNVALIDATED,Official IDSP unique ID: MH/BUL/2025/28/1266,Buldhana,VERBATIM_MATCH,Clean district text from source,Buldhana,Acute Diarrheal Disease,CLEAN,Clean disease text,2025-07-09,2025-07-09,NORMAL,2025,28,7,July,Q3,2025,COMPLETE_YEAR,NOT_FLAGGED
MAHA-2025-W28-002,MH/DHA/2025/28/1267,2025,28,NCDC weekly outbreaks/2025/week28_1788950832.pdf,24,28,MATCH,Maharashtra,Beed,Beed,Dharashiv Dengue & Malaria (P.vivax),Dengue,64,1,Under Surveillance,07-07-2025,2025-07-07,08-07-2025,2025-07-08,2025-07-07,2025-07-13,TEXT,HIGH,,UNVALIDATED,Official IDSP unique ID: MH/DHA/2025/28/1267,Beed,VERBATIM_MATCH,Clean district text from source,Beed,Dengue & Malaria (P.vivax),BOUNDARY_TRIMMED,Trimmed neighboring state/district prefix from disease string,2025-07-07,2025-07-08,NORMAL,2025,28,7,July,Q3,2025,COMPLETE_YEAR,NOT_FLAGGED
MAHA-2025-W28-003,MH/GAD/2025/28/1268,2025,28,NCDC weekly outbreaks/2025/week28_1788950832.pdf,24,28,MATCH,Maharashtra,Gadchiroli,Gadchiroli,Acute Diarrheal Disease,Acute_Diarrheal_Disease,76,0,Under Surveillance,11-07-2025,2025-07-11,12-07-2025,2025-07-12,2025-07-07,2025-07-13,TEXT,HIGH,,UNVALIDATED,Official IDSP unique ID: MH/GAD/2025/28/1268,Gadchiroli,VERBATIM_MATCH,Clean district text from source,Gadchiroli,Acute Diarrheal Disease,CLEAN,Clean disease text,2025-07-11,2025-07-12,NORMAL,2025,28,7,July,Q3,2025,COMPLETE_YEAR,NOT_FLAGGED
MAHA-2025-W28-004,MH/GAD/2025/28/1269,2025,28,NCDC weekly outbreaks/2025/week28_1788950832.pdf,25,28,MATCH,Maharashtra,Chandrapur,Chandrapur,Malaria (P.falciparum),Malaria,4,1,Under Control,07-07-2025,2025-07-07,09-07-2025,2025-07-09,2025-07-07,2025-07-13,TEXT,HIGH,,UNVALIDATED,Official IDSP unique ID: MH/GAD/2025/28/1269,Chandrapur,WHITESPACE_ARTIFACT_RESOLVED,Whitespace artifact resolved: Chandrapu r -> Chandrapur,Chandrapur,Malaria (P.falciparum),WHITESPACE_STANDARDIZED,Standardized broken whitespace in Malaria subspecies label,2025-07-07,2025-07-09,NORMAL,2025,28,7,July,Q3,2025,COMPLETE_YEAR,SEPARATE_OUTBREAK
MAHA-2025-W28-005,MH/GAD/2025/28/1270,2025,28,NCDC weekly outbreaks/2025/week28_1788950832.pdf,25,28,MATCH,Maharashtra,Gadchiroli,Gadchiroli,Malaria (P.vivax & P.falciparum),Malaria,6,1,Under Control,06-07-2025,2025-07-06,07-07-2025,2025-07-07,2025-07-07,2025-07-13,TEXT,HIGH,,UNVALIDATED,Official IDSP unique ID: MH/GAD/2025/28/1270,Gadchiroli,VERBATIM_MATCH,Clean district text from source,Gadchiroli,Malaria (P.vivax & P.falciparum),CLEAN,Clean disease text,2025-07-06,2025-07-07,NORMAL,2025,28,7,July,Q3,2025,COMPLETE_YEAR,SEPARATE_OUTBREAK
MAHA-2025-W28-006,MH/GAD/2025/28/1271,2025,28,NCDC weekly outbreaks/2025/week28_1788950832.pdf,26,28,MATCH,Maharashtra,Chandrapur,Chandrapur,Malaria (P.vivax & P.falciparum),Malaria,6,1,Under Control,06-07-2025,2025-07-06,07-07-2025,2025-07-07,2025-07-07,2025-07-13,TEXT,HIGH,,UNVALIDATED,Official IDSP unique ID: MH/GAD/2025/28/1271,Chandrapur,WHITESPACE_ARTIFACT_RESOLVED,Whitespace artifact resolved: Chandrapu r -> Chandrapur,Chandrapur,Malaria (P.vivax & P.falciparum),CLEAN,Clean disease text,2025-07-06,2025-07-07,NORMAL,2025,28,7,July,Q3,2025,COMPLETE_YEAR,SEPARATE_OUTBREAK
MAHA-2025-W28-007,MH/NAN/2025/28/1272,2025,28,NCDC weekly outbreaks/2025/week28_1788950832.pdf,26,28,MATCH,Maharashtra,Nandurbar,Nandurbar,Acute Diarrheal Disease,Acute_Diarrheal_Disease,50,0,Under Control,11-07-2025,2025-07-11,13-07-2025,2025-07-13,2025-07-07,2025-07-13,TEXT,HIGH,,UNVALIDATED,Official IDSP unique ID: MH/NAN/2025/28/1272,Nandurbar,VERBATIM_MATCH,Clean district text from source,Nandurbar,Acute Diarrheal Disease,CLEAN,Clean disease text,2025-07-11,2025-07-13,NORMAL,2025,28,7,July,Q3,2025,COMPLETE_YEAR,NOT_FLAGGED
MAHA-2025-W28-008,MH/PAL/2025/28/1273,2025,28,NCDC weekly outbreaks/2025/week28_1788950832.pdf,27,28,MATCH,Maharashtra,Palghar,Palghar,Malaria (P.vivax),Malaria,11,0,Under Control,13-07-2025,2025-07-13,13-07-2025,2025-07-13,2025-07-07,2025-07-13,TEXT,HIGH,,UNVALIDATED,Official IDSP unique ID: MH/PAL/2025/28/1273,Palghar,VERBATIM_MATCH,Clean district text from source,Palghar,Malaria (P.vivax),CLEAN,Clean disease text,2025-07-13,2025-07-13,NORMAL,2025,28,7,July,Q3,2025,COMPLETE_YEAR,NOT_FLAGGED
MAHA-2025-W29-001,MH/KOL/2025/29/1325,2025,29,NCDC weekly outbreaks/2025/week29_1788950846.pdf,21,29,MATCH,Maharashtra,Kolhapur,Kolhapur,Hepatitis A,Hepatitis,8,0,Under Surveillance,16-07-2025,2025-07-16,16-07-2025,2025-07-16,2025-07-14,2025-07-20,TEXT,HIGH,,UNVALIDATED,Official IDSP unique ID: MH/KOL/2025/29/1325,Kolhapur,VERBATIM_MATCH,Clean district text from source,Kolhapur,Hepatitis A,CLEAN,Clean disease text,2025-07-16,2025-07-16,NORMAL,2025,29,7,July,Q3,2025,COMPLETE_YEAR,SEPARATE_OUTBREAK
MAHA-2025-W29-002,MH/THA/2025/29/1326,2025,29,NCDC weekly outbreaks/2025/week29_1788950846.pdf,21,29,MATCH,Maharashtra,Thane,Thane,Acute Diarrheal Disease,Acute_Diarrheal_Disease,35,0,Under Surveillance,13-07-2025,2025-07-13,14-07-2025,2025-07-14,2025-07-14,2025-07-20,TEXT,HIGH,,UNVALIDATED,Official IDSP unique ID: MH/THA/2025/29/1326,Thane,VERBATIM_MATCH,Clean district text from source,Thane,Acute Diarrheal Disease,CLEAN,Clean disease text,2025-07-13,2025-07-14,NORMAL,2025,29,7,July,Q3,2025,COMPLETE_YEAR,NOT_FLAGGED
MAHA-2025-W29-003,MH/RAI/2025/29/1346,2025,29,NCDC weekly outbreaks/2025/week29_1788950846.pdf,33,29,MATCH,Maharashtra,Mumbai,Mumbai City,Acute Diarrheal Disease,Acute_Diarrheal_Disease,12,0,Under Surveillance,08-07-2025,2025-07-08,02-07-2025,2025-07-02,2025-07-14,2025-07-20,TEXT,HIGH,,UNVALIDATED,Official IDSP unique ID: MH/RAI/2025/29/1346,Mumbai,VERBATIM_MATCH,Source specifies Mumbai without suburban qualifier,Mumbai,Acute Diarrheal Disease,CLEAN,Clean disease text,2025-07-08,2025-07-02,OUTBREAK_DATE_AFTER_REPORT_DATE,2025,29,7,July,Q3,2025,COMPLETE_YEAR,NOT_FLAGGED
MAHA-2025-W30-001,MH/JAL/2025/30/1377,2025,30,NCDC weekly outbreaks/2025/week30_1788950862.pdf,21,30,MATCH,Maharashtra,Jalgaon,Jalgaon,Measles,Measles,67,0,Under Surveillance,16-07-2025,2025-07-16,27-07-2025,2025-07-27,2025-07-21,2025-07-27,TEXT,HIGH,,UNVALIDATED,Official IDSP unique ID: MH/JAL/2025/30/1377,Jalgaon,VERBATIM_MATCH,Clean district text from source,Jalgaon,Measles,CLEAN,Clean disease text,2025-07-16,2025-07-27,NORMAL,2025,30,7,July,Q3,2025,COMPLETE_YEAR,SEPARATE_OUTBREAK
MAHA-2025-W31-001,MH/AMR/2025/31/1424,2025,31,NCDC weekly outbreaks/2025/week31_1788950885.pdf,19,31,MATCH,Maharashtra,Amravati,Amravati,Dengue & Chikungunya,Dengue_Chikungunya,20,0,Under Surveillance,28-07-2025,2025-07-28,28-07-2025,2025-07-28,2025-07-28,2025-08-03,TEXT,HIGH,,UNVALIDATED,Official IDSP unique ID: MH/AMR/2025/31/1424,Amravati,VERBATIM_MATCH,Clean district text from source,Amravati,Dengue & Chikungunya,WHITESPACE_STANDARDIZED,Standardized broken whitespace in Chikungunya,2025-07-28,2025-07-28,NORMAL,2025,31,7,July,Q3,2025,COMPLETE_YEAR,NOT_FLAGGED
MAHA-2025-W31-002,MH/RAI/2025/31/1425,2025,31,NCDC weekly outbreaks/2025/week31_1788950885.pdf,20,31,MATCH,Maharashtra,Raigad,Raigad,Fever,Fever,20,0,Under Surveillance,28-07-2025,2025-07-28,31-07-2025,2025-07-31,2025-07-28,2025-08-03,TEXT,HIGH,,UNVALIDATED,Official IDSP unique ID: MH/RAI/2025/31/1425,Raigad,VERBATIM_MATCH,Clean district text from source,Raigad,Fever,CLEAN,Clean disease text,2025-07-28,2025-07-31,NORMAL,2025,31,7,July,Q3,2025,COMPLETE_YEAR,NOT_FLAGGED
MAHA-2025-W32-001,MH/BHA/2025/32/1475,2025,32,NCDC weekly outbreaks/2025/week32_1788950897.pdf,23,32,MATCH,Maharashtra,Bhandara,Bhandara,Fever of unknown origin,Fever,58,0,Under Surveillance,07-08-2025,2025-08-07,07-08-2025,2025-08-07,2025-08-04,2025-08-10,TEXT,HIGH,,UNVALIDATED,Official IDSP unique ID: MH/BHA/2025/32/1475,Bhandara,VERBATIM_MATCH,Clean district text from source,Bhandara,Fever of unknown origin,CLEAN,Clean disease text,2025-08-07,2025-08-07,NORMAL,2025,32,8,August,Q3,2025,COMPLETE_YEAR,NOT_FLAGGED
MAHA-2025-W32-002,MH/CHA/2025/32/1476,2025,32,NCDC weekly outbreaks/2025/week32_1788950897.pdf,24,32,MATCH,Maharashtra,Chandrapur,Chandrapur,Acute Diarrhoeal Disease,Acute_Diarrheal_Disease,103,0,Under Surveillance,04-08-2025,2025-08-04,05-08-2025,2025-08-05,2025-08-04,2025-08-10,TEXT,HIGH,,UNVALIDATED,Official IDSP unique ID: MH/CHA/2025/32/1476,Chandrapur,WHITESPACE_ARTIFACT_RESOLVED,Whitespace artifact resolved: Chandrapu r -> Chandrapur,Chandrapur,Acute Diarrhoeal Disease,CLEAN,Clean disease text,2025-08-04,2025-08-05,NORMAL,2025,32,8,August,Q3,2025,COMPLETE_YEAR,NOT_FLAGGED
MAHA-2025-W32-003,MH/DHA/2025/32/1477,2025,32,NCDC weekly outbreaks/2025/week32_1788950897.pdf,25,32,MATCH,Maharashtra,Mumbai,Mumbai City,Maharasht ra Dharashiv Malaria,Malaria,21,0,Under Surveillance,07-08-2025,2025-08-07,07-08-2025,2025-08-07,2025-08-04,2025-08-10,TEXT,HIGH,,UNVALIDATED,Official IDSP unique ID: MH/DHA/2025/32/1477,Mumbai,VERBATIM_MATCH,Source specifies Mumbai without suburban qualifier,Mumbai,Malaria,BOUNDARY_TRIMMED,Trimmed neighboring state/district prefix from disease string,2025-08-07,2025-08-07,NORMAL,2025,32,8,August,Q3,2025,COMPLETE_YEAR,NOT_FLAGGED
MAHA-2025-W32-004,MH/DHA/2025/32/1478,2025,32,NCDC weekly outbreaks/2025/week32_1788950897.pdf,25,32,MATCH,Maharashtra,Unknown,,Maharasht ra Dharashiv Food Poisoning,Food_Poisoning,27,0,Under Control,04-08-2025,2025-08-04,04-08-2025,2025-08-04,2025-08-04,2025-08-10,TEXT,MEDIUM,,UNVALIDATED,Official IDSP unique ID: MH/DHA/2025/32/1478,Dharashiv,MODERN_NAME_PRESERVED,Preserved modern name Dharashiv; historical census equivalent: Osmanabad,Osmanabad,Food Poisoning,WHITESPACE_STANDARDIZED,Standardized capitalization: Food poisoning -> Food Poisoning,2025-08-04,2025-08-04,NORMAL,2025,32,8,August,Q3,2025,COMPLETE_YEAR,NOT_FLAGGED
MAHA-2025-W32-005,MH/KOL/2025/32/1479,2025,32,NCDC weekly outbreaks/2025/week32_1788950897.pdf,26,32,MATCH,Maharashtra,Kolhapur,Kolhapur,Hepatitis A,Hepatitis,83,0,Under Surveillance,06-08-2025,2025-08-06,06-08-2025,2025-08-06,2025-08-04,2025-08-10,TEXT,HIGH,,UNVALIDATED,Official IDSP unique ID: MH/KOL/2025/32/1479,Kolhapur,VERBATIM_MATCH,Clean district text from source,Kolhapur,Hepatitis A,CLEAN,Clean disease text,2025-08-06,2025-08-06,NORMAL,2025,32,8,August,Q3,2025,COMPLETE_YEAR,SEPARATE_OUTBREAK
MAHA-2025-W32-006,MH/JAL/2025/32/1495,2025,32,NCDC weekly outbreaks/2025/week32_1788950897.pdf,35,32,MATCH,Maharashtra,Jalgaon,Jalgaon,Measles,Measles,20,0,Under Surveillance,14-07-2025,2025-07-14,,,2025-08-04,2025-08-10,TEXT,HIGH,,UNVALIDATED,Official IDSP unique ID: MH/JAL/2025/32/1495,Jalgaon,VERBATIM_MATCH,Clean district text from source,Jalgaon,Measles,CLEAN,Clean disease text,2025-07-14,,REPORT_DATE_MISSING,2025,32,7,July,Q3,2025,COMPLETE_YEAR,SEPARATE_OUTBREAK
MAHA-2025-W33-001,MH/BHA/2025/33/1520,2025,33,NCDC weekly outbreaks/2025/week33_1788950912.pdf,22,33,MATCH,Maharashtra,Bhandara,Bhandara,Acute Diarrhoeal Disease,Acute_Diarrheal_Disease,64,0,Under Surveillance,11-08-2025,2025-08-11,12-08-2025,2025-08-12,2025-08-11,2025-08-17,TEXT,HIGH,,UNVALIDATED,Official IDSP unique ID: MH/BHA/2025/33/1520,Bhandara,VERBATIM_MATCH,Clean district text from source,Bhandara,Acute Diarrhoeal Disease,CLEAN,Clean disease text,2025-08-11,2025-08-12,NORMAL,2025,33,8,August,Q3,2025,COMPLETE_YEAR,NOT_FLAGGED
MAHA-2025-W33-002,MH/GAD/2025/33/1521,2025,33,NCDC weekly outbreaks/2025/week33_1788950912.pdf,23,33,MATCH,Maharashtra,Chandrapur,Chandrapur,Dengue,Dengue,16,2,Under Surveillance,14-07-2025,2025-07-14,14-08-2025,2025-08-14,2025-08-11,2025-08-17,TEXT,HIGH,,UNVALIDATED,Official IDSP unique ID: MH/GAD/2025/33/1521,Chandrapur,WHITESPACE_ARTIFACT_RESOLVED,Whitespace artifact resolved: Chandrapu r -> Chandrapur,Chandrapur,Dengue,CLEAN,Clean disease text,2025-07-14,2025-08-14,NORMAL,2025,33,7,July,Q3,2025,COMPLETE_YEAR,NOT_FLAGGED
MAHA-2025-W33-003,MH/GAD/2025/33/1522,2025,33,NCDC weekly outbreaks/2025/week33_1788950912.pdf,24,33,MATCH,Maharashtra,Gadchiroli,Gadchiroli,Dengue,Dengue,68,2,Under Surveillance,08-08-2025,2025-08-08,11-08-2025,2025-08-11,2025-08-11,2025-08-17,TEXT,HIGH,,UNVALIDATED,Official IDSP unique ID: MH/GAD/2025/33/1522,Gadchiroli,VERBATIM_MATCH,Clean district text from source,Gadchiroli,Dengue,CLEAN,Clean disease text,2025-08-08,2025-08-11,NORMAL,2025,33,8,August,Q3,2025,COMPLETE_YEAR,NOT_FLAGGED
MAHA-2025-W33-004,MH/GAD/2025/33/1523,2025,33,NCDC weekly outbreaks/2025/week33_1788950912.pdf,24,33,MATCH,Maharashtra,Gadchiroli,Gadchiroli,Suspected Food Poisoning,Food_Poisoning,41,0,Under Control,14-08-2025,2025-08-14,14-08-2025,2025-08-14,2025-08-11,2025-08-17,TEXT,HIGH,,UNVALIDATED,Official IDSP unique ID: MH/GAD/2025/33/1523,Gadchiroli,VERBATIM_MATCH,Clean district text from source,Gadchiroli,Suspected Food Poisoning,CLEAN,Clean disease text,2025-08-14,2025-08-14,NORMAL,2025,33,8,August,Q3,2025,COMPLETE_YEAR,NOT_FLAGGED
MAHA-2025-W33-005,MH/NAG/2025/33/1524,2025,33,NCDC weekly outbreaks/2025/week33_1788950912.pdf,25,33,MATCH,Maharashtra,Nagpur,Nagpur,Acute Diarrhoeal Disease,Acute_Diarrheal_Disease,40,0,Under Control,12-08-2025,2025-08-12,13-08-2025,2025-08-13,2025-08-11,2025-08-17,TEXT,HIGH,,UNVALIDATED,Official IDSP unique ID: MH/NAG/2025/33/1524,Nagpur,VERBATIM_MATCH,Clean district text from source,Nagpur,Acute Diarrhoeal Disease,CLEAN,Clean disease text,2025-08-12,2025-08-13,NORMAL,2025,33,8,August,Q3,2025,COMPLETE_YEAR,NOT_FLAGGED
MAHA-2025-W33-006,MH/NAN/2025/33/1525,2025,33,NCDC weekly outbreaks/2025/week33_1788950912.pdf,25,33,MATCH,Maharashtra,Nanded,Nanded,Chikungunya,Chikungunya,10,0,Under Surveillance,04-08-2025,2025-08-04,11-08-2025,2025-08-11,2025-08-11,2025-08-17,TEXT,HIGH,,UNVALIDATED,Official IDSP unique ID: MH/NAN/2025/33/1525,Nanded,VERBATIM_MATCH,Clean district text from source,Nanded,Chikungunya,WHITESPACE_STANDARDIZED,Standardized broken whitespace in Chikungunya,2025-08-04,2025-08-11,NORMAL,2025,33,8,August,Q3,2025,COMPLETE_YEAR,NOT_FLAGGED
MAHA-2025-W34-001,MH/AKO/2025/34/1575,2025,34,NCDC weekly outbreaks/2025/week34_1788950927.pdf,22,34,MATCH,Maharashtra,Akola,Akola,Chikungunya,Chikungunya,10,0,Under Surveillance,18-08-2025,2025-08-18,18-08-2025,2025-08-18,2025-08-18,2025-08-24,TEXT,HIGH,,UNVALIDATED,Official IDSP unique ID: MH/AKO/2025/34/1575,Akola,VERBATIM_MATCH,Clean district text from source,Akola,Chikungunya,WHITESPACE_STANDARDIZED,Standardized broken whitespace in Chikungunya,2025-08-18,2025-08-18,NORMAL,2025,34,8,August,Q3,2025,COMPLETE_YEAR,NOT_FLAGGED
MAHA-2025-W34-002,MH/DHA/2025/34/1576,2025,34,NCDC weekly outbreaks/2025/week34_1788950927.pdf,23,34,MATCH,Maharashtra,Unknown,,Maharasht ra Dharashiv Malaria,Malaria,21,0,Under Surveillance,22-08-2025,2025-08-22,22-08-2025,2025-08-22,2025-08-18,2025-08-24,TEXT,MEDIUM,,UNVALIDATED,Official IDSP unique ID: MH/DHA/2025/34/1576,Dharashiv,MODERN_NAME_PRESERVED,Preserved modern name Dharashiv; historical census equivalent: Osmanabad,Osmanabad,Malaria,BOUNDARY_TRIMMED,Trimmed neighboring state/district prefix from disease string,2025-08-22,2025-08-22,NORMAL,2025,34,8,August,Q3,2025,COMPLETE_YEAR,NOT_FLAGGED
MAHA-2025-W34-003,MH/KOL/2025/34/1577,2025,34,NCDC weekly outbreaks/2025/week34_1788950927.pdf,23,34,MATCH,Maharashtra,Kolhapur,Kolhapur,Hepatitis A,Hepatitis,33,0,Under Surveillance,21-08-2025,2025-08-21,21-08-2025,2025-08-21,2025-08-18,2025-08-24,TEXT,HIGH,,UNVALIDATED,Official IDSP unique ID: MH/KOL/2025/34/1577,Kolhapur,VERBATIM_MATCH,Clean district text from source,Kolhapur,Hepatitis A,CLEAN,Clean disease text,2025-08-21,2025-08-21,NORMAL,2025,34,8,August,Q3,2025,COMPLETE_YEAR,SEPARATE_OUTBREAK
MAHA-2025-W35-001,MH/CHA/2025/35/1621,2025,35,NCDC weekly outbreaks/2025/week35_1788950942.pdf,13,35,MATCH,Maharashtra,Chandrapur,Chandrapur,Fever,Fever,49,0,Under Surveillance,24-08-2025,2025-08-24,25-08-2025,2025-08-25,2025-08-25,2025-08-31,TEXT,HIGH,,UNVALIDATED,Official IDSP unique ID: MH/CHA/2025/35/1621,Chandrapur,WHITESPACE_ARTIFACT_RESOLVED,Whitespace artifact resolved: Chandrapu r -> Chandrapur,Chandrapur,Fever,CLEAN,Clean disease text,2025-08-24,2025-08-25,NORMAL,2025,35,8,August,Q3,2025,COMPLETE_YEAR,NOT_FLAGGED
MAHA-2025-W35-002,MH/DHA/2025/35/1622,2025,35,NCDC weekly outbreaks/2025/week35_1788950942.pdf,13,35,MATCH,Maharashtra,Solapur,Solapur,a Dharashiv Dengue,Dengue,54,0,Under Surveillance,29-08-2025,2025-08-29,29-08-2025,2025-08-29,2025-08-25,2025-08-31,TEXT,HIGH,,UNVALIDATED,Official IDSP unique ID: MH/DHA/2025/35/1622,Solapur,VERBATIM_MATCH,Clean district text from source,Solapur,Dengue,BOUNDARY_TRIMMED,Trimmed neighboring state/district prefix from disease string,2025-08-29,2025-08-29,NORMAL,2025,35,8,August,Q3,2025,COMPLETE_YEAR,NOT_FLAGGED
MAHA-2025-W35-003,MH/JAL/2025/35/1623,2025,35,NCDC weekly outbreaks/2025/week35_1788950942.pdf,14,35,MATCH,Maharashtra,Jalgaon,Jalgaon,Dengue,Dengue,48,0,Under Surveillance,21-08-2025,2025-08-21,25-08-2025,2025-08-25,2025-08-25,2025-08-31,TEXT,HIGH,,UNVALIDATED,Official IDSP unique ID: MH/JAL/2025/35/1623,Jalgaon,VERBATIM_MATCH,Clean district text from source,Jalgaon,Dengue,CLEAN,Clean disease text,2025-08-21,2025-08-25,NORMAL,2025,35,8,August,Q3,2025,COMPLETE_YEAR,SEPARATE_OUTBREAK
MAHA-2025-W35-004,MH/JAL/2025/35/1635,2025,35,NCDC weekly outbreaks/2025/week35_1788950942.pdf,19,35,MATCH,Maharashtra,Jalgaon,Jalgaon,Dengue,Dengue,47,0,Under Surveillance,25-07-2025,2025-07-25,27-07-2025,2025-07-27,2025-08-25,2025-08-31,TEXT,HIGH,,UNVALIDATED,Official IDSP unique ID: MH/JAL/2025/35/1635,Jalgaon,VERBATIM_MATCH,Clean district text from source,Jalgaon,Dengue,CLEAN,Clean disease text,2025-07-25,2025-07-27,NORMAL,2025,35,7,July,Q3,2025,COMPLETE_YEAR,SEPARATE_OUTBREAK
MAHA-2025-W37-001,MH/DHU/2025/37/1714,2025,37,NCDC weekly outbreaks/2025/week37_1788950985.pdf,22,37,MATCH,Maharashtra,Dhule,Dhule,Fever,Fever,11,1,Under Surveillance,11-09-2025,2025-09-11,12-09-2025,2025-09-12,2025-09-08,2025-09-14,TEXT,HIGH,,UNVALIDATED,Official IDSP unique ID: MH/DHU/2025/37/1714,Dhule,VERBATIM_MATCH,Clean district text from source,Dhule,Fever,CLEAN,Clean disease text,2025-09-11,2025-09-12,NORMAL,2025,37,9,September,Q3,2025,COMPLETE_YEAR,NOT_FLAGGED
MAHA-2025-W37-002,MH/PAR/2025/37/1715,2025,37,NCDC weekly outbreaks/2025/week37_1788950985.pdf,23,37,MATCH,Maharashtra,Parbhani,Parbhani,Suspected Food Poisoning,Food_Poisoning,17,0,Under Control,12-09-2025,2025-09-12,12-09-2025,2025-09-12,2025-09-08,2025-09-14,TEXT,HIGH,,UNVALIDATED,Official IDSP unique ID: MH/PAR/2025/37/1715,Parbhani,VERBATIM_MATCH,Clean district text from source,Parbhani,Suspected Food Poisoning,CLEAN,Clean disease text,2025-09-12,2025-09-12,NORMAL,2025,37,9,September,Q3,2025,COMPLETE_YEAR,NOT_FLAGGED
MAHA-2025-W37-003,MH/YAV/2025/37/1716,2025,37,NCDC weekly outbreaks/2025/week37_1788950985.pdf,23,37,MATCH,Maharashtra,Yavatmal,Yavatmal,Suspected Food Poisoning,Food_Poisoning,17,0,Under Surveillance,09-09-2025,2025-09-09,12-09-2025,2025-09-12,2025-09-08,2025-09-14,TEXT,HIGH,,UNVALIDATED,Official IDSP unique ID: MH/YAV/2025/37/1716,Yavatmal,VERBATIM_MATCH,Clean district text from source,Yavatmal,Suspected Food Poisoning,CLEAN,Clean disease text,2025-09-09,2025-09-12,NORMAL,2025,37,9,September,Q3,2025,COMPLETE_YEAR,NOT_FLAGGED
MAHA-2025-W37-004,MH/KOL/2025/37/1732,2025,37,NCDC weekly outbreaks/2025/week37_1788950985.pdf,33,37,MATCH,Maharashtra,Kolhapur,Kolhapur,Dengue,Dengue,20,0,Under Surveillance,28-08-2025,2025-08-28,10-08-2025,2025-08-10,2025-09-08,2025-09-14,TEXT,HIGH,,UNVALIDATED,Official IDSP unique ID: MH/KOL/2025/37/1732,Kolhapur,VERBATIM_MATCH,Clean district text from source,Kolhapur,Dengue,CLEAN,Clean disease text,2025-08-28,2025-08-10,OUTBREAK_DATE_AFTER_REPORT_DATE,2025,37,8,August,Q3,2025,COMPLETE_YEAR,NOT_FLAGGED
MAHA-2025-W38-001,MH/GAD/2025/38/1770,2025,38,NCDC weekly outbreaks/2025/week38_1788950998.pdf,37,38,MATCH,Maharashtra,Gadchiroli,Gadchiroli,Acute Gastroenter itis,Acute Gastroenter itis,40,0,Under Control,15-09-2025,2025-09-15,16-09-2025,2025-09-16,2025-09-15,2025-09-21,TEXT,HIGH,,UNVALIDATED,Official IDSP unique ID: MH/GAD/2025/38/1770,Gadchiroli,VERBATIM_MATCH,Clean district text from source,Gadchiroli,Acute Gastroenteritis,WHITESPACE_STANDARDIZED,Standardized broken whitespace in Acute Gastroenteritis,2025-09-15,2025-09-16,NORMAL,2025,38,9,September,Q3,2025,COMPLETE_YEAR,NOT_FLAGGED
MAHA-2025-W38-002,MH/NAG/2025/38/1771,2025,38,NCDC weekly outbreaks/2025/week38_1788950998.pdf,38,38,MATCH,Maharashtra,Nagpur,Nagpur,Acute Encephalitis Syndrome,AES,36,25,Under Surveillance,18-09-2025,2025-09-18,18-09-2025,2025-09-18,2025-09-15,2025-09-21,TEXT,HIGH,,UNVALIDATED,Official IDSP unique ID: MH/NAG/2025/38/1771,Nagpur,VERBATIM_MATCH,Clean district text from source,Nagpur,Acute Encephalitis Syndrome,CLEAN,Clean disease text,2025-09-18,2025-09-18,NORMAL,2025,38,9,September,Q3,2025,COMPLETE_YEAR,NOT_FLAGGED
MAHA-2025-W38-003,MH/RAI/2025/38/1772,2025,38,NCDC weekly outbreaks/2025/week38_1788950998.pdf,39,38,MATCH,Maharashtra,Raigad,Raigad,Malaria,Malaria,98,0,Under Surveillance,16-09-2025,2025-09-16,19-09-2025,2025-09-19,2025-09-15,2025-09-21,TEXT,HIGH,,UNVALIDATED,Official IDSP unique ID: MH/RAI/2025/38/1772,Raigad,VERBATIM_MATCH,Clean district text from source,Raigad,Malaria,CLEAN,Clean disease text,2025-09-16,2025-09-19,NORMAL,2025,38,9,September,Q3,2025,COMPLETE_YEAR,NOT_FLAGGED
MAHA-2025-W38-004,MH/RAI/2025/38/1773,2025,38,NCDC weekly outbreaks/2025/week38_1788950998.pdf,40,38,MATCH,Maharashtra,Raigad,Raigad,Fever,Fever,13,1,Under Surveillance,17-09-2025,2025-09-17,19-09-2025,2025-09-19,2025-09-15,2025-09-21,TEXT,HIGH,,UNVALIDATED,Official IDSP unique ID: MH/RAI/2025/38/1773,Raigad,VERBATIM_MATCH,Clean district text from source,Raigad,Fever,CLEAN,Clean disease text,2025-09-17,2025-09-19,NORMAL,2025,38,9,September,Q3,2025,COMPLETE_YEAR,NOT_FLAGGED
MAHA-2025-W38-005,MH/THA/2025/38/1774,2025,38,NCDC weekly outbreaks/2025/week38_1788950998.pdf,41,38,MATCH,Maharashtra,Thane,Thane,Cholera,Cholera,21,0,Under Surveillance,18-09-2025,2025-09-18,18-09-2025,2025-09-18,2025-09-15,2025-09-21,TEXT,HIGH,,UNVALIDATED,Official IDSP unique ID: MH/THA/2025/38/1774,Thane,VERBATIM_MATCH,Clean district text from source,Thane,Cholera,CLEAN,Clean disease text,2025-09-18,2025-09-18,NORMAL,2025,38,9,September,Q3,2025,COMPLETE_YEAR,NOT_FLAGGED
MAHA-2025-W39-001,MH/DHA/2025/39/1810,2025,39,NCDC weekly outbreaks/2025/week39_1788951010.pdf,27,39,MATCH,Maharashtra,Osmanabad,Osmanabad,a Dharashiv Dengue,Dengue,14,0,Under Control,26-09-2025,2025-09-26,26-09-2025,2025-09-26,2025-09-22,2025-09-28,TEXT,HIGH,,UNVALIDATED,Official IDSP unique ID: MH/DHA/2025/39/1810,Osmanabad,VERBATIM_MATCH,Clean district text from source,Osmanabad,Dengue,BOUNDARY_TRIMMED,Trimmed neighboring state/district prefix from disease string,2025-09-26,2025-09-26,NORMAL,2025,39,9,September,Q3,2025,COMPLETE_YEAR,NOT_FLAGGED
MAHA-2025-W39-002,MH/DHA/2025/39/1811,2025,39,NCDC weekly outbreaks/2025/week39_1788951010.pdf,28,39,MATCH,Maharashtra,Unknown,,a Dharashiv Suspected Food Poisoning,Food_Poisoning,24,0,Under Control,23-09-2025,2025-09-23,24-09-2025,2025-09-24,2025-09-22,2025-09-28,TEXT,MEDIUM,,UNVALIDATED,Official IDSP unique ID: MH/DHA/2025/39/1811,Dharashiv,MODERN_NAME_PRESERVED,Preserved modern name Dharashiv; historical census equivalent: Osmanabad,Osmanabad,Suspected Food Poisoning,BOUNDARY_TRIMMED,Trimmed neighboring state/district prefix from disease string,2025-09-23,2025-09-24,NORMAL,2025,39,9,September,Q3,2025,COMPLETE_YEAR,NOT_FLAGGED
MAHA-2025-W39-003,MH/NAN/2025/39/1812,2025,39,NCDC weekly outbreaks/2025/week39_1788951010.pdf,29,39,MATCH,Maharashtra,Nandurbar,Nandurbar,Acute Diarrhoeal Disease,Acute_Diarrheal_Disease,19,0,Under Surveillance,04-09-2025,2025-09-04,24-09-2025,2025-09-24,2025-09-22,2025-09-28,TEXT,HIGH,,UNVALIDATED,Official IDSP unique ID: MH/NAN/2025/39/1812,Nandurbar,VERBATIM_MATCH,Clean district text from source,Nandurbar,Acute Diarrhoeal Disease,CLEAN,Clean disease text,2025-09-04,2025-09-24,NORMAL,2025,39,9,September,Q3,2025,COMPLETE_YEAR,NOT_FLAGGED
MAHA-2025-W39-004,MH/SAT/2025/39/1813,2025,39,NCDC weekly outbreaks/2025/week39_1788951010.pdf,30,39,MATCH,Maharashtra,Satara,Satara,Suspected Food Poisoning,Food_Poisoning,35,0,Under Control,26-09-2025,2025-09-26,26-09-2025,2025-09-26,2025-09-22,2025-09-28,TEXT,HIGH,,UNVALIDATED,Official IDSP unique ID: MH/SAT/2025/39/1813,Satara,VERBATIM_MATCH,Clean district text from source,Satara,Suspected Food Poisoning,CLEAN,Clean disease text,2025-09-26,2025-09-26,NORMAL,2025,39,9,September,Q3,2025,COMPLETE_YEAR,NOT_FLAGGED
MAHA-2025-W40-001,MH/AKO/2025/40/1840,2025,40,NCDC weekly outbreaks/2025/week40_1788951022.pdf,13,40,MATCH,Maharashtra,Akola,Akola,Acute Diarrhoeal Disease,Acute_Diarrheal_Disease,15,0,Under Control,01-10-2025,2025-10-01,01-10-2025,2025-10-01,2025-09-29,2025-10-05,TEXT,HIGH,,UNVALIDATED,Official IDSP unique ID: MH/AKO/2025/40/1840,Akola,VERBATIM_MATCH,Clean district text from source,Akola,Acute Diarrhoeal Disease,CLEAN,Clean disease text,2025-10-01,2025-10-01,NORMAL,2025,40,10,October,Q4,2025,COMPLETE_YEAR,NOT_FLAGGED
MAHA-2025-W40-002,MH/BUL/2025/40/1841,2025,40,NCDC weekly outbreaks/2025/week40_1788951022.pdf,14,40,MATCH,Maharashtra,Buldhana,Buldhana,Acute Diarrhoeal Disease,Acute_Diarrheal_Disease,19,0,Under Control,01-10-2025,2025-10-01,01-10-2025,2025-10-01,2025-09-29,2025-10-05,TEXT,HIGH,,UNVALIDATED,Official IDSP unique ID: MH/BUL/2025/40/1841,Buldhana,VERBATIM_MATCH,Clean district text from source,Buldhana,Acute Diarrhoeal Disease,CLEAN,Clean disease text,2025-10-01,2025-10-01,NORMAL,2025,40,10,October,Q4,2025,COMPLETE_YEAR,SEPARATE_OUTBREAK
MAHA-2025-W40-003,MH/DHA/2025/40/1842,2025,40,NCDC weekly outbreaks/2025/week40_1788951022.pdf,14,40,MATCH,Maharashtra,Unknown,,a Dharashiv Malaria,Malaria,12,0,Under Surveillance,01-10-2025,2025-10-01,01-10-2025,2025-10-01,2025-09-29,2025-10-05,TEXT,MEDIUM,,UNVALIDATED,Official IDSP unique ID: MH/DHA/2025/40/1842,Dharashiv,MODERN_NAME_PRESERVED,Preserved modern name Dharashiv; historical census equivalent: Osmanabad,Osmanabad,Malaria,BOUNDARY_TRIMMED,Trimmed neighboring state/district prefix from disease string,2025-10-01,2025-10-01,NORMAL,2025,40,10,October,Q4,2025,COMPLETE_YEAR,NOT_FLAGGED
MAHA-2025-W40-004,MH/CHH/2025/40/1847,2025,40,NCDC weekly outbreaks/2025/week40_1788951022.pdf,19,40,MATCH,Maharashtra,Aurangabad,Aurangabad,Chhatrapati Sambhajinag ar Dengue,Dengue,17,0,Under Surveillance,30-08-2025,2025-08-30,25-09-2025,2025-09-25,2025-09-29,2025-10-05,TEXT,HIGH,,UNVALIDATED,Official IDSP unique ID: MH/CHH/2025/40/1847,Aurangabad,VERBATIM_MATCH,Clean district text from source,Aurangabad,Dengue,BOUNDARY_TRIMMED,Trimmed neighboring state/district prefix from disease string,2025-08-30,2025-09-25,NORMAL,2025,40,8,August,Q3,2025,COMPLETE_YEAR,NOT_FLAGGED
MAHA-2025-W41-001,MH/JAL/2025/41/1865,2025,41,NCDC weekly outbreaks/2025/week41_1788951032.pdf,14,41,MATCH,Maharashtra,Jalgaon,Jalgaon,Measles,Measles,23,0,Under Surveillance,01-10-2025,2025-10-01,10-10-2025,2025-10-10,2025-10-06,2025-10-12,TEXT,HIGH,,UNVALIDATED,Official IDSP unique ID: MH/JAL/2025/41/1865,Jalgaon,VERBATIM_MATCH,Clean district text from source,Jalgaon,Measles,CLEAN,Clean disease text,2025-10-01,2025-10-10,NORMAL,2025,41,10,October,Q4,2025,COMPLETE_YEAR,NOT_FLAGGED
MAHA-2025-W41-002,MH/KOL/2025/41/1866,2025,41,NCDC weekly outbreaks/2025/week41_1788951032.pdf,15,41,MATCH,Maharashtra,Kolhapur,Kolhapur,Malaria,Malaria,30,0,Under Surveillance,07-10-2025,2025-10-07,07-10-2025,2025-10-07,2025-10-06,2025-10-12,TEXT,HIGH,,UNVALIDATED,Official IDSP unique ID: MH/KOL/2025/41/1866,Kolhapur,VERBATIM_MATCH,Clean district text from source,Kolhapur,Malaria,CLEAN,Clean disease text,2025-10-07,2025-10-07,NORMAL,2025,41,10,October,Q4,2025,COMPLETE_YEAR,NOT_FLAGGED
MAHA-2025-W42-001,MH/BUL/2025/42/1903,2025,42,NCDC weekly outbreaks/2025/week42_1788951043.pdf,29,42,MATCH,Maharashtra,Buldhana,Buldhana,Acute Diarrhoeal Disease,Acute_Diarrheal_Disease,25,0,Under Surveillance,13-10-2025,2025-10-13,13-10-2025,2025-10-13,2025-10-13,2025-10-19,TEXT,HIGH,,UNVALIDATED,Official IDSP unique ID: MH/BUL/2025/42/1903,Buldhana,VERBATIM_MATCH,Clean district text from source,Buldhana,Acute Diarrhoeal Disease,CLEAN,Clean disease text,2025-10-13,2025-10-13,NORMAL,2025,42,10,October,Q4,2025,COMPLETE_YEAR,SEPARATE_OUTBREAK
MAHA-2025-W42-002,MH/GAD/2025/42/1904,2025,42,NCDC weekly outbreaks/2025/week42_1788951043.pdf,29,42,MATCH,Maharashtra,Gadchiroli,Gadchiroli,Acute Diarrhoeal Disease,Acute_Diarrheal_Disease,31,0,Under Control,17-10-2025,2025-10-17,17-10-2025,2025-10-17,2025-10-13,2025-10-19,TEXT,HIGH,,UNVALIDATED,Official IDSP unique ID: MH/GAD/2025/42/1904,Gadchiroli,VERBATIM_MATCH,Clean district text from source,Gadchiroli,Acute Diarrhoeal Disease,CLEAN,Clean disease text,2025-10-17,2025-10-17,NORMAL,2025,42,10,October,Q4,2025,COMPLETE_YEAR,NOT_FLAGGED
MAHA-2025-W42-003,MH/NAN/2025/42/1905,2025,42,NCDC weekly outbreaks/2025/week42_1788951043.pdf,30,42,MATCH,Maharashtra,Nanded,Nanded,Acute Diarrhoeal Disease,Acute_Diarrheal_Disease,97,0,Under Surveillance,17-10-2025,2025-10-17,18-10-2025,2025-10-18,2025-10-13,2025-10-19,TEXT,HIGH,,UNVALIDATED,Official IDSP unique ID: MH/NAN/2025/42/1905,Nanded,VERBATIM_MATCH,Clean district text from source,Nanded,Acute Diarrhoeal Disease,CLEAN,Clean disease text,2025-10-17,2025-10-18,NORMAL,2025,42,10,October,Q4,2025,COMPLETE_YEAR,NOT_FLAGGED
MAHA-2025-W42-004,MH/PAR/2025/1906,2025,42,NCDC weekly outbreaks/2025/week42_1788951043.pdf,31,1906,MATCH,Maharashtra,Parbhani,Parbhani,Acute Diarrhoeal Disease,Acute_Diarrheal_Disease,242,0,Under Surveillance,16-10-2025,2025-10-16,16-10-2025,2025-10-16,2025-10-13,2025-10-19,TEXT,HIGH,,UNVALIDATED,Official IDSP unique ID: MH/PAR/2025/1906,Parbhani,VERBATIM_MATCH,Clean district text from source,Parbhani,Acute Diarrhoeal Disease,CLEAN,Clean disease text,2025-10-16,2025-10-16,NORMAL,2025,42,10,October,Q4,2025,COMPLETE_YEAR,NOT_FLAGGED
MAHA-2025-W42-005,MH/WAS/2025/42/1907,2025,42,NCDC weekly outbreaks/2025/week42_1788951043.pdf,32,42,MATCH,Maharashtra,Pune,Pune,Fever,Fever,21,0,Under Surveillance,14-10-2025,2025-10-14,14-10-2025,2025-10-14,2025-10-13,2025-10-19,TEXT,HIGH,,UNVALIDATED,Official IDSP unique ID: MH/WAS/2025/42/1907,Pune,VERBATIM_MATCH,Clean district text from source,Pune,Fever,CLEAN,Clean disease text,2025-10-14,2025-10-14,NORMAL,2025,42,10,October,Q4,2025,COMPLETE_YEAR,NOT_FLAGGED
MAHA-2025-W43-001,MH/BHA/2025/43/1943,2025,43,NCDC weekly outbreaks/2025/week43_1788951058.pdf,18,43,MATCH,Maharashtra,Bhandara,Bhandara,Scrub Typhus,Scrub_Typhus,12,0,Under Surveillance,20-10-2025,2025-10-20,20-10-2025,2025-10-20,2025-10-20,2025-10-26,TEXT,HIGH,,UNVALIDATED,Official IDSP unique ID: MH/BHA/2025/43/1943,Bhandara,VERBATIM_MATCH,Clean district text from source,Bhandara,Scrub Typhus,CLEAN,Clean disease text,2025-10-20,2025-10-20,NORMAL,2025,43,10,October,Q4,2025,COMPLETE_YEAR,NOT_FLAGGED
MAHA-2025-W44-001,MH/AMR/2025/44/1977,2025,44,NCDC weekly outbreaks/2025/week44_1788951072.pdf,20,44,MATCH,Maharashtra,Amravati,Amravati,Scrub Typhus,Scrub_Typhus,9,1,Under Surveillance,26-10-2025,2025-10-26,30-10-2025,2025-10-30,2025-10-27,2025-11-02,TEXT,HIGH,,UNVALIDATED,Official IDSP unique ID: MH/AMR/2025/44/1977,Amravati,VERBATIM_MATCH,Clean district text from source,Amravati,Scrub Typhus,CLEAN,Clean disease text,2025-10-26,2025-10-30,NORMAL,2025,44,10,October,Q4,2025,COMPLETE_YEAR,NOT_FLAGGED
MAHA-2025-W44-002,MH/BHA/2025/44/1978,2025,44,NCDC weekly outbreaks/2025/week44_1788951072.pdf,21,44,MATCH,Maharashtra,Bhandara,Bhandara,Acute Diarrhoeal Disease,Acute_Diarrheal_Disease,33,0,Under Surveillance,31-10-2025,2025-10-31,31-10-2025,2025-10-31,2025-10-27,2025-11-02,TEXT,HIGH,,UNVALIDATED,Official IDSP unique ID: MH/BHA/2025/44/1978,Bhandara,VERBATIM_MATCH,Clean district text from source,Bhandara,Acute Diarrhoeal Disease,CLEAN,Clean disease text,2025-10-31,2025-10-31,NORMAL,2025,44,10,October,Q4,2025,COMPLETE_YEAR,NOT_FLAGGED
MAHA-2025-W44-003,MH/DHA/2025/44/1979,2025,44,NCDC weekly outbreaks/2025/week44_1788951072.pdf,22,44,MATCH,Maharashtra,Unknown,,a Dharashiv Malaria,Malaria,13,0,Under Surveillance,30-10-2025,2025-10-30,31-10-2025,2025-10-31,2025-10-27,2025-11-02,TEXT,MEDIUM,,UNVALIDATED,Official IDSP unique ID: MH/DHA/2025/44/1979,Dharashiv,MODERN_NAME_PRESERVED,Preserved modern name Dharashiv; historical census equivalent: Osmanabad,Osmanabad,Malaria,BOUNDARY_TRIMMED,Trimmed neighboring state/district prefix from disease string,2025-10-30,2025-10-31,NORMAL,2025,44,10,October,Q4,2025,COMPLETE_YEAR,NOT_FLAGGED
MAHA-2025-W44-004,MH/PAL/2025/44/1980,2025,44,NCDC weekly outbreaks/2025/week44_1788951072.pdf,23,44,MATCH,Maharashtra,Nashik,Nashik,Acute Diarrhoeal Disease,Acute_Diarrheal_Disease,55,0,Under Surveillance,31-10-2025,2025-10-31,31-10-2025,2025-10-31,2025-10-27,2025-11-02,TEXT,HIGH,,UNVALIDATED,Official IDSP unique ID: MH/PAL/2025/44/1980,Nashik,VERBATIM_MATCH,Clean district text from source,Nashik,Acute Diarrhoeal Disease,CLEAN,Clean disease text,2025-10-31,2025-10-31,NORMAL,2025,44,10,October,Q4,2025,COMPLETE_YEAR,NOT_FLAGGED
MAHA-2025-W44-005,MH/SIN/2025/44/1981,2025,44,NCDC weekly outbreaks/2025/week44_1788951072.pdf,24,44,MATCH,Maharashtra,Sindhudurg,Sindhudurg,a Sindhudur g Acute Diarrhoeal Disease,Acute_Diarrheal_Disease,20,0,Under Surveillance,29-10-2025,2025-10-29,29-10-2025,2025-10-29,2025-10-27,2025-11-02,TEXT,HIGH,,UNVALIDATED,Official IDSP unique ID: MH/SIN/2025/44/1981,Sindhudurg,WHITESPACE_ARTIFACT_RESOLVED,Whitespace artifact resolved: Sindhudur g -> Sindhudurg,Sindhudurg,Acute Diarrhoeal Disease,BOUNDARY_TRIMMED,Trimmed neighboring state/district prefix from disease string,2025-10-29,2025-10-29,NORMAL,2025,44,10,October,Q4,2025,COMPLETE_YEAR,NOT_FLAGGED
MAHA-2025-W44-006,MH/SOL/2025/44/1982,2025,44,NCDC weekly outbreaks/2025/week44_1788951072.pdf,25,44,MATCH,Maharashtra,Solapur,Solapur,Dysentry,Dysentry,107,0,Under Control,27-10-2025,2025-10-27,29-10-2025,2025-10-29,2025-10-27,2025-11-02,TEXT,HIGH,,UNVALIDATED,Official IDSP unique ID: MH/SOL/2025/44/1982,Solapur,VERBATIM_MATCH,Clean district text from source,Solapur,Dysentery,SPELLING_STANDARDIZED,Spelling standardized: Dysentry -> Dysentery,2025-10-27,2025-10-29,NORMAL,2025,44,10,October,Q4,2025,COMPLETE_YEAR,NOT_FLAGGED
MAHA-2025-W45-001,MH/AKO/2025/45/2020,2025,45,NCDC weekly outbreaks/2025/week45_1788951083.pdf,19,45,MATCH,Maharashtra,Akola,Akola,Chikungunya,Chikungunya,11,0,Under Control,03-11-2025,2025-11-03,04-11-2025,2025-11-04,2025-11-03,2025-11-09,TEXT,HIGH,,UNVALIDATED,Official IDSP unique ID: MH/AKO/2025/45/2020,Akola,VERBATIM_MATCH,Clean district text from source,Akola,Chikungunya,WHITESPACE_STANDARDIZED,Standardized broken whitespace in Chikungunya,2025-11-03,2025-11-04,NORMAL,2025,45,11,November,Q4,2025,COMPLETE_YEAR,NOT_FLAGGED
MAHA-2025-W45-002,MH/JAL/2025/45/2021,2025,45,NCDC weekly outbreaks/2025/week45_1788951083.pdf,20,45,MATCH,Maharashtra,Jalgaon,Jalgaon,Dengue,Dengue,10,0,Under Surveillance,31-10-2025,2025-10-31,03-11-2025,2025-11-03,2025-11-03,2025-11-09,TEXT,HIGH,,UNVALIDATED,Official IDSP unique ID: MH/JAL/2025/45/2021,Jalgaon,VERBATIM_MATCH,Clean district text from source,Jalgaon,Dengue,CLEAN,Clean disease text,2025-10-31,2025-11-03,NORMAL,2025,45,10,October,Q4,2025,COMPLETE_YEAR,NOT_FLAGGED
MAHA-2025-W45-003,MH/PUN/2025/45/2022,2025,45,NCDC weekly outbreaks/2025/week45_1788951083.pdf,20,45,MATCH,Maharashtra,Pune,Pune,Acute Diarrhoeal Disease,Acute_Diarrheal_Disease,24,0,Under Control,01-11-2025,2025-11-01,04-11-2025,2025-11-04,2025-11-03,2025-11-09,TEXT,HIGH,,UNVALIDATED,Official IDSP unique ID: MH/PUN/2025/45/2022,Pune,VERBATIM_MATCH,Clean district text from source,Pune,Acute Diarrhoeal Disease,CLEAN,Clean disease text,2025-11-01,2025-11-04,NORMAL,2025,45,11,November,Q4,2025,COMPLETE_YEAR,NOT_FLAGGED
MAHA-2025-W45-004,MH/RAI/2025/45/2023,2025,45,NCDC weekly outbreaks/2025/week45_1788951083.pdf,21,45,MATCH,Maharashtra,Raigad,Raigad,Dengue,Dengue,12,0,Under Surveillance,07-11-2025,2025-11-07,08-11-2025,2025-11-08,2025-11-03,2025-11-09,TEXT,HIGH,,UNVALIDATED,Official IDSP unique ID: MH/RAI/2025/45/2023,Raigad,VERBATIM_MATCH,Clean district text from source,Raigad,Dengue,CLEAN,Clean disease text,2025-11-07,2025-11-08,NORMAL,2025,45,11,November,Q4,2025,COMPLETE_YEAR,NOT_FLAGGED
MAHA-2025-W46-001,MH/KOL/2025/46/2064,2025,46,NCDC weekly outbreaks/2025/week46_1788951104.pdf,26,46,MATCH,Maharashtra,Kolhapur,Kolhapur,Acute Diarrhoeal Disease,Acute_Diarrheal_Disease,29,0,Under Control,10-11-2025,2025-11-10,10-11-2025,2025-11-10,2025-11-10,2025-11-16,TEXT,HIGH,,UNVALIDATED,Official IDSP unique ID: MH/KOL/2025/46/2064,Kolhapur,VERBATIM_MATCH,Clean district text from source,Kolhapur,Acute Diarrhoeal Disease,CLEAN,Clean disease text,2025-11-10,2025-11-10,NORMAL,2025,46,11,November,Q4,2025,COMPLETE_YEAR,SEPARATE_OUTBREAK
MAHA-2025-W47-001,MH/AMR/2025/47/2104,2025,47,NCDC weekly outbreaks/2025/week47_1788951120.pdf,22,47,MATCH,Maharashtra,Amravati,Amravati,Acute Gastroenterit is,Acute Gastroenterit is,12,0,Under Surveillance,16-11-2025,2025-11-16,18-11-2025,2025-11-18,2025-11-17,2025-11-23,TEXT,HIGH,,UNVALIDATED,Official IDSP unique ID: MH/AMR/2025/47/2104,Amravati,VERBATIM_MATCH,Clean district text from source,Amravati,Acute Gastroenteritis,WHITESPACE_STANDARDIZED,Standardized broken whitespace in Acute Gastroenteritis,2025-11-16,2025-11-18,NORMAL,2025,47,11,November,Q4,2025,COMPLETE_YEAR,NOT_FLAGGED
MAHA-2025-W47-002,MH/THA/2025/47/2105,2025,47,NCDC weekly outbreaks/2025/week47_1788951120.pdf,23,47,MATCH,Maharashtra,Mumbai,Mumbai City,Measles,Measles,14,0,Under Surveillance,20-11-2025,2025-11-20,21-11-2025,2025-11-21,2025-11-17,2025-11-23,TEXT,HIGH,,UNVALIDATED,Official IDSP unique ID: MH/THA/2025/47/2105,Mumbai,VERBATIM_MATCH,Source specifies Mumbai without suburban qualifier,Mumbai,Measles,CLEAN,Clean disease text,2025-11-20,2025-11-21,NORMAL,2025,47,11,November,Q4,2025,COMPLETE_YEAR,NOT_FLAGGED
MAHA-2025-W48-001,MH/GAD/2025/48/2148,2025,48,NCDC weekly outbreaks/2025/week48_1788951132.pdf,16,48,MATCH,Maharashtra,Gadchiroli,Gadchiroli,Hepatitis A,Hepatitis,40,0,Under Surveillance,27-11-2025,2025-11-27,27-11-2025,2025-11-27,2025-11-24,2025-11-30,TEXT,HIGH,,UNVALIDATED,Official IDSP unique ID: MH/GAD/2025/48/2148,Gadchiroli,VERBATIM_MATCH,Clean district text from source,Gadchiroli,Hepatitis A,CLEAN,Clean disease text,2025-11-27,2025-11-27,NORMAL,2025,48,11,November,Q4,2025,COMPLETE_YEAR,NOT_FLAGGED
MAHA-2025-W48-002,MH/NAN/2025/48/2149,2025,48,NCDC weekly outbreaks/2025/week48_1788951132.pdf,16,48,MATCH,Maharashtra,Nanded,Nanded,Cholera,Cholera,10,0,Under Surveillance,28-11-2025,2025-11-28,30-11-2025,2025-11-30,2025-11-24,2025-11-30,TEXT,HIGH,,UNVALIDATED,Official IDSP unique ID: MH/NAN/2025/48/2149,Nanded,VERBATIM_MATCH,Clean district text from source,Nanded,Cholera,CLEAN,Clean disease text,2025-11-28,2025-11-30,NORMAL,2025,48,11,November,Q4,2025,COMPLETE_YEAR,NOT_FLAGGED
MAHA-2025-W48-003,MH/RAI/2025/48/2150,2025,48,NCDC weekly outbreaks/2025/week48_1788951132.pdf,17,48,MATCH,Maharashtra,Raigad,Raigad,Fever,Fever,17,1,Under Surveillance,25-11-2025,2025-11-25,26-11-2025,2025-11-26,2025-11-24,2025-11-30,TEXT,HIGH,,UNVALIDATED,Official IDSP unique ID: MH/RAI/2025/48/2150,Raigad,VERBATIM_MATCH,Clean district text from source,Raigad,Fever,CLEAN,Clean disease text,2025-11-25,2025-11-26,NORMAL,2025,48,11,November,Q4,2025,COMPLETE_YEAR,NOT_FLAGGED
MAHA-2025-W48-004,MH/THA/2025/48/2158,2025,48,NCDC weekly outbreaks/2025/week48_1788951132.pdf,21,48,MATCH,Maharashtra,Thane,Thane,Dengue,Dengue,10,0,Under Control,01-11-2025,2025-11-01,28-10-2025,2025-10-28,2025-11-24,2025-11-30,TEXT,HIGH,,UNVALIDATED,Official IDSP unique ID: MH/THA/2025/48/2158,Thane,VERBATIM_MATCH,Clean district text from source,Thane,Dengue,CLEAN,Clean disease text,2025-11-01,2025-10-28,OUTBREAK_DATE_AFTER_REPORT_DATE,2025,48,11,November,Q4,2025,COMPLETE_YEAR,NOT_FLAGGED
MAHA-2025-W49-001,MH/CHA/2025/49/2181,2025,49,NCDC weekly outbreaks/2025/week49_1788951145.pdf,12,49,MATCH,Maharashtra,Chandrapur,Chandrapur,Acute Diarrhoeal Disease 113 0 05/12/,Acute_Diarrheal_Disease,2,25,Under Surveillance,06/12/2025,2025-12-06,,,2025-12-01,2025-12-07,TEXT,HIGH,,UNVALIDATED,Official IDSP unique ID: MH/CHA/2025/49/2181,Chandrapur,WHITESPACE_ARTIFACT_RESOLVED,Whitespace artifact resolved: Chandrapu r -> Chandrapur,Chandrapur,Acute Diarrhoeal Disease,BOUNDARY_TRIMMED,Stripped trailing leaked numeric/date fragment from disease string,2025-12-06,,REPORT_DATE_MISSING,2025,49,12,December,Q4,2025,COMPLETE_YEAR,NOT_FLAGGED
MAHA-2025-W49-002,MH/DHA/2025/49/2182,2025,49,NCDC weekly outbreaks/2025/week49_1788951145.pdf,13,49,MATCH,Maharashtra,Unknown,,a Dharashiv Measles 17 0 02/12/,Measles,2,25,Under Surveillance,02/12/2025,2025-12-02,,,2025-12-01,2025-12-07,TEXT,MEDIUM,,UNVALIDATED,Official IDSP unique ID: MH/DHA/2025/49/2182,Dharashiv,MODERN_NAME_PRESERVED,Preserved modern name Dharashiv; historical census equivalent: Osmanabad,Osmanabad,Measles,BOUNDARY_TRIMMED,Stripped trailing leaked numeric/date fragment from disease string,2025-12-02,,REPORT_DATE_MISSING,2025,49,12,December,Q4,2025,COMPLETE_YEAR,NOT_FLAGGED
MAHA-2025-W49-003,MH/KOL/2025/49/2183,2025,49,NCDC weekly outbreaks/2025/week49_1788951145.pdf,13,49,MATCH,Maharashtra,Kolhapur,Kolhapur,Acute Diarrhoeal Disease 98 0 04/12/,Acute_Diarrheal_Disease,2,25,Under Surveillance,04/12/2025,2025-12-04,,,2025-12-01,2025-12-07,TEXT,HIGH,,UNVALIDATED,Official IDSP unique ID: MH/KOL/2025/49/2183,Kolhapur,VERBATIM_MATCH,Clean district text from source,Kolhapur,Acute Diarrhoeal Disease,BOUNDARY_TRIMMED,Stripped trailing leaked numeric/date fragment from disease string,2025-12-04,,REPORT_DATE_MISSING,2025,49,12,December,Q4,2025,COMPLETE_YEAR,SEPARATE_OUTBREAK
MAHA-2025-W49-004,MH/KOL/2025/49/2184,2025,49,NCDC weekly outbreaks/2025/week49_1788951145.pdf,14,49,MATCH,Maharashtra,Kolhapur,Kolhapur,Acute Diarrhoeal Disease 19 0 02/12/,Acute_Diarrheal_Disease,2,25,Under Surveillance,02/12/2025,2025-12-02,,,2025-12-01,2025-12-07,TEXT,HIGH,,UNVALIDATED,Official IDSP unique ID: MH/KOL/2025/49/2184,Kolhapur,VERBATIM_MATCH,Clean district text from source,Kolhapur,Acute Diarrhoeal Disease,BOUNDARY_TRIMMED,Stripped trailing leaked numeric/date fragment from disease string,2025-12-02,,REPORT_DATE_MISSING,2025,49,12,December,Q4,2025,COMPLETE_YEAR,SEPARATE_OUTBREAK
MAHA-2025-W49-005,MH/KOL/2025/49/2185,2025,49,NCDC weekly outbreaks/2025/week49_1788951145.pdf,15,49,MATCH,Maharashtra,Kolhapur,Kolhapur,Suspected Food Poisoning 408 0 05/12/,Food_Poisoning,2,25,Under Control,05/12/2025,2025-12-05,,,2025-12-01,2025-12-07,TEXT,HIGH,,UNVALIDATED,Official IDSP unique ID: MH/KOL/2025/49/2185,Kolhapur,VERBATIM_MATCH,Clean district text from source,Kolhapur,Suspected Food Poisoning,BOUNDARY_TRIMMED,Stripped trailing leaked numeric/date fragment from disease string,2025-12-05,,REPORT_DATE_MISSING,2025,49,12,December,Q4,2025,COMPLETE_YEAR,NOT_FLAGGED
MAHA-2025-W49-006,MH/PAR/2025/49/2186,2025,49,NCDC weekly outbreaks/2025/week49_1788951145.pdf,15,49,MATCH,Maharashtra,Parbhani,Parbhani,Fever 36 0 29/11/,Fever,2,25,Under Surveillance,02/12/2025,2025-12-02,01/12/2025,2025-12-01,2025-12-01,2025-12-07,TEXT,HIGH,,UNVALIDATED,Official IDSP unique ID: MH/PAR/2025/49/2186,Parbhani,VERBATIM_MATCH,Clean district text from source,Parbhani,Fever,BOUNDARY_TRIMMED,Stripped trailing leaked numeric/date fragment from disease string,2025-12-02,2025-12-01,OUTBREAK_DATE_AFTER_REPORT_DATE,2025,49,12,December,Q4,2025,COMPLETE_YEAR,NOT_FLAGGED
MAHA-2025-W50-001,MH/DHU/2025/50/2225,2025,50,NCDC weekly outbreaks/2025/week50_1788951159.pdf,14,50,MATCH,Maharashtra,Dhule,Dhule,Fever,Fever,14,1,Under Surveillance,07-12-2025,2025-12-07,08-12-2025,2025-12-08,2025-12-08,2025-12-14,TEXT,HIGH,,UNVALIDATED,Official IDSP unique ID: MH/DHU/2025/50/2225,Dhule,VERBATIM_MATCH,Clean district text from source,Dhule,Fever,CLEAN,Clean disease text,2025-12-07,2025-12-08,NORMAL,2025,50,12,December,Q4,2025,COMPLETE_YEAR,NOT_FLAGGED
MAHA-2025-W50-002,MH/NAG/2025/50/2226,2025,50,NCDC weekly outbreaks/2025/week50_1788951159.pdf,14,50,MATCH,Maharashtra,Nagpur,Nagpur,Japanese Encephalitis,Japanese Encephalitis,1,0,Under Surveillance,12-12-2025,2025-12-12,12-12-2025,2025-12-12,2025-12-08,2025-12-14,TEXT,HIGH,,UNVALIDATED,Official IDSP unique ID: MH/NAG/2025/50/2226,Nagpur,VERBATIM_MATCH,Clean district text from source,Nagpur,Japanese Encephalitis,CLEAN,Clean disease text,2025-12-12,2025-12-12,NORMAL,2025,50,12,December,Q4,2025,COMPLETE_YEAR,NOT_FLAGGED
MAHA-2025-W52-001,MH/NAG/2025/52/2278,2025,52,NCDC weekly outbreaks/2025/week52_1788951185.pdf,9,52,MATCH,Maharashtra,Nagpur,Nagpur,Acute Encephalitic Syndrome,Acute Encephalitic Syndrome,10,0,Under Surveillance,24-12-2025,2025-12-24,24-12-2025,2025-12-24,2025-12-22,2025-12-28,TEXT,HIGH,,UNVALIDATED,Official IDSP unique ID: MH/NAG/2025/52/2278,Nagpur,VERBATIM_MATCH,Clean district text from source,Nagpur,Acute Encephalitic Syndrome,CLEAN,Clean disease text,2025-12-24,2025-12-24,NORMAL,2025,52,12,December,Q4,2025,COMPLETE_YEAR,NOT_FLAGGED
MAHA-2026-W01-001,MH/JAL/2026/01/19,2026,1,NCDC weekly outbreaks/2026/week1_1788853592.pdf,13,01,MATCH,Maharashtra,Jalgaon,Jalgaon,Suspected Food Poisoning,Food_Poisoning,173,0,Under Surveillance,31-12-2025,2025-12-31,31-12-2025,2025-12-31,2025-12-29,2026-01-04,TEXT,HIGH,,UNVALIDATED,Official IDSP unique ID: MH/JAL/2026/01/19,Jalgaon,VERBATIM_MATCH,Clean district text from source,Jalgaon,Suspected Food Poisoning,CLEAN,Clean disease text,2025-12-31,2025-12-31,NORMAL,2026,1,12,December,Q4,2026,PARTIAL_YEAR,NOT_FLAGGED
MAHA-2026-W01-002,MH/PAR/2026/01/20,2026,1,NCDC weekly outbreaks/2026/week1_1788853592.pdf,13,01,MATCH,Maharashtra,Mumbai,Mumbai City,Measles,Measles,6,0,Under Surveillance,31-12-2025,2025-12-31,02-01-2026,2026-01-02,2025-12-29,2026-01-04,TEXT,HIGH,,UNVALIDATED,Official IDSP unique ID: MH/PAR/2026/01/20,Mumbai,VERBATIM_MATCH,Source specifies Mumbai without suburban qualifier,Mumbai,Measles,CLEAN,Clean disease text,2025-12-31,2026-01-02,NORMAL,2026,1,12,December,Q4,2026,PARTIAL_YEAR,NOT_FLAGGED
MAHA-2026-W02-001,MH/NAG/2026/2/46,2026,2,NCDC weekly outbreaks/2026/week2_1788856445.pdf,11,2,MATCH,Maharashtra,Nagpur,Nagpur,Acute Diarrhoeal Disease,Acute_Diarrheal_Disease,15,0,Under Surveillance,07-01-2026,2026-01-07,09-01-2026,2026-01-09,2026-01-05,2026-01-11,TEXT,HIGH,,UNVALIDATED,Official IDSP unique ID: MH/NAG/2026/2/46,Nagpur,VERBATIM_MATCH,Clean district text from source,Nagpur,Acute Diarrhoeal Disease,CLEAN,Clean disease text,2026-01-07,2026-01-09,NORMAL,2026,2,1,January,Q1,2026,PARTIAL_YEAR,NOT_FLAGGED
MAHA-2026-W02-002,MH/SAT/2026/2/47,2026,2,NCDC weekly outbreaks/2026/week2_1788856445.pdf,11,2,MATCH,Maharashtra,Satara,Satara,Acute Diarrhoeal Disease,Acute_Diarrheal_Disease,82,0,Under Surveillance,07-01-2026,2026-01-07,07-01-2026,2026-01-07,2026-01-05,2026-01-11,TEXT,HIGH,,UNVALIDATED,Official IDSP unique ID: MH/SAT/2026/2/47,Satara,VERBATIM_MATCH,Clean district text from source,Satara,Acute Diarrhoeal Disease,CLEAN,Clean disease text,2026-01-07,2026-01-07,NORMAL,2026,2,1,January,Q1,2026,PARTIAL_YEAR,NOT_FLAGGED
MAHA-2026-W03-001,MH/CHA/2026/3/70,2026,3,NCDC weekly outbreaks/2026/week3_1788857181.pdf,11,3,MATCH,Maharashtra,Chandrapur,Chandrapur,Acute Diarrhoeal Disease,Acute_Diarrheal_Disease,19,0,Under Surveillance,12-01-2026,2026-01-12,12-01-2026,2026-01-12,2026-01-12,2026-01-18,TEXT,HIGH,,UNVALIDATED,Official IDSP unique ID: MH/CHA/2026/3/70,Chandrapur,WHITESPACE_ARTIFACT_RESOLVED,Whitespace artifact resolved: Chandrapu r -> Chandrapur,Chandrapur,Acute Diarrhoeal Disease,CLEAN,Clean disease text,2026-01-12,2026-01-12,NORMAL,2026,3,1,January,Q1,2026,PARTIAL_YEAR,NOT_FLAGGED
MAHA-2026-W03-002,MH/NAN/2026/3/71,2026,3,NCDC weekly outbreaks/2026/week3_1788857181.pdf,11,3,MATCH,Maharashtra,Nanded,Nanded,Acute Diarrhoeal Disease,Acute_Diarrheal_Disease,17,0,Under Surveillance,14-01-2026,2026-01-14,15-01-2026,2026-01-15,2026-01-12,2026-01-18,TEXT,HIGH,,UNVALIDATED,Official IDSP unique ID: MH/NAN/2026/3/71,Nanded,VERBATIM_MATCH,Clean district text from source,Nanded,Acute Diarrhoeal Disease,CLEAN,Clean disease text,2026-01-14,2026-01-15,NORMAL,2026,3,1,January,Q1,2026,PARTIAL_YEAR,NOT_FLAGGED
MAHA-2026-W04-001,MH/THA/2026/4/105,2026,4,NCDC weekly outbreaks/2026/week4_1788856484.pdf,14,4,MATCH,Maharashtra,Thane,Thane,Suspected Food Poisoning,Food_Poisoning,80,0,Under Surveillance,19-01-2026,2026-01-19,23-01-2026,2026-01-23,2026-01-19,2026-01-25,TEXT,HIGH,,UNVALIDATED,Official IDSP unique ID: MH/THA/2026/4/105,Thane,VERBATIM_MATCH,Clean district text from source,Thane,Suspected Food Poisoning,CLEAN,Clean disease text,2026-01-19,2026-01-23,NORMAL,2026,4,1,January,Q1,2026,PARTIAL_YEAR,NOT_FLAGGED
MAHA-2026-W05-001,MH/DHA/2026/5/148,2026,5,NCDC weekly outbreaks/2026/week5_1788856507.pdf,14,5,MATCH,Maharashtra,Unknown,,a Dharashiv Measles,Measles,6,0,Under Surveillance,30-01-2026,2026-01-30,30-01-2026,2026-01-30,2026-01-26,2026-02-01,TEXT,MEDIUM,,UNVALIDATED,Official IDSP unique ID: MH/DHA/2026/5/148,Dharashiv,MODERN_NAME_PRESERVED,Preserved modern name Dharashiv; historical census equivalent: Osmanabad,Osmanabad,Measles,BOUNDARY_TRIMMED,Trimmed neighboring state/district prefix from disease string,2026-01-30,2026-01-30,NORMAL,2026,5,1,January,Q1,2026,PARTIAL_YEAR,NOT_FLAGGED
MAHA-2026-W05-002,MH/GAD/2026/5/149,2026,5,NCDC weekly outbreaks/2026/week5_1788856507.pdf,15,5,MATCH,Maharashtra,Gadchiroli,Gadchiroli,Suspected Food Poisoning,Food_Poisoning,107,0,Under Surveillance,28-01-2026,2026-01-28,29-01-2026,2026-01-29,2026-01-26,2026-02-01,TEXT,HIGH,,UNVALIDATED,Official IDSP unique ID: MH/GAD/2026/5/149,Gadchiroli,VERBATIM_MATCH,Clean district text from source,Gadchiroli,Suspected Food Poisoning,CLEAN,Clean disease text,2026-01-28,2026-01-29,NORMAL,2026,5,1,January,Q1,2026,PARTIAL_YEAR,NOT_FLAGGED
MAHA-2026-W06-001,MH/NAN/2026/6/191,2026,6,NCDC weekly outbreaks/2026/week6_1788856531.pdf,15,6,MATCH,Maharashtra,Nanded,Nanded,Hepatitis A,Hepatitis,12,0,Under Surveillance,03-02-2026,2026-02-03,03-02-2026,2026-02-03,2026-02-02,2026-02-08,TEXT,HIGH,,UNVALIDATED,Official IDSP unique ID: MH/NAN/2026/6/191,Nanded,VERBATIM_MATCH,Clean district text from source,Nanded,Hepatitis A,CLEAN,Clean disease text,2026-02-03,2026-02-03,NORMAL,2026,6,2,February,Q1,2026,PARTIAL_YEAR,NOT_FLAGGED
MAHA-2026-W07-001,MH/LAT/2026/7/232,2026,7,NCDC weekly outbreaks/2026/week7_1788856546.pdf,20,7,MATCH,Maharashtra,Latur,Latur,Suspected Food Poisoning,Food_Poisoning,36,0,Under Surveillance,11-02-2026,2026-02-11,12-02-2026,2026-02-12,2026-02-09,2026-02-15,TEXT,HIGH,,UNVALIDATED,Official IDSP unique ID: MH/LAT/2026/7/232,Latur,VERBATIM_MATCH,Clean district text from source,Latur,Suspected Food Poisoning,CLEAN,Clean disease text,2026-02-11,2026-02-12,NORMAL,2026,7,2,February,Q1,2026,PARTIAL_YEAR,NOT_FLAGGED
MAHA-2026-W07-002,MH/PAR/2026/7/233,2026,7,NCDC weekly outbreaks/2026/week7_1788856546.pdf,20,7,MATCH,Maharashtra,Mumbai,Mumbai City,Measles,Measles,10,0,Under Surveillance,11-02-2026,2026-02-11,11-02-2026,2026-02-11,2026-02-09,2026-02-15,TEXT,HIGH,,UNVALIDATED,Official IDSP unique ID: MH/PAR/2026/7/233,Mumbai,VERBATIM_MATCH,Source specifies Mumbai without suburban qualifier,Mumbai,Measles,CLEAN,Clean disease text,2026-02-11,2026-02-11,NORMAL,2026,7,2,February,Q1,2026,PARTIAL_YEAR,UPDATED_OUTBREAK
MAHA-2026-W07-003,MH/PAR/2026/7/234,2026,7,NCDC weekly outbreaks/2026/week7_1788856546.pdf,21,7,MATCH,Maharashtra,Mumbai,Mumbai City,Measles,Measles,5,0,Under Surveillance,11-02-2026,2026-02-11,11-02-2026,2026-02-11,2026-02-09,2026-02-15,TEXT,HIGH,,UNVALIDATED,Official IDSP unique ID: MH/PAR/2026/7/234,Mumbai,VERBATIM_MATCH,Source specifies Mumbai without suburban qualifier,Mumbai,Measles,CLEAN,Clean disease text,2026-02-11,2026-02-11,NORMAL,2026,7,2,February,Q1,2026,PARTIAL_YEAR,UPDATED_OUTBREAK
MAHA-2026-W08-001,MH/NAG/2026/8/274,2026,8,NCDC weekly outbreaks/2026/week8_1788856560.pdf,16,8,MATCH,Maharashtra,Nagpur,Nagpur,Suspected Food Poisoning,Food_Poisoning,90,0,Under Surveillance,19-02-2026,2026-02-19,20-02-2026,2026-02-20,2026-02-16,2026-02-22,TEXT,HIGH,,UNVALIDATED,Official IDSP unique ID: MH/NAG/2026/8/274,Nagpur,VERBATIM_MATCH,Clean district text from source,Nagpur,Suspected Food Poisoning,CLEAN,Clean disease text,2026-02-19,2026-02-20,NORMAL,2026,8,2,February,Q1,2026,PARTIAL_YEAR,NOT_FLAGGED
MAHA-2026-W08-002,MH/NAG/2026/8/275,2026,8,NCDC weekly outbreaks/2026/week8_1788856560.pdf,17,8,MATCH,Maharashtra,Nagpur,Nagpur,Hepatitis A,Hepatitis,5,0,Under Surveillance,18-02-2026,2026-02-18,18-02-2026,2026-02-18,2026-02-16,2026-02-22,TEXT,HIGH,,UNVALIDATED,Official IDSP unique ID: MH/NAG/2026/8/275,Nagpur,VERBATIM_MATCH,Clean district text from source,Nagpur,Hepatitis A,CLEAN,Clean disease text,2026-02-18,2026-02-18,NORMAL,2026,8,2,February,Q1,2026,PARTIAL_YEAR,NOT_FLAGGED
MAHA-2026-W08-003,MH/SAN/2026/8/276,2026,8,NCDC weekly outbreaks/2026/week8_1788856560.pdf,17,8,MATCH,Maharashtra,Sangli,Sangli,Acute Diarrhoeal Disease,Acute_Diarrheal_Disease,63,0,Under Surveillance,20-02-2026,2026-02-20,20-02-2026,2026-02-20,2026-02-16,2026-02-22,TEXT,HIGH,,UNVALIDATED,Official IDSP unique ID: MH/SAN/2026/8/276,Sangli,VERBATIM_MATCH,Clean district text from source,Sangli,Acute Diarrhoeal Disease,CLEAN,Clean disease text,2026-02-20,2026-02-20,NORMAL,2026,8,2,February,Q1,2026,PARTIAL_YEAR,NOT_FLAGGED
MAHA-2026-W09-001,MH/CHH/2026/9/368,2026,9,NCDC weekly outbreaks/2026/week9_1788856576.pdf,35,9,MATCH,Maharashtra,Aurangabad,Aurangabad,a Chhatrapati Sambhajinaga r Measles,Measles,15,0,Under Surveillance,18-02-2026,2026-02-18,24-01-2026,2026-01-24,2026-02-23,2026-03-01,TEXT,HIGH,,UNVALIDATED,Official IDSP unique ID: MH/CHH/2026/9/368,Aurangabad,VERBATIM_MATCH,Clean district text from source,Aurangabad,a Chhatrapati Sambhajinaga r Measles,CLEAN,Clean disease text,2026-02-18,2026-01-24,OUTBREAK_DATE_AFTER_REPORT_DATE,2026,9,2,February,Q1,2026,PARTIAL_YEAR,NOT_FLAGGED
MAHA-2026-W10-001,MH/GAD/2026/10/390,2026,10,NCDC weekly outbreaks/2026/week10_1788856598.pdf,11,10,MATCH,Maharashtra,Gadchiroli,Gadchiroli,Fever,Fever,25,0,Under Surveillance,04-03-2026,2026-03-04,07-03-2026,2026-03-07,2026-03-02,2026-03-08,TEXT,HIGH,,UNVALIDATED,Official IDSP unique ID: MH/GAD/2026/10/390,Gadchiroli,VERBATIM_MATCH,Clean district text from source,Gadchiroli,Fever,CLEAN,Clean disease text,2026-03-04,2026-03-07,NORMAL,2026,10,3,March,Q1,2026,PARTIAL_YEAR,NOT_FLAGGED
MAHA-2026-W10-002,MH/LAT/2026/10/391,2026,10,NCDC weekly outbreaks/2026/week10_1788856598.pdf,12,10,MATCH,Maharashtra,Latur,Latur,Measles,Measles,9,0,Under Surveillance,05-03-2026,2026-03-05,05-03-2026,2026-03-05,2026-03-02,2026-03-08,TEXT,HIGH,,UNVALIDATED,Official IDSP unique ID: MH/LAT/2026/10/391,Latur,VERBATIM_MATCH,Clean district text from source,Latur,Measles,CLEAN,Clean disease text,2026-03-05,2026-03-05,NORMAL,2026,10,3,March,Q1,2026,PARTIAL_YEAR,SEPARATE_OUTBREAK
MAHA-2026-W10-003,MH/LAT/2026/10/392,2026,10,NCDC weekly outbreaks/2026/week10_1788856598.pdf,12,10,MATCH,Maharashtra,Latur,Latur,Measles,Measles,5,0,Under Surveillance,04-03-2026,2026-03-04,04-03-2026,2026-03-04,2026-03-02,2026-03-08,TEXT,HIGH,,UNVALIDATED,Official IDSP unique ID: MH/LAT/2026/10/392,Latur,VERBATIM_MATCH,Clean district text from source,Latur,Measles,CLEAN,Clean disease text,2026-03-04,2026-03-04,NORMAL,2026,10,3,March,Q1,2026,PARTIAL_YEAR,SEPARATE_OUTBREAK
MAHA-2026-W10-004,MH/NAS/2026/10/393,2026,10,NCDC weekly outbreaks/2026/week10_1788856598.pdf,13,10,MATCH,Maharashtra,Nashik,Nashik,Hepatitis A,Hepatitis,37,0,Under Surveillance,06-03-2026,2026-03-06,07-03-2026,2026-03-07,2026-03-02,2026-03-08,TEXT,HIGH,,UNVALIDATED,Official IDSP unique ID: MH/NAS/2026/10/393,Nashik,VERBATIM_MATCH,Clean district text from source,Nashik,Hepatitis A,CLEAN,Clean disease text,2026-03-06,2026-03-07,NORMAL,2026,10,3,March,Q1,2026,PARTIAL_YEAR,NOT_FLAGGED
MAHA-2026-W12-001,MH/KOL/2026/12/467,2026,12,NCDC weekly outbreaks/2026/week12_1788856634.pdf,11,12,MATCH,Maharashtra,Kolhapur,Kolhapur,Suspected Food Poisoning,Food_Poisoning,46,0,Under Control,15-03-2026,2026-03-15,16-03-2026,2026-03-16,2026-03-16,2026-03-22,TEXT,HIGH,,UNVALIDATED,Official IDSP unique ID: MH/KOL/2026/12/467,Kolhapur,VERBATIM_MATCH,Clean district text from source,Kolhapur,Suspected Food Poisoning,CLEAN,Clean disease text,2026-03-15,2026-03-16,NORMAL,2026,12,3,March,Q1,2026,PARTIAL_YEAR,NOT_FLAGGED
MAHA-2026-W12-002,MH/LAT/2026/12/468,2026,12,NCDC weekly outbreaks/2026/week12_1788856634.pdf,11,12,MATCH,Maharashtra,Latur,Latur,Measles,Measles,11,0,Under Surveillance,20-03-2026,2026-03-20,20-03-2026,2026-03-20,2026-03-16,2026-03-22,TEXT,HIGH,,UNVALIDATED,Official IDSP unique ID: MH/LAT/2026/12/468,Latur,VERBATIM_MATCH,Clean district text from source,Latur,Measles,CLEAN,Clean disease text,2026-03-20,2026-03-20,NORMAL,2026,12,3,March,Q1,2026,PARTIAL_YEAR,SEPARATE_OUTBREAK
MAHA-2026-W12-003,MH/PUN/2026/12/469,2026,12,NCDC weekly outbreaks/2026/week12_1788856634.pdf,12,12,MATCH,Maharashtra,Pune,Pune,Acute Diarrhoeal Disease,Acute_Diarrheal_Disease,27,0,Under Surveillance,13-03-2026,2026-03-13,16-03-2026,2026-03-16,2026-03-16,2026-03-22,TEXT,HIGH,,UNVALIDATED,Official IDSP unique ID: MH/PUN/2026/12/469,Pune,VERBATIM_MATCH,Clean district text from source,Pune,Acute Diarrhoeal Disease,CLEAN,Clean disease text,2026-03-13,2026-03-16,NORMAL,2026,12,3,March,Q1,2026,PARTIAL_YEAR,NOT_FLAGGED
MAHA-2026-W12-004,MH/NAS/2026/12/486,2026,12,NCDC weekly outbreaks/2026/week12_1788856634.pdf,20,12,MATCH,Maharashtra,Nashik,Nashik,Fever with Rash,Fever,6,0,Under Surveillance,27-02-2026,2026-02-27,,,2026-03-16,2026-03-22,TEXT,HIGH,,UNVALIDATED,Official IDSP unique ID: MH/NAS/2026/12/486,Nashik,VERBATIM_MATCH,Clean district text from source,Nashik,Fever with Rash,CLEAN,Clean disease text,2026-02-27,,REPORT_DATE_MISSING,2026,12,2,February,Q1,2026,PARTIAL_YEAR,NOT_FLAGGED
MAHA-2026-W13-001,MH/AMR/2026/13/510,2026,13,NCDC weekly outbreaks/2026/week13_1788856653.pdf,12,13,MATCH,Maharashtra,Amravati,Amravati,Dengue,Dengue,11,0,Under Surveillance,27-03-2026,2026-03-27,28-03-2026,2026-03-28,2026-03-23,2026-03-29,TEXT,HIGH,,UNVALIDATED,Official IDSP unique ID: MH/AMR/2026/13/510,Amravati,VERBATIM_MATCH,Clean district text from source,Amravati,Dengue,CLEAN,Clean disease text,2026-03-27,2026-03-28,NORMAL,2026,13,3,March,Q1,2026,PARTIAL_YEAR,NOT_FLAGGED
MAHA-2026-W13-002,MH/GON/2026/13/511,2026,13,NCDC weekly outbreaks/2026/week13_1788856653.pdf,12,13,MATCH,Maharashtra,Gondia,Gondia,Suspected Food Poisoning,Food_Poisoning,52,0,Under Surveillance,26-03-2026,2026-03-26,26-03-2026,2026-03-26,2026-03-23,2026-03-29,TEXT,HIGH,,UNVALIDATED,Official IDSP unique ID: MH/GON/2026/13/511,Gondia,VERBATIM_MATCH,Clean district text from source,Gondia,Suspected Food Poisoning,CLEAN,Clean disease text,2026-03-26,2026-03-26,NORMAL,2026,13,3,March,Q1,2026,PARTIAL_YEAR,NOT_FLAGGED
MAHA-2026-W14-001,MH/RAI/2026/14/550,2026,14,NCDC weekly outbreaks/2026/week14_1788856669.pdf,12,14,MATCH,Maharashtra,Raigad,Raigad,Dengue,Dengue,10,0,Under Surveillance,31-03-2026,2026-03-31,01-04-2026,2026-04-01,2026-03-30,2026-04-05,TEXT,HIGH,,UNVALIDATED,Official IDSP unique ID: MH/RAI/2026/14/550,Raigad,VERBATIM_MATCH,Clean district text from source,Raigad,Dengue,CLEAN,Clean disease text,2026-03-31,2026-04-01,NORMAL,2026,14,3,March,Q1,2026,PARTIAL_YEAR,NOT_FLAGGED
MAHA-2026-W14-002,MH/SIN/2026/14/551,2026,14,NCDC weekly outbreaks/2026/week14_1788856669.pdf,13,14,MATCH,Maharashtra,Sindhudurg,Sindhudurg,Chickenpox,Chickenpox,23,0,Under Surveillance,05-04-2026,2026-04-05,05-04-2026,2026-04-05,2026-03-30,2026-04-05,TEXT,HIGH,,UNVALIDATED,Official IDSP unique ID: MH/SIN/2026/14/551,Sindhudurg,WHITESPACE_ARTIFACT_RESOLVED,Whitespace artifact resolved: Sindhudur g -> Sindhudurg,Sindhudurg,Chickenpox,CLEAN,Clean disease text,2026-04-05,2026-04-05,NORMAL,2026,14,4,April,Q2,2026,PARTIAL_YEAR,NOT_FLAGGED
MAHA-2026-W15-001,MH/DHA/2026/15/601,2026,15,NCDC weekly outbreaks/2026/week15_1788856683.pdf,19,15,MATCH,Maharashtra,Unknown,,Maharash tra Dharashiv Suspected Food Poisoning,Food_Poisoning,31,0,Under Surveillance,08-04-2026,2026-04-08,08-04-2026,2026-04-08,2026-04-06,2026-04-12,TEXT,MEDIUM,,UNVALIDATED,Official IDSP unique ID: MH/DHA/2026/15/601,Dharashiv,MODERN_NAME_PRESERVED,Preserved modern name Dharashiv; historical census equivalent: Osmanabad,Osmanabad,Suspected Food Poisoning,BOUNDARY_TRIMMED,Trimmed neighboring state/district prefix from disease string,2026-04-08,2026-04-08,NORMAL,2026,15,4,April,Q2,2026,PARTIAL_YEAR,NOT_FLAGGED
MAHA-2026-W15-002,MH/NAG/2026/15/602,2026,15,NCDC weekly outbreaks/2026/week15_1788856683.pdf,19,15,MATCH,Maharashtra,Nagpur,Nagpur,Acute Diarrhoeal Disease,Acute_Diarrheal_Disease,56,0,Under Surveillance,07-04-2026,2026-04-07,09-04-2026,2026-04-09,2026-04-06,2026-04-12,TEXT,HIGH,,UNVALIDATED,Official IDSP unique ID: MH/NAG/2026/15/602,Nagpur,VERBATIM_MATCH,Clean district text from source,Nagpur,Acute Diarrhoeal Disease,CLEAN,Clean disease text,2026-04-07,2026-04-09,NORMAL,2026,15,4,April,Q2,2026,PARTIAL_YEAR,NOT_FLAGGED
MAHA-2026-W15-003,MH/NAN/2026/15/603,2026,15,NCDC weekly outbreaks/2026/week15_1788856683.pdf,20,15,MATCH,Maharashtra,Nanded,Nanded,Suspected Food Poisoning,Food_Poisoning,65,0,Under Surveillance,07-04-2026,2026-04-07,08-04-2026,2026-04-08,2026-04-06,2026-04-12,TEXT,HIGH,,UNVALIDATED,Official IDSP unique ID: MH/NAN/2026/15/603,Nanded,VERBATIM_MATCH,Clean district text from source,Nanded,Suspected Food Poisoning,CLEAN,Clean disease text,2026-04-07,2026-04-08,NORMAL,2026,15,4,April,Q2,2026,PARTIAL_YEAR,NOT_FLAGGED
MAHA-2026-W15-004,MH/RAI/2026/15/604,2026,15,NCDC weekly outbreaks/2026/week15_1788856683.pdf,20,15,MATCH,Maharashtra,Mumbai,Mumbai City,Measles,Measles,5,0,Under Surveillance,01-04-2026,2026-04-01,07-04-2026,2026-04-07,2026-04-06,2026-04-12,TEXT,HIGH,,UNVALIDATED,Official IDSP unique ID: MH/RAI/2026/15/604,Mumbai,VERBATIM_MATCH,Source specifies Mumbai without suburban qualifier,Mumbai,Measles,CLEAN,Clean disease text,2026-04-01,2026-04-07,NORMAL,2026,15,4,April,Q2,2026,PARTIAL_YEAR,NOT_FLAGGED
MAHA-2026-W15-005,MH/JAL/2026/15/620,2026,15,NCDC weekly outbreaks/2026/week15_1788856683.pdf,29,15,MATCH,Maharashtra,Jalgaon,Jalgaon,Dengue,Dengue,10,0,Under Surveillance,08-03-2026,2026-03-08,05-01-2026,2026-01-05,2026-04-06,2026-04-12,TEXT,HIGH,,UNVALIDATED,Official IDSP unique ID: MH/JAL/2026/15/620,Jalgaon,VERBATIM_MATCH,Clean district text from source,Jalgaon,Dengue,CLEAN,Clean disease text,2026-03-08,2026-01-05,OUTBREAK_DATE_AFTER_REPORT_DATE,2026,15,3,March,Q1,2026,PARTIAL_YEAR,NOT_FLAGGED
MAHA-2026-W16-001,MH/AMR/2026/16/640,2026,16,NCDC weekly outbreaks/2026/week16_1788856701.pdf,11,16,MATCH,Maharashtra,Amravati,Amravati,Measles,Measles,6,0,Under Surveillance,17-04-2026,2026-04-17,17-04-2026,2026-04-17,2026-04-13,2026-04-19,TEXT,HIGH,,UNVALIDATED,Official IDSP unique ID: MH/AMR/2026/16/640,Amravati,VERBATIM_MATCH,Clean district text from source,Amravati,Measles,CLEAN,Clean disease text,2026-04-17,2026-04-17,NORMAL,2026,16,4,April,Q2,2026,PARTIAL_YEAR,NOT_FLAGGED
MAHA-2026-W16-002,MH/SAT/2026/16/641,2026,16,NCDC weekly outbreaks/2026/week16_1788856701.pdf,11,16,MATCH,Maharashtra,Satara,Satara,Jaundice,Hepatitis,28,0,Under Surveillance,23-03-2026,2026-03-23,17-04-2026,2026-04-17,2026-04-13,2026-04-19,TEXT,HIGH,,UNVALIDATED,Official IDSP unique ID: MH/SAT/2026/16/641,Satara,VERBATIM_MATCH,Clean district text from source,Satara,Jaundice,CLEAN,Clean disease text,2026-03-23,2026-04-17,NORMAL,2026,16,3,March,Q1,2026,PARTIAL_YEAR,NOT_FLAGGED
MAHA-2026-W17-001,MH/CHH/2026/17/675,2026,17,NCDC weekly outbreaks/2026/week17_1788856716.pdf,13,17,MATCH,Maharashtra,Aurangabad,Aurangabad,Maharasht ra Chhatrapati Sambhajinag ar Measles,Measles,6,0,Under Surveillance,21-04-2026,2026-04-21,23-04-2026,2026-04-23,2026-04-20,2026-04-26,TEXT,HIGH,,UNVALIDATED,Official IDSP unique ID: MH/CHH/2026/17/675,Aurangabad,VERBATIM_MATCH,Clean district text from source,Aurangabad,Measles,BOUNDARY_TRIMMED,Trimmed neighboring state/district prefix from disease string,2026-04-21,2026-04-23,NORMAL,2026,17,4,April,Q2,2026,PARTIAL_YEAR,NOT_FLAGGED
MAHA-2026-W17-002,MH/DHU/2026/17/676,2026,17,NCDC weekly outbreaks/2026/week17_1788856716.pdf,13,17,MATCH,Maharashtra,Dhule,Dhule,Chikungunya,Chikungunya,9,0,Under Surveillance,22-04-2026,2026-04-22,22-04-2026,2026-04-22,2026-04-20,2026-04-26,TEXT,HIGH,,UNVALIDATED,Official IDSP unique ID: MH/DHU/2026/17/676,Dhule,VERBATIM_MATCH,Clean district text from source,Dhule,Chikungunya,WHITESPACE_STANDARDIZED,Standardized broken whitespace in Chikungunya,2026-04-22,2026-04-22,NORMAL,2026,17,4,April,Q2,2026,PARTIAL_YEAR,NOT_FLAGGED
MAHA-2026-W20-001,MH/NAG/2026/20/801,2026,20,NCDC weekly outbreaks/2026/week20_1788856772.pdf,17,20,MATCH,Maharashtra,Nagpur,Nagpur,Acute Diarrhoeal Disease,Acute_Diarrheal_Disease,102,0,Under Surveillance,14-05-2026,2026-05-14,14-05-2026,2026-05-14,2026-05-11,2026-05-17,TEXT,HIGH,,UNVALIDATED,Official IDSP unique ID: MH/NAG/2026/20/801,Nagpur,VERBATIM_MATCH,Clean district text from source,Nagpur,Acute Diarrhoeal Disease,CLEAN,Clean disease text,2026-05-14,2026-05-14,NORMAL,2026,20,5,May,Q2,2026,PARTIAL_YEAR,NOT_FLAGGED
MAHA-2026-W20-002,MH/SIN/2026/20/802,2026,20,NCDC weekly outbreaks/2026/week20_1788856772.pdf,17,20,MATCH,Maharashtra,Sindhudurg,Sindhudurg,Acute Diarrhoeal Disease,Acute_Diarrheal_Disease,80,0,Under Surveillance,16-05-2026,2026-05-16,16-05-2026,2026-05-16,2026-05-11,2026-05-17,TEXT,HIGH,,UNVALIDATED,Official IDSP unique ID: MH/SIN/2026/20/802,Sindhudurg,WHITESPACE_ARTIFACT_RESOLVED,Whitespace artifact resolved: Sindhudur g -> Sindhudurg,Sindhudurg,Acute Diarrhoeal Disease,CLEAN,Clean disease text,2026-05-16,2026-05-16,NORMAL,2026,20,5,May,Q2,2026,PARTIAL_YEAR,NOT_FLAGGED
MAHA-2026-W21-001,MH/BUL/2026/21/843,2026,21,NCDC weekly outbreaks/2026/week21_1788856793.pdf,13,21,MATCH,Maharashtra,Buldhana,Buldhana,Acute Gastroenteritis,Gastroenteritis,67,0,Under Surveillance,15-05-2026,2026-05-15,18-05-2026,2026-05-18,2026-05-18,2026-05-24,TEXT,HIGH,,UNVALIDATED,Official IDSP unique ID: MH/BUL/2026/21/843,Buldhana,VERBATIM_MATCH,Clean district text from source,Buldhana,Acute Gastroenteritis,WHITESPACE_STANDARDIZED,Standardized broken whitespace in Acute Gastroenteritis,2026-05-15,2026-05-18,NORMAL,2026,21,5,May,Q2,2026,PARTIAL_YEAR,NOT_FLAGGED
MAHA-2026-W21-002,MH/CHH/2026/21/859,2026,21,NCDC weekly outbreaks/2026/week21_1788856793.pdf,21,21,MATCH,Maharashtra,Aurangabad,Aurangabad,Chhatrapati Sambhajinagar Measles,Measles,39,0,Under Surveillance,18-04-2026,2026-04-18,,,2026-05-18,2026-05-24,TEXT,HIGH,,UNVALIDATED,Official IDSP unique ID: MH/CHH/2026/21/859,Aurangabad,VERBATIM_MATCH,Clean district text from source,Aurangabad,Measles,BOUNDARY_TRIMMED,Trimmed neighboring state/district prefix from disease string,2026-04-18,,REPORT_DATE_MISSING,2026,21,4,April,Q2,2026,PARTIAL_YEAR,NOT_FLAGGED
MAHA-2026-W21-003,MH/SAT/2026/21/860,2026,21,NCDC weekly outbreaks/2026/week21_1788856793.pdf,22,21,MATCH,Maharashtra,Pune,Pune,Hepatitis A,Hepatitis,24,0,Under Surveillance,08-05-2026,2026-05-08,03-04-2026,2026-04-03,2026-05-18,2026-05-24,TEXT,HIGH,,UNVALIDATED,Official IDSP unique ID: MH/SAT/2026/21/860,Pune,VERBATIM_MATCH,Clean district text from source,Pune,Hepatitis A,CLEAN,Clean disease text,2026-05-08,2026-04-03,OUTBREAK_DATE_AFTER_REPORT_DATE,2026,21,5,May,Q2,2026,PARTIAL_YEAR,NOT_FLAGGED
MAHA-2026-W22-001,MH/AMR/2026/22/879,2026,22,NCDC weekly outbreaks/2026/week22_1788856809.pdf,10,22,MATCH,Maharashtra,Amravati,Amravati,Acute Gastroenter itis,Acute Gastroenter itis,72,0,Under Surveillance,22-05-2026,2026-05-22,27-05-2026,2026-05-27,2026-05-25,2026-05-31,TEXT,HIGH,,UNVALIDATED,Official IDSP unique ID: MH/AMR/2026/22/879,Amravati,VERBATIM_MATCH,Clean district text from source,Amravati,Acute Gastroenteritis,WHITESPACE_STANDARDIZED,Standardized broken whitespace in Acute Gastroenteritis,2026-05-22,2026-05-27,NORMAL,2026,22,5,May,Q2,2026,PARTIAL_YEAR,NOT_FLAGGED
MAHA-2026-W22-002,MH/PAR/2026/22/881,2026,22,NCDC weekly outbreaks/2026/week22_1788856809.pdf,11,22,MATCH,Maharashtra,Mumbai,Mumbai City,Measles,Measles,10,0,Under Surveillance,23-05-2026,2026-05-23,25-05-2026,2026-05-25,2026-05-25,2026-05-31,TEXT,HIGH,,UNVALIDATED,Official IDSP unique ID: MH/PAR/2026/22/881,Mumbai,VERBATIM_MATCH,Source specifies Mumbai without suburban qualifier,Mumbai,Measles,CLEAN,Clean disease text,2026-05-23,2026-05-25,NORMAL,2026,22,5,May,Q2,2026,PARTIAL_YEAR,NOT_FLAGGED
MAHA-2026-W22-003,MH/THA/2026/22/882,2026,22,NCDC weekly outbreaks/2026/week22_1788856809.pdf,12,22,MATCH,Maharashtra,Thane,Thane,Suspected Food Poisoning,Food_Poisoning,22,0,Under Surveillance,29-05-2026,2026-05-29,29-05-2026,2026-05-29,2026-05-25,2026-05-31,TEXT,HIGH,,UNVALIDATED,Official IDSP unique ID: MH/THA/2026/22/882,Thane,VERBATIM_MATCH,Clean district text from source,Thane,Suspected Food Poisoning,CLEAN,Clean disease text,2026-05-29,2026-05-29,NORMAL,2026,22,5,May,Q2,2026,PARTIAL_YEAR,NOT_FLAGGED
MAHA-2026-W23-001,MH/AMR/2026/23/919,2026,23,NCDC weekly outbreaks/2026/week23_1788856825.pdf,11,23,MATCH,Maharashtra,Amravati,Amravati,Suspected Food Poisoning,Food_Poisoning,21,0,Under Surveillance,30-05-2026,2026-05-30,01-06-2026,2026-06-01,2026-06-01,2026-06-07,TEXT,HIGH,,UNVALIDATED,Official IDSP unique ID: MH/AMR/2026/23/919,Amravati,VERBATIM_MATCH,Clean district text from source,Amravati,Suspected Food Poisoning,CLEAN,Clean disease text,2026-05-30,2026-06-01,NORMAL,2026,23,5,May,Q2,2026,PARTIAL_YEAR,NOT_FLAGGED
MAHA-2026-W23-002,MH/KOL/2026/23/920,2026,23,NCDC weekly outbreaks/2026/week23_1788856825.pdf,11,23,MATCH,Maharashtra,Kolhapur,Kolhapur,Suspected Typhoid,Typhoid,111,0,Under Surveillance,02-06-2026,2026-06-02,02-06-2026,2026-06-02,2026-06-01,2026-06-07,TEXT,HIGH,,UNVALIDATED,Official IDSP unique ID: MH/KOL/2026/23/920,Kolhapur,VERBATIM_MATCH,Clean district text from source,Kolhapur,Suspected Typhoid,CLEAN,Clean disease text,2026-06-02,2026-06-02,NORMAL,2026,23,6,June,Q2,2026,PARTIAL_YEAR,NOT_FLAGGED
MAHA-2026-W23-003,MH/NAS/2026/23/921,2026,23,NCDC weekly outbreaks/2026/week23_1788856825.pdf,12,23,MATCH,Maharashtra,Nashik,Nashik,Suspected Food Poisoning,Food_Poisoning,12,0,Under Surveillance,02-06-2026,2026-06-02,05-06-2026,2026-06-05,2026-06-01,2026-06-07,TEXT,HIGH,,UNVALIDATED,Official IDSP unique ID: MH/NAS/2026/23/921,Nashik,VERBATIM_MATCH,Clean district text from source,Nashik,Suspected Food Poisoning,CLEAN,Clean disease text,2026-06-02,2026-06-05,NORMAL,2026,23,6,June,Q2,2026,PARTIAL_YEAR,NOT_FLAGGED
MAHA-2026-W24-001,MH/KOL/2026/24/965,2026,24,NCDC weekly outbreaks/2026/week24_1788856872.pdf,19,24,MATCH,Maharashtra,Kolhapur,Kolhapur,Hepatitis A & E,Hepatitis,23,0,Under Surveillance,10-06-2026,2026-06-10,10-06-2026,2026-06-10,2026-06-08,2026-06-14,TEXT,HIGH,,UNVALIDATED,Official IDSP unique ID: MH/KOL/2026/24/965,Kolhapur,VERBATIM_MATCH,Clean district text from source,Kolhapur,Hepatitis A & E,CLEAN,Clean disease text,2026-06-10,2026-06-10,NORMAL,2026,24,6,June,Q2,2026,PARTIAL_YEAR,NOT_FLAGGED
MAHA-2026-W25-001,MH/PAR/2026/25/1003,2026,25,NCDC weekly outbreaks/2026/week25_1788856887.pdf,16,25,MATCH,Maharashtra,Parbhani,Parbhani,Acute Diarrhoeal Disease,Acute_Diarrheal_Disease,73,0,Under Surveillance,16-06-2026,2026-06-16,17-06-2026,2026-06-17,2026-06-15,2026-06-21,TEXT,HIGH,,UNVALIDATED,Official IDSP unique ID: MH/PAR/2026/25/1003,Parbhani,VERBATIM_MATCH,Clean district text from source,Parbhani,Acute Diarrhoeal Disease,CLEAN,Clean disease text,2026-06-16,2026-06-17,NORMAL,2026,25,6,June,Q2,2026,PARTIAL_YEAR,NOT_FLAGGED
MAHA-2026-W25-002,MH/SAT/2026/25/1004,2026,25,NCDC weekly outbreaks/2026/week25_1788856887.pdf,16,25,MATCH,Maharashtra,Satara,Satara,Suspected Food Poisoning,Food_Poisoning,52,0,Under Surveillance,18-06-2026,2026-06-18,19-06-2026,2026-06-19,2026-06-15,2026-06-21,TEXT,HIGH,,UNVALIDATED,Official IDSP unique ID: MH/SAT/2026/25/1004,Satara,VERBATIM_MATCH,Clean district text from source,Satara,Suspected Food Poisoning,CLEAN,Clean disease text,2026-06-18,2026-06-19,NORMAL,2026,25,6,June,Q2,2026,PARTIAL_YEAR,NOT_FLAGGED
MAHA-2026-W26-001,MH/NAS/2026/26/1039,2026,26,NCDC weekly outbreaks/2026/week26_1788856902.pdf,13,26,MATCH,Maharashtra,Nashik,Nashik,Acute Diarrhoeal Disease,Acute_Diarrheal_Disease,48,0,Under Surveillance,21-06-2026,2026-06-21,24-06-2026,2026-06-24,2026-06-22,2026-06-28,TEXT,HIGH,,UNVALIDATED,Official IDSP unique ID: MH/NAS/2026/26/1039,Nashik,VERBATIM_MATCH,Clean district text from source,Nashik,Acute Diarrhoeal Disease,CLEAN,Clean disease text,2026-06-21,2026-06-24,NORMAL,2026,26,6,June,Q2,2026,PARTIAL_YEAR,NOT_FLAGGED
MAHA-2026-W26-002,MH/PUN/2026/26/1040,2026,26,NCDC weekly outbreaks/2026/week26_1788856902.pdf,14,26,MATCH,Maharashtra,Pune,Pune,Dengue,Dengue,25,0,Under Surveillance,25-06-2026,2026-06-25,26-06-2026,2026-06-26,2026-06-22,2026-06-28,TEXT,HIGH,,UNVALIDATED,Official IDSP unique ID: MH/PUN/2026/26/1040,Pune,VERBATIM_MATCH,Clean district text from source,Pune,Dengue,CLEAN,Clean disease text,2026-06-25,2026-06-26,NORMAL,2026,26,6,June,Q2,2026,PARTIAL_YEAR,NOT_FLAGGED
MAHA-2026-W26-003,MH/RAI/2026/26/1041,2026,26,NCDC weekly outbreaks/2026/week26_1788856902.pdf,14,26,MATCH,Maharashtra,Raigad,Raigad,Fever,Fever,21,1,Under Surveillance,23-06-2026,2026-06-23,23-06-2026,2026-06-23,2026-06-22,2026-06-28,TEXT,HIGH,,UNVALIDATED,Official IDSP unique ID: MH/RAI/2026/26/1041,Raigad,VERBATIM_MATCH,Clean district text from source,Raigad,Fever,CLEAN,Clean disease text,2026-06-23,2026-06-23,NORMAL,2026,26,6,June,Q2,2026,PARTIAL_YEAR,NOT_FLAGGED
MAHA-2026-W26-004,MH/SAT/2026/26/1042,2026,26,NCDC weekly outbreaks/2026/week26_1788856902.pdf,15,26,MATCH,Maharashtra,Satara,Satara,Acute Diarrhoeal Disease,Acute_Diarrheal_Disease,106,0,Under Surveillance,25-06-2026,2026-06-25,25-06-2026,2026-06-25,2026-06-22,2026-06-28,TEXT,HIGH,,UNVALIDATED,Official IDSP unique ID: MH/SAT/2026/26/1042,Satara,VERBATIM_MATCH,Clean district text from source,Satara,Acute Diarrhoeal Disease,CLEAN,Clean disease text,2026-06-25,2026-06-25,NORMAL,2026,26,6,June,Q2,2026,PARTIAL_YEAR,NOT_FLAGGED
MAHA-2026-W26-005,MH/SOL/2026/26/1043,2026,26,NCDC weekly outbreaks/2026/week26_1788856902.pdf,15,26,MATCH,Maharashtra,Solapur,Solapur,Suspected Food Poisoning,Food_Poisoning,20,0,Under Surveillance,25-06-2026,2026-06-25,25-06-2026,2026-06-25,2026-06-22,2026-06-28,TEXT,HIGH,,UNVALIDATED,Official IDSP unique ID: MH/SOL/2026/26/1043,Solapur,VERBATIM_MATCH,Clean district text from source,Solapur,Suspected Food Poisoning,CLEAN,Clean disease text,2026-06-25,2026-06-25,NORMAL,2026,26,6,June,Q2,2026,PARTIAL_YEAR,NOT_FLAGGED
MAHA-2026-W26-006,MH/THA/2026/26/1044,2026,26,NCDC weekly outbreaks/2026/week26_1788856902.pdf,15,26,MATCH,Maharashtra,Thane,Thane,Acute Diarrhoeal Disease,Acute_Diarrheal_Disease,30,0,Under Surveillance,21-06-2026,2026-06-21,23-06-2026,2026-06-23,2026-06-22,2026-06-28,TEXT,HIGH,,UNVALIDATED,Official IDSP unique ID: MH/THA/2026/26/1044,Thane,VERBATIM_MATCH,Clean district text from source,Thane,Acute Diarrhoeal Disease,CLEAN,Clean disease text,2026-06-21,2026-06-23,NORMAL,2026,26,6,June,Q2,2026,PARTIAL_YEAR,NOT_FLAGGED
MAHA-2026-W26-007,MH/THA/2026/26/1045,2026,26,NCDC weekly outbreaks/2026/week26_1788856902.pdf,16,26,MATCH,Maharashtra,Thane,Thane,Suspected Food Poisoning,Food_Poisoning,100,0,Under Surveillance,20-06-2026,2026-06-20,22-06-2026,2026-06-22,2026-06-22,2026-06-28,TEXT,HIGH,,UNVALIDATED,Official IDSP unique ID: MH/THA/2026/26/1045,Thane,VERBATIM_MATCH,Clean district text from source,Thane,Suspected Food Poisoning,CLEAN,Clean disease text,2026-06-20,2026-06-22,NORMAL,2026,26,6,June,Q2,2026,PARTIAL_YEAR,NOT_FLAGGED
MAHA-2026-W27-001,MH/PAR/2026/27/1092,2026,27,NCDC weekly outbreaks/2026/week27_1788856919.pdf,19,27,MATCH,Maharashtra,Parbhani,Parbhani,Suspected Food Poisoning,Food_Poisoning,20,0,Under Surveillance,26-06-2026,2026-06-26,29-06-2026,2026-06-29,2026-06-29,2026-07-05,TEXT,HIGH,,UNVALIDATED,Official IDSP unique ID: MH/PAR/2026/27/1092,Parbhani,VERBATIM_MATCH,Clean district text from source,Parbhani,Suspected Food Poisoning,CLEAN,Clean disease text,2026-06-26,2026-06-29,NORMAL,2026,27,6,June,Q2,2026,PARTIAL_YEAR,NOT_FLAGGED
MAHA-2026-W28-001,MH/AMR/2026/28/1126,2026,28,NCDC weekly outbreaks/2026/week28_1788942657.pdf,12,28,MATCH,Maharashtra,Amravati,Amravati,Acute Gastroenteriti s,Acute Gastroenteriti s,24,0,Under Surveillance,11-07-2026,2026-07-11,11-07-2026,2026-07-11,2026-07-06,2026-07-12,TEXT,HIGH,,UNVALIDATED,Official IDSP unique ID: MH/AMR/2026/28/1126,Amravati,VERBATIM_MATCH,Clean district text from source,Amravati,Acute Gastroenteritis,WHITESPACE_STANDARDIZED,Standardized broken whitespace in Acute Gastroenteritis,2026-07-11,2026-07-11,NORMAL,2026,28,7,July,Q3,2026,PARTIAL_YEAR,NOT_FLAGGED
MAHA-2026-W28-002,MH/JAL/2026/28/1127,2026,28,NCDC weekly outbreaks/2026/week28_1788942657.pdf,12,28,MATCH,Maharashtra,Jalna,Jalna,Measles,Measles,6,1,Under Surveillance,03-07-2026,2026-07-03,09-07-2026,2026-07-09,2026-07-06,2026-07-12,TEXT,HIGH,,UNVALIDATED,Official IDSP unique ID: MH/JAL/2026/28/1127,Jalna,VERBATIM_MATCH,Clean district text from source,Jalna,Measles,CLEAN,Clean disease text,2026-07-03,2026-07-09,NORMAL,2026,28,7,July,Q3,2026,PARTIAL_YEAR,NOT_FLAGGED
MAHA-2026-W28-003,MH/NAG/2026/28/1128,2026,28,NCDC weekly outbreaks/2026/week28_1788942657.pdf,13,28,MATCH,Maharashtra,Nagpur,Nagpur,Acute Diarrhoeal Disease,Acute_Diarrheal_Disease,25,0,Under Surveillance,08-07-2026,2026-07-08,08-07-2026,2026-07-08,2026-07-06,2026-07-12,TEXT,HIGH,,UNVALIDATED,Official IDSP unique ID: MH/NAG/2026/28/1128,Nagpur,VERBATIM_MATCH,Clean district text from source,Nagpur,Acute Diarrhoeal Disease,CLEAN,Clean disease text,2026-07-08,2026-07-08,NORMAL,2026,28,7,July,Q3,2026,PARTIAL_YEAR,SEPARATE_OUTBREAK
MAHA-2026-W28-004,MH/RAI/2026/28/1141,2026,28,NCDC weekly outbreaks/2026/week28_1788942657.pdf,18,28,MATCH,Maharashtra,Mumbai,Mumbai City,Hepatitis E,Hepatitis,38,0,Under Surveillance,29-06-2026,2026-06-29,01-07-2026,2026-07-01,2026-07-06,2026-07-12,TEXT,HIGH,,UNVALIDATED,Official IDSP unique ID: MH/RAI/2026/28/1141,Mumbai,VERBATIM_MATCH,Source specifies Mumbai without suburban qualifier,Mumbai,Hepatitis E,CLEAN,Clean disease text,2026-06-29,2026-07-01,NORMAL,2026,28,6,June,Q2,2026,PARTIAL_YEAR,NOT_FLAGGED
MAHA-2026-W29-001,MH/BHA/2026/29/1176,2026,29,NCDC weekly outbreaks/2026/week29_1789533489.pdf,18,29,MATCH,Maharashtra,Bhandara,Bhandara,Suspected Food Poisoning,Food_Poisoning,45,0,Under Surveillance,13-07-2026,2026-07-13,14-07-2026,2026-07-14,2026-07-13,2026-07-19,TEXT,HIGH,,UNVALIDATED,Official IDSP unique ID: MH/BHA/2026/29/1176,Bhandara,VERBATIM_MATCH,Clean district text from source,Bhandara,Suspected Food Poisoning,CLEAN,Clean disease text,2026-07-13,2026-07-14,NORMAL,2026,29,7,July,Q3,2026,PARTIAL_YEAR,NOT_FLAGGED
MAHA-2026-W29-002,MH/NAN/2026/29/1177,2026,29,NCDC weekly outbreaks/2026/week29_1789533489.pdf,18,29,MATCH,Maharashtra,Nandurbar,Nandurbar,Acute Gastroenteri tis,Acute Gastroenteri tis,30,0,Under Surveillance,12-07-2026,2026-07-12,13-07-2026,2026-07-13,2026-07-13,2026-07-19,TEXT,HIGH,,UNVALIDATED,Official IDSP unique ID: MH/NAN/2026/29/1177,Nandurbar,VERBATIM_MATCH,Clean district text from source,Nandurbar,Acute Gastroenteri tis,CLEAN,Clean disease text,2026-07-12,2026-07-13,NORMAL,2026,29,7,July,Q3,2026,PARTIAL_YEAR,NOT_FLAGGED
MAHA-2026-W29-003,MH/RAI/2026/29/1178,2026,29,NCDC weekly outbreaks/2026/week29_1789533489.pdf,19,29,MATCH,Maharashtra,Raigad,Raigad,Malaria,Malaria,65,0,Under Surveillance,18-07-2026,2026-07-18,18-07-2026,2026-07-18,2026-07-13,2026-07-19,TEXT,HIGH,,UNVALIDATED,Official IDSP unique ID: MH/RAI/2026/29/1178,Raigad,VERBATIM_MATCH,Clean district text from source,Raigad,Malaria,CLEAN,Clean disease text,2026-07-18,2026-07-18,NORMAL,2026,29,7,July,Q3,2026,PARTIAL_YEAR,NOT_FLAGGED
MAHA-2026-W30-001,MH/AMR/2026/30/1225,2026,30,NCDC weekly outbreaks/2026/week30_1789731731.pdf,18,30,MATCH,Maharashtra,Amravati,Amravati,Suspected Food Poisoning,Food_Poisoning,45,0,Under Surveillance,13-07-2026,2026-07-13,14-07-2026,2026-07-14,2026-07-20,2026-07-26,TEXT,HIGH,,UNVALIDATED,Official IDSP unique ID: MH/AMR/2026/30/1225,Amravati,VERBATIM_MATCH,Clean district text from source,Amravati,Suspected Food Poisoning,CLEAN,Clean disease text,2026-07-13,2026-07-14,NORMAL,2026,30,7,July,Q3,2026,PARTIAL_YEAR,NOT_FLAGGED
MAHA-2026-W30-002,MH/PAL/2026/30/1226,2026,30,NCDC weekly outbreaks/2026/week30_1789731731.pdf,18,30,MATCH,Maharashtra,Nandurbar,Nandurbar,Dengue,Dengue,30,0,Under Surveillance,12-07-2026,2026-07-12,13-07-2026,2026-07-13,2026-07-20,2026-07-26,TEXT,HIGH,,UNVALIDATED,Official IDSP unique ID: MH/PAL/2026/30/1226,Nandurbar,VERBATIM_MATCH,Clean district text from source,Nandurbar,Dengue,CLEAN,Clean disease text,2026-07-12,2026-07-13,NORMAL,2026,30,7,July,Q3,2026,PARTIAL_YEAR,NOT_FLAGGED
MAHA-2026-W30-003,MH/SAT/2026/30/1227,2026,30,NCDC weekly outbreaks/2026/week30_1789731731.pdf,19,30,MATCH,Maharashtra,Raigad,Raigad,Suspected Food Poisoning,Food_Poisoning,65,0,Under Surveillance,18-07-2026,2026-07-18,18-07-2026,2026-07-18,2026-07-20,2026-07-26,TEXT,HIGH,,UNVALIDATED,Official IDSP unique ID: MH/SAT/2026/30/1227,Raigad,VERBATIM_MATCH,Clean district text from source,Raigad,Suspected Food Poisoning,CLEAN,Clean disease text,2026-07-18,2026-07-18,NORMAL,2026,30,7,July,Q3,2026,PARTIAL_YEAR,NOT_FLAGGED
MAHA-2026-W31-001,MH/CHA/2026/31/1272,2026,31,NCDC weekly outbreaks/2026/week31_1790077762.pdf,15,31,MATCH,Maharashtra,Chandrapur,Chandrapur,Acute Diarrhoeal Disease,Acute_Diarrheal_Disease,30,0,Under Surveillance,28-07-2026,2026-07-28,30-07-2026,2026-07-30,2026-07-27,2026-08-02,TEXT,HIGH,,UNVALIDATED,Official IDSP unique ID: MH/CHA/2026/31/1272,Chandrapur,WHITESPACE_ARTIFACT_RESOLVED,Whitespace artifact resolved: Chandrapu r -> Chandrapur,Chandrapur,Acute Diarrhoeal Disease,CLEAN,Clean disease text,2026-07-28,2026-07-30,NORMAL,2026,31,7,July,Q3,2026,PARTIAL_YEAR,NOT_FLAGGED
MAHA-2026-W31-002,MH/NAG/2026/31/1273,2026,31,NCDC weekly outbreaks/2026/week31_1790077762.pdf,15,31,MATCH,Maharashtra,Nagpur,Nagpur,Acute Diarrhoeal Disease,Acute_Diarrheal_Disease,21,0,Under Surveillance,01-08-2026,2026-08-01,01-08-2026,2026-08-01,2026-07-27,2026-08-02,TEXT,HIGH,,UNVALIDATED,Official IDSP unique ID: MH/NAG/2026/31/1273,Nagpur,VERBATIM_MATCH,Clean district text from source,Nagpur,Acute Diarrhoeal Disease,CLEAN,Clean disease text,2026-08-01,2026-08-01,NORMAL,2026,31,8,August,Q3,2026,PARTIAL_YEAR,SEPARATE_OUTBREAK
MAHA-2026-W31-003,MH/GON/2026/31/1289,2026,31,NCDC weekly outbreaks/2026/week31_1790077762.pdf,22,31,MATCH,Maharashtra,Gondia,Gondia,Human Rabies,Rabies,1,1,Under Control,13-07-2026,2026-07-13,13.07.2026,2026-07-13,2026-07-27,2026-08-02,TEXT,HIGH,,UNVALIDATED,Official IDSP unique ID: MH/GON/2026/31/1289,Gondia,VERBATIM_MATCH,Clean district text from source,Gondia,Human Rabies,CLEAN,Clean disease text,2026-07-13,2026-07-13,NORMAL,2026,31,7,July,Q3,2026,PARTIAL_YEAR,NOT_FLAGGED
MAHA-2026-W32-001,MH/BHA/2026/32/1324,2026,32,NCDC weekly outbreaks/2026/week32_1790680151.pdf,16,32,MATCH,Maharashtra,Bhandara,Bhandara,Acute Diarrhoeal Disease,Acute_Diarrheal_Disease,37,0,Under Surveillance,03-08-2026,2026-08-03,04-08-2026,2026-08-04,2026-08-03,2026-08-09,TEXT,HIGH,,UNVALIDATED,Official IDSP unique ID: MH/BHA/2026/32/1324,Bhandara,VERBATIM_MATCH,Clean district text from source,Bhandara,Acute Diarrhoeal Disease,CLEAN,Clean disease text,2026-08-03,2026-08-04,NORMAL,2026,32,8,August,Q3,2026,PARTIAL_YEAR,NOT_FLAGGED
MAHA-2026-W32-002,MH/GON/2026/32/1325,2026,32,NCDC weekly outbreaks/2026/week32_1790680151.pdf,17,32,MATCH,Maharashtra,Gondia,Gondia,Acute Diarrhoeal Disease,Acute_Diarrheal_Disease,33,0,Under Surveillance,07-08-2026,2026-08-07,09-08-2026,2026-08-09,2026-08-03,2026-08-09,TEXT,HIGH,,UNVALIDATED,Official IDSP unique ID: MH/GON/2026/32/1325,Gondia,VERBATIM_MATCH,Clean district text from source,Gondia,Acute Diarrhoeal Disease,CLEAN,Clean disease text,2026-08-07,2026-08-09,NORMAL,2026,32,8,August,Q3,2026,PARTIAL_YEAR,NOT_FLAGGED
MAHA-2026-W32-003,MH/NAN/2026/32/1326,2026,32,NCDC weekly outbreaks/2026/week32_1790680151.pdf,17,32,MATCH,Maharashtra,Nanded,Nanded,Dengue,Dengue,20,0,Under Surveillance,03-08-2026,2026-08-03,05-08-2026,2026-08-05,2026-08-03,2026-08-09,TEXT,HIGH,,UNVALIDATED,Official IDSP unique ID: MH/NAN/2026/32/1326,Nanded,VERBATIM_MATCH,Clean district text from source,Nanded,Dengue,CLEAN,Clean disease text,2026-08-03,2026-08-05,NORMAL,2026,32,8,August,Q3,2026,PARTIAL_YEAR,NOT_FLAGGED